model,feature_group,candidate,boosting_round,training_mae,validation_mae
xgboost_augmented,augmented,xgboost_01,1,0.11141430065581714,0.13194291594467464
xgboost_augmented,augmented,xgboost_01,2,0.10961345942425199,0.12944687997802204
xgboost_augmented,augmented,xgboost_01,3,0.10811285584713141,0.12715784894513849
xgboost_augmented,augmented,xgboost_01,4,0.10656875798536818,0.12494236418894891
xgboost_augmented,augmented,xgboost_01,5,0.10518877410153478,0.12295435965417219
xgboost_augmented,augmented,xgboost_01,6,0.10398958159056294,0.121171383467236
xgboost_augmented,augmented,xgboost_01,7,0.10276766213015823,0.11939596178917485
xgboost_augmented,augmented,xgboost_01,8,0.10162737797175196,0.11789181574412881
xgboost_augmented,augmented,xgboost_01,9,0.10065692043166688,0.1167594701200142
xgboost_augmented,augmented,xgboost_01,10,0.09968371406664477,0.1153510249622125
xgboost_augmented,augmented,xgboost_01,11,0.09880370108988494,0.11406019876908768
xgboost_augmented,augmented,xgboost_01,12,0.09798121408912806,0.11281757896495533
xgboost_augmented,augmented,xgboost_01,13,0.09720438164902939,0.11182146567486749
xgboost_augmented,augmented,xgboost_01,14,0.09653369177000826,0.11092444355798282
xgboost_augmented,augmented,xgboost_01,15,0.09587626806860977,0.10999851398719586
xgboost_augmented,augmented,xgboost_01,16,0.09526584687651563,0.10907771807253713
xgboost_augmented,augmented,xgboost_01,17,0.09469687991744824,0.108327080950849
xgboost_augmented,augmented,xgboost_01,18,0.09418732024218687,0.10767533985336522
xgboost_augmented,augmented,xgboost_01,19,0.09370155191429165,0.10706517246306978
xgboost_augmented,augmented,xgboost_01,20,0.09325810935263981,0.10647103675401802
xgboost_augmented,augmented,xgboost_01,21,0.09284169407011811,0.10584823345056668
xgboost_augmented,augmented,xgboost_01,22,0.0924502706332416,0.10535849371030155
xgboost_augmented,augmented,xgboost_01,23,0.09209185128038021,0.10489602839487215
xgboost_augmented,augmented,xgboost_01,24,0.09175644526456803,0.10449270493474908
xgboost_augmented,augmented,xgboost_01,25,0.09144378007244322,0.10408363218406341
xgboost_augmented,augmented,xgboost_01,26,0.0911365160120379,0.1037243113341932
xgboost_augmented,augmented,xgboost_01,27,0.09084573775720534,0.10337345956826349
xgboost_augmented,augmented,xgboost_01,28,0.09059084831076726,0.10291019807896755
xgboost_augmented,augmented,xgboost_01,29,0.09034199887025927,0.10254335440349284
xgboost_augmented,augmented,xgboost_01,30,0.09012747119791596,0.10223146914500081
xgboost_augmented,augmented,xgboost_01,31,0.08991082624548179,0.10188624404294563
xgboost_augmented,augmented,xgboost_01,32,0.08968959844694716,0.10165864650798423
xgboost_augmented,augmented,xgboost_01,33,0.0894844612152829,0.10139971606028218
xgboost_augmented,augmented,xgboost_01,34,0.08930526467046215,0.10111170907994149
xgboost_augmented,augmented,xgboost_01,35,0.0891277263307134,0.10084943341933465
xgboost_augmented,augmented,xgboost_01,36,0.08895667169630007,0.10064972392128557
xgboost_augmented,augmented,xgboost_01,37,0.08880464806243327,0.10038352588477206
xgboost_augmented,augmented,xgboost_01,38,0.088681530694457,0.10020946724038696
xgboost_augmented,augmented,xgboost_01,39,0.08853814232358641,0.10001360035546175
xgboost_augmented,augmented,xgboost_01,40,0.08841161739693454,0.09978655848824122
xgboost_augmented,augmented,xgboost_01,41,0.08828256427434024,0.09958652898705347
xgboost_augmented,augmented,xgboost_01,42,0.08815192397013348,0.0994358414879099
xgboost_augmented,augmented,xgboost_01,43,0.08803727989900105,0.09930763922020971
xgboost_augmented,augmented,xgboost_01,44,0.08793491847059169,0.09915183535351424
xgboost_augmented,augmented,xgboost_01,45,0.08784317560328733,0.0989495783384605
xgboost_augmented,augmented,xgboost_01,46,0.08772713426622768,0.09881809235335215
xgboost_augmented,augmented,xgboost_01,47,0.08762736076353385,0.0986996449964884
xgboost_augmented,augmented,xgboost_01,48,0.08752684926554746,0.09857942848903227
xgboost_augmented,augmented,xgboost_01,49,0.08745891853764094,0.09845044738631246
xgboost_augmented,augmented,xgboost_01,50,0.08736457977044564,0.098340752174024
xgboost_augmented,augmented,xgboost_01,51,0.08727753983331593,0.0982478131587883
xgboost_augmented,augmented,xgboost_01,52,0.08721564965305054,0.09811823405646343
xgboost_augmented,augmented,xgboost_01,53,0.08714103642064623,0.09799778952741807
xgboost_augmented,augmented,xgboost_01,54,0.087070226129376,0.09789838508182182
xgboost_augmented,augmented,xgboost_01,55,0.08699902036858713,0.09785442957149382
xgboost_augmented,augmented,xgboost_01,56,0.08692734279867302,0.09775490923985881
xgboost_augmented,augmented,xgboost_01,57,0.08686658829739985,0.09769210792706369
xgboost_augmented,augmented,xgboost_01,58,0.08680868086194422,0.09760048519494031
xgboost_augmented,augmented,xgboost_01,59,0.08675691191919226,0.09751432770037033
xgboost_augmented,augmented,xgboost_01,60,0.08669086903862225,0.0974701575507148
xgboost_augmented,augmented,xgboost_01,61,0.08663380292683717,0.09744609773937783
xgboost_augmented,augmented,xgboost_01,62,0.08659350130126495,0.09740371782037303
xgboost_augmented,augmented,xgboost_01,63,0.08653656232602924,0.09735248792780643
xgboost_augmented,augmented,xgboost_01,64,0.08648862119671492,0.09728611603595877
xgboost_augmented,augmented,xgboost_01,65,0.08643967919386586,0.09726059388846704
xgboost_augmented,augmented,xgboost_01,66,0.08638955786129791,0.09718238072927907
xgboost_augmented,augmented,xgboost_01,67,0.08635202355046014,0.09711676791121263
xgboost_augmented,augmented,xgboost_01,68,0.08631827611931465,0.09706236617565697
xgboost_augmented,augmented,xgboost_01,69,0.0862689025227867,0.0970106651389219
xgboost_augmented,augmented,xgboost_01,70,0.08622354399335079,0.09693815612453184
xgboost_augmented,augmented,xgboost_01,71,0.08618810253670556,0.09691878582523535
xgboost_augmented,augmented,xgboost_01,72,0.08614777546648365,0.0968988261663596
xgboost_augmented,augmented,xgboost_01,73,0.08611140726964382,0.09682766626567563
xgboost_augmented,augmented,xgboost_01,74,0.08607319759281436,0.09678765828899867
xgboost_augmented,augmented,xgboost_01,75,0.08604117901800547,0.09674909657479408
xgboost_augmented,augmented,xgboost_01,76,0.08601076727208834,0.09672525818731101
xgboost_augmented,augmented,xgboost_01,77,0.08597705515080623,0.0966697573449439
xgboost_augmented,augmented,xgboost_01,78,0.08594390820575558,0.09665578615679075
xgboost_augmented,augmented,xgboost_01,79,0.0859154196180615,0.09664156651875283
xgboost_augmented,augmented,xgboost_01,80,0.08588990735765836,0.09662792397501781
xgboost_augmented,augmented,xgboost_01,81,0.08585185739680856,0.09658663758617168
xgboost_augmented,augmented,xgboost_01,82,0.08581338621926164,0.09652947697415898
xgboost_augmented,augmented,xgboost_01,83,0.08577611538191322,0.09648903517980469
xgboost_augmented,augmented,xgboost_01,84,0.08573664691615752,0.09647607954006117
xgboost_augmented,augmented,xgboost_01,85,0.08571156116726233,0.09642705090856939
xgboost_augmented,augmented,xgboost_01,86,0.08568335615245994,0.09641293468118528
xgboost_augmented,augmented,xgboost_01,87,0.0856505931313899,0.09637922929670836
xgboost_augmented,augmented,xgboost_01,88,0.0856288573622016,0.09637132241731758
xgboost_augmented,augmented,xgboost_01,89,0.08560427149041204,0.09635023477135372
xgboost_augmented,augmented,xgboost_01,90,0.08557362287226443,0.09631704821140136
xgboost_augmented,augmented,xgboost_01,91,0.08554839837558796,0.09629386337154312
xgboost_augmented,augmented,xgboost_01,92,0.08552191417406299,0.09626478191401455
xgboost_augmented,augmented,xgboost_01,93,0.08549820197627334,0.09624335412821108
xgboost_augmented,augmented,xgboost_01,94,0.08545138510918279,0.09623109353629769
xgboost_augmented,augmented,xgboost_01,95,0.08542698078501071,0.09619362696467214
xgboost_augmented,augmented,xgboost_01,96,0.08540184894162539,0.09617031354400477
xgboost_augmented,augmented,xgboost_01,97,0.0853816829720799,0.09614549081613104
xgboost_augmented,augmented,xgboost_01,98,0.08534944212496694,0.09610178326614485
xgboost_augmented,augmented,xgboost_01,99,0.08533422022320289,0.09609364965590346
xgboost_augmented,augmented,xgboost_01,100,0.08531662585641964,0.09605523864508601
xgboost_augmented,augmented,xgboost_01,101,0.08529898326086316,0.09604838120464378
xgboost_augmented,augmented,xgboost_01,102,0.08528599004430162,0.09602077967083732
xgboost_augmented,augmented,xgboost_01,103,0.08525870451116922,0.09598449412768419
xgboost_augmented,augmented,xgboost_01,104,0.08523386755939978,0.09590393818675698
xgboost_augmented,augmented,xgboost_01,105,0.08521209011851613,0.09587340569317938
xgboost_augmented,augmented,xgboost_01,106,0.08519340234314393,0.09574069938929429
xgboost_augmented,augmented,xgboost_01,107,0.08517811311711963,0.09572627444220397
xgboost_augmented,augmented,xgboost_01,108,0.08516213418972819,0.09570689923732345
xgboost_augmented,augmented,xgboost_01,109,0.08514724107117222,0.09570396881799272
xgboost_augmented,augmented,xgboost_01,110,0.08513358275597058,0.09568007641191986
xgboost_augmented,augmented,xgboost_01,111,0.08511416065594653,0.09565160198227175
xgboost_augmented,augmented,xgboost_01,112,0.08509457826542999,0.09559318463926438
xgboost_augmented,augmented,xgboost_01,113,0.08508090085146117,0.09557370865071409
xgboost_augmented,augmented,xgboost_01,114,0.08505960284500555,0.09555374015198372
xgboost_augmented,augmented,xgboost_01,115,0.0850438992169915,0.09554738287940202
xgboost_augmented,augmented,xgboost_01,116,0.08502538397876552,0.0955358622836365
xgboost_augmented,augmented,xgboost_01,117,0.08500844969935144,0.09547274106034606
xgboost_augmented,augmented,xgboost_01,118,0.08498440588066783,0.0954343353963908
xgboost_augmented,augmented,xgboost_01,119,0.08497081929991208,0.09541982091283321
xgboost_augmented,augmented,xgboost_01,120,0.08495231936339027,0.09539199214747587
xgboost_augmented,augmented,xgboost_01,121,0.08494156681187705,0.09538641790343531
xgboost_augmented,augmented,xgboost_01,122,0.08492880287606817,0.09536630775805059
xgboost_augmented,augmented,xgboost_01,123,0.08491564850918593,0.09534990312480192
xgboost_augmented,augmented,xgboost_01,124,0.08488186922133291,0.09534557756570065
xgboost_augmented,augmented,xgboost_01,125,0.0848708648678092,0.09532437098022865
xgboost_augmented,augmented,xgboost_01,126,0.08485313205998656,0.09530864429452916
xgboost_augmented,augmented,xgboost_01,127,0.08483787261579105,0.09525332000366826
xgboost_augmented,augmented,xgboost_01,128,0.08483007526219023,0.0952452607620856
xgboost_augmented,augmented,xgboost_01,129,0.0848197253652021,0.0952265888121822
xgboost_augmented,augmented,xgboost_01,130,0.08478622765878088,0.09521940438449683
xgboost_augmented,augmented,xgboost_01,131,0.08476907820527987,0.09519545074368264
xgboost_augmented,augmented,xgboost_01,132,0.08475603640833398,0.09518357545041127
xgboost_augmented,augmented,xgboost_01,133,0.08474570981027696,0.09518817847644513
xgboost_augmented,augmented,xgboost_01,134,0.08473158672247579,0.09517965180006319
xgboost_augmented,augmented,xgboost_01,135,0.08471755066173647,0.09514892524451034
xgboost_augmented,augmented,xgboost_01,136,0.08470528596607661,0.09512708164756042
xgboost_augmented,augmented,xgboost_01,137,0.08469487254619464,0.09505332730858937
xgboost_augmented,augmented,xgboost_01,138,0.08468051515339961,0.09502668577642641
xgboost_augmented,augmented,xgboost_01,139,0.08466494729410222,0.09500070825444307
xgboost_augmented,augmented,xgboost_01,140,0.0846505060242103,0.09500134748885972
xgboost_augmented,augmented,xgboost_01,141,0.0846349788250492,0.09496963296077071
xgboost_augmented,augmented,xgboost_01,142,0.08462114870171358,0.09495563426381334
xgboost_augmented,augmented,xgboost_01,143,0.0846033448143373,0.09493935158079334
xgboost_augmented,augmented,xgboost_01,144,0.08459661370766754,0.09493437884188662
xgboost_augmented,augmented,xgboost_01,145,0.08458935054816463,0.09494888976588393
xgboost_augmented,augmented,xgboost_01,146,0.08457971487669685,0.09493653241846836
xgboost_augmented,augmented,xgboost_01,147,0.08456496304908408,0.09493559260605293
xgboost_augmented,augmented,xgboost_01,148,0.08455511126208788,0.09492088812867851
xgboost_augmented,augmented,xgboost_01,149,0.08454170412975542,0.09491540314392738
xgboost_augmented,augmented,xgboost_01,150,0.08452263508175027,0.09488741199886241
xgboost_augmented,augmented,xgboost_01,151,0.08451330170574395,0.0948777675309237
xgboost_augmented,augmented,xgboost_01,152,0.0845026237819149,0.09490807124835146
xgboost_augmented,augmented,xgboost_01,153,0.08449770760844495,0.09490145231010552
xgboost_augmented,augmented,xgboost_01,154,0.08449792496201523,0.09489989994819127
xgboost_augmented,augmented,xgboost_01,155,0.08448434498088944,0.09486566832784786
xgboost_augmented,augmented,xgboost_01,156,0.08447627318596394,0.09486669617826524
xgboost_augmented,augmented,xgboost_01,157,0.08446798892002969,0.09485565181603453
xgboost_augmented,augmented,xgboost_01,158,0.08445546265067592,0.09480200665188696
xgboost_augmented,augmented,xgboost_01,159,0.08444993910764038,0.09479798214365415
xgboost_augmented,augmented,xgboost_01,160,0.0844446506579551,0.09479911688881702
xgboost_augmented,augmented,xgboost_01,161,0.08443044771536905,0.09478022499008212
xgboost_augmented,augmented,xgboost_01,162,0.0844208884712301,0.09477304163700936
xgboost_augmented,augmented,xgboost_01,163,0.08441322590075746,0.09478004768150806
xgboost_augmented,augmented,xgboost_01,164,0.08440652279369591,0.09477935585137298
xgboost_augmented,augmented,xgboost_01,165,0.08439981325083283,0.09477075739382698
xgboost_augmented,augmented,xgboost_01,166,0.08439246702937256,0.09475068954407652
xgboost_augmented,augmented,xgboost_01,167,0.08438647227703314,0.09473582604221287
xgboost_augmented,augmented,xgboost_01,168,0.08437495840294829,0.0947269956611507
xgboost_augmented,augmented,xgboost_01,169,0.08435899071308908,0.09472077188662094
xgboost_augmented,augmented,xgboost_01,170,0.08435113311851884,0.09472183401357026
xgboost_augmented,augmented,xgboost_01,171,0.08434695892762475,0.0947177623186613
xgboost_augmented,augmented,xgboost_01,172,0.08434117238492021,0.09473269294720729
xgboost_augmented,augmented,xgboost_01,173,0.08433679185255852,0.09472799533194586
xgboost_augmented,augmented,xgboost_01,174,0.08433172047173002,0.09472313366500895
xgboost_augmented,augmented,xgboost_01,175,0.08432199447421299,0.09472845248972776
xgboost_augmented,augmented,xgboost_01,176,0.08431173215012056,0.09473909838830905
xgboost_augmented,augmented,xgboost_01,177,0.08430427672006481,0.09473118323908972
xgboost_augmented,augmented,xgboost_01,178,0.08429010146628248,0.09470755508404462
xgboost_augmented,augmented,xgboost_01,179,0.0842731520773406,0.09471641799457836
xgboost_augmented,augmented,xgboost_01,180,0.08426694682565085,0.09473204765386598
xgboost_augmented,augmented,xgboost_01,181,0.08426070720779623,0.09472289678476062
xgboost_augmented,augmented,xgboost_01,182,0.08425470883811148,0.0947148169374936
xgboost_augmented,augmented,xgboost_01,183,0.08424400479394598,0.09470912631837279
xgboost_augmented,augmented,xgboost_01,184,0.08424189062289307,0.09470284740927082
xgboost_augmented,augmented,xgboost_01,185,0.08423678640903731,0.09468039461967019
xgboost_augmented,augmented,xgboost_01,186,0.0842332854380853,0.09467517756736002
xgboost_augmented,augmented,xgboost_01,187,0.08422855170371926,0.09469474122973241
xgboost_augmented,augmented,xgboost_01,188,0.08421434244013792,0.09466510886763448
xgboost_augmented,augmented,xgboost_01,189,0.08421303242625071,0.09466191305446583
xgboost_augmented,augmented,xgboost_01,190,0.08420183226830791,0.09464738036667973
xgboost_augmented,augmented,xgboost_01,191,0.08419711892248147,0.09465032358997214
xgboost_augmented,augmented,xgboost_01,192,0.08418694056534479,0.09465563494781315
xgboost_augmented,augmented,xgboost_01,193,0.08417921076263749,0.09466303840692275
xgboost_augmented,augmented,xgboost_01,194,0.0841713469506835,0.09464032461520483
xgboost_augmented,augmented,xgboost_01,195,0.08416135545622795,0.09462682538633112
xgboost_augmented,augmented,xgboost_01,196,0.08415976458549747,0.09462646614792253
xgboost_augmented,augmented,xgboost_01,197,0.08414842365698628,0.09460549472973727
xgboost_augmented,augmented,xgboost_01,198,0.08414427884409784,0.09462375769852742
xgboost_augmented,augmented,xgboost_01,199,0.08414314067340338,0.09464389818930753
xgboost_augmented,augmented,xgboost_01,200,0.08413426701325455,0.09463945857346608
xgboost_augmented,augmented,xgboost_01,201,0.08412705803310067,0.0946371021027016
xgboost_augmented,augmented,xgboost_01,202,0.084121974218257,0.09464306156628004
xgboost_augmented,augmented,xgboost_01,203,0.08410505374529702,0.09464877444512612
xgboost_augmented,augmented,xgboost_01,204,0.08409999207166181,0.09464660443795318
xgboost_augmented,augmented,xgboost_01,205,0.08409618025526609,0.09464439555191768
xgboost_augmented,augmented,xgboost_01,206,0.08409128423458415,0.0946315627094814
xgboost_augmented,augmented,xgboost_01,207,0.0840938062392338,0.09462922689191389
xgboost_augmented,augmented,xgboost_01,208,0.08409215656924783,0.09462659177129046
xgboost_augmented,augmented,xgboost_01,209,0.08409027618368665,0.09462645052542198
xgboost_augmented,augmented,xgboost_01,210,0.08408378303676214,0.09461186240683062
xgboost_augmented,augmented,xgboost_01,211,0.08407780491008537,0.0946076524181038
xgboost_augmented,augmented,xgboost_01,212,0.08407487088786526,0.09460652790821238
xgboost_augmented,augmented,xgboost_01,213,0.08406976010871613,0.09462203534247537
xgboost_augmented,augmented,xgboost_01,214,0.084062951928432,0.09464349813856107
xgboost_augmented,augmented,xgboost_01,215,0.08405796637204338,0.09464291996099551
xgboost_augmented,augmented,xgboost_01,216,0.08405321458901886,0.09464371941912493
xgboost_augmented,augmented,xgboost_01,217,0.08404387181545007,0.09464714615052293
xgboost_augmented,augmented,xgboost_01,218,0.08403743052601943,0.09464134206825627
xgboost_augmented,augmented,xgboost_01,219,0.08403213767674136,0.0946385334037131
xgboost_augmented,augmented,xgboost_01,220,0.08403193143051933,0.09463655382887719
xgboost_augmented,augmented,xgboost_01,221,0.08402701592590496,0.09462666397793691
xgboost_augmented,augmented,xgboost_01,222,0.08402412373063198,0.09463238731657977
xgboost_augmented,augmented,xgboost_01,223,0.08401444642015025,0.09461981303970331
xgboost_augmented,augmented,xgboost_01,224,0.08400705564823126,0.09462264526887638
xgboost_augmented,augmented,xgboost_01,225,0.08400022796616932,0.09462195417336916
xgboost_augmented,augmented,xgboost_01,226,0.08399620014550044,0.09461139591488732
xgboost_augmented,augmented,xgboost_01,227,0.08399336139707338,0.09461899421535465
xgboost_augmented,augmented,xgboost_02,1,0.11162901340976458,0.1320728649069233
xgboost_augmented,augmented,xgboost_02,2,0.10979211228517614,0.1295149917717432
xgboost_augmented,augmented,xgboost_02,3,0.10810440218820785,0.1271445371217094
xgboost_augmented,augmented,xgboost_02,4,0.10655460238744179,0.1250307745765205
xgboost_augmented,augmented,xgboost_02,5,0.10514236008584027,0.1229845402620132
xgboost_augmented,augmented,xgboost_02,6,0.10395268021738349,0.12117249872858904
xgboost_augmented,augmented,xgboost_02,7,0.102732169642865,0.11942133348250128
xgboost_augmented,augmented,xgboost_02,8,0.10159821302131307,0.11786740338024886
xgboost_augmented,augmented,xgboost_02,9,0.10055572250623296,0.11651212671416367
xgboost_augmented,augmented,xgboost_02,10,0.09961572886296938,0.11510429866306071
xgboost_augmented,augmented,xgboost_02,11,0.09877298098417757,0.1141219660363964
xgboost_augmented,augmented,xgboost_02,12,0.09800155176692756,0.11312151117896445
xgboost_augmented,augmented,xgboost_02,13,0.09723601811614398,0.11195810876063614
xgboost_augmented,augmented,xgboost_02,14,0.09652829289739923,0.11091214430095098
xgboost_augmented,augmented,xgboost_02,15,0.09586666936027577,0.11005172876372626
xgboost_augmented,augmented,xgboost_02,16,0.09527041196757878,0.10914280352897632
xgboost_augmented,augmented,xgboost_02,17,0.0947103958914776,0.10836274460181725
xgboost_augmented,augmented,xgboost_02,18,0.09419640705366564,0.10773677993824046
xgboost_augmented,augmented,xgboost_02,19,0.09371026306486173,0.10711835234878898
xgboost_augmented,augmented,xgboost_02,20,0.09326094322112345,0.10655421180218591
xgboost_augmented,augmented,xgboost_02,21,0.09283402365198265,0.10602699409478814
xgboost_augmented,augmented,xgboost_02,22,0.09243629864174155,0.10554125720201551
xgboost_augmented,augmented,xgboost_02,23,0.0920947423036663,0.10496416351014415
xgboost_augmented,augmented,xgboost_02,24,0.09174763867890433,0.10454887136223259
xgboost_augmented,augmented,xgboost_02,25,0.09152479777589358,0.10410531100624341
xgboost_augmented,augmented,xgboost_02,26,0.09120709698069558,0.10372175602925579
xgboost_augmented,augmented,xgboost_02,27,0.0909191069945015,0.10337179833199482
xgboost_augmented,augmented,xgboost_02,28,0.09064566572311174,0.10303345774818773
xgboost_augmented,augmented,xgboost_02,29,0.09038911661658645,0.10272735712588683
xgboost_augmented,augmented,xgboost_02,30,0.09015551427115226,0.10235120914400081
xgboost_augmented,augmented,xgboost_02,31,0.09000000580240679,0.10207316350617565
xgboost_augmented,augmented,xgboost_02,32,0.08977932080711591,0.10181093058937618
xgboost_augmented,augmented,xgboost_02,33,0.08957084325069598,0.10154230782815073
xgboost_augmented,augmented,xgboost_02,34,0.08938679626084334,0.10126196517903538
xgboost_augmented,augmented,xgboost_02,35,0.08920023794154829,0.10103855310525679
xgboost_augmented,augmented,xgboost_02,36,0.08904070437582608,0.10073809272440787
xgboost_augmented,augmented,xgboost_02,37,0.08887841706062503,0.10054292848293851
xgboost_augmented,augmented,xgboost_02,38,0.08871442410559272,0.10033077303521253
xgboost_augmented,augmented,xgboost_02,39,0.08856143728085779,0.10013292302617091
xgboost_augmented,augmented,xgboost_02,40,0.08842140157826725,0.09992010418969026
xgboost_augmented,augmented,xgboost_02,41,0.08829590359068654,0.09973100310163681
xgboost_augmented,augmented,xgboost_02,42,0.0881722588129555,0.09951694428530616
xgboost_augmented,augmented,xgboost_02,43,0.08804712487475062,0.09938959797638947
xgboost_augmented,augmented,xgboost_02,44,0.0879472982367075,0.09922102066542944
xgboost_augmented,augmented,xgboost_02,45,0.0878298459869721,0.09909027109822958
xgboost_augmented,augmented,xgboost_02,46,0.08773218418851617,0.09891329728869747
xgboost_augmented,augmented,xgboost_02,47,0.08763277250985249,0.09880399533936965
xgboost_augmented,augmented,xgboost_02,48,0.08754851994316398,0.0986890394857655
xgboost_augmented,augmented,xgboost_02,49,0.08746709498842387,0.09856346378967654
xgboost_augmented,augmented,xgboost_02,50,0.08738044352115147,0.09846501701986193
xgboost_augmented,augmented,xgboost_02,51,0.0873112286294556,0.09833301486479296
xgboost_augmented,augmented,xgboost_02,52,0.0872385789144166,0.09825465034995354
xgboost_augmented,augmented,xgboost_02,53,0.08717420989924562,0.09817287841803503
xgboost_augmented,augmented,xgboost_02,54,0.0870994235126904,0.09810367527722846
xgboost_augmented,augmented,xgboost_02,55,0.08702730165546657,0.09802685784927419
xgboost_augmented,augmented,xgboost_02,56,0.08696873674387495,0.09791992136426064
xgboost_augmented,augmented,xgboost_02,57,0.08691652498793777,0.09787202721015612
xgboost_augmented,augmented,xgboost_02,58,0.08685520989804939,0.0977965406913033
xgboost_augmented,augmented,xgboost_02,59,0.0867946956549038,0.09770373774155611
xgboost_augmented,augmented,xgboost_02,60,0.0867486473647566,0.09764552892479474
xgboost_augmented,augmented,xgboost_02,61,0.08669861985114707,0.0975637555033117
xgboost_augmented,augmented,xgboost_02,62,0.08663346658648782,0.09752120097831087
xgboost_augmented,augmented,xgboost_02,63,0.08657667536778932,0.09746268069990123
xgboost_augmented,augmented,xgboost_02,64,0.08652930032563326,0.09741681033294351
xgboost_augmented,augmented,xgboost_02,65,0.08647470786131614,0.09733035349996523
xgboost_augmented,augmented,xgboost_02,66,0.0864293482952233,0.09730885079891986
xgboost_augmented,augmented,xgboost_02,67,0.08638873928440502,0.09725220716445696
xgboost_augmented,augmented,xgboost_02,68,0.08635126417532177,0.0971960403108642
xgboost_augmented,augmented,xgboost_02,69,0.0863115556252579,0.09716328360184953
xgboost_augmented,augmented,xgboost_02,70,0.08626207414815558,0.09710596034561304
xgboost_augmented,augmented,xgboost_02,71,0.08621708893782128,0.09704597383589134
xgboost_augmented,augmented,xgboost_02,72,0.08618467182363738,0.0969846133095824
xgboost_augmented,augmented,xgboost_02,73,0.08615310138676746,0.09695621410031
xgboost_augmented,augmented,xgboost_02,74,0.08612042465769823,0.09692542202823864
xgboost_augmented,augmented,xgboost_02,75,0.08607682604464427,0.09687868474626271
xgboost_augmented,augmented,xgboost_02,76,0.08602836157492315,0.09685068452515902
xgboost_augmented,augmented,xgboost_02,77,0.08599129836691885,0.0968062603808082
xgboost_augmented,augmented,xgboost_02,78,0.08596328011759596,0.09677128996128392
xgboost_augmented,augmented,xgboost_02,79,0.08593557772712437,0.09671641277119984
xgboost_augmented,augmented,xgboost_02,80,0.085902324349563,0.09670996295707168
xgboost_augmented,augmented,xgboost_02,81,0.08587153659849896,0.0966592233494899
xgboost_augmented,augmented,xgboost_02,82,0.08584073828709414,0.0966379242256055
xgboost_augmented,augmented,xgboost_02,83,0.08581450877278299,0.09663462560628397
xgboost_augmented,augmented,xgboost_02,84,0.08578473923066884,0.09662154193344276
xgboost_augmented,augmented,xgboost_02,85,0.0857529489029048,0.0965786126661263
xgboost_augmented,augmented,xgboost_02,86,0.08572517594874039,0.09656780677399893
xgboost_augmented,augmented,xgboost_02,87,0.08570169877252828,0.09652947102831184
xgboost_augmented,augmented,xgboost_02,88,0.08567419164521616,0.09649875604164325
xgboost_augmented,augmented,xgboost_02,89,0.08564063107296005,0.09646630168802557
xgboost_augmented,augmented,xgboost_02,90,0.08561109694312588,0.09643629192741836
xgboost_augmented,augmented,xgboost_02,91,0.08558117741136476,0.09639489616940959
xgboost_augmented,augmented,xgboost_02,92,0.08556003577567797,0.09635231502981964
xgboost_augmented,augmented,xgboost_02,93,0.0855370057129658,0.09633189531012834
xgboost_augmented,augmented,xgboost_02,94,0.08550745061640781,0.09631742157534955
xgboost_augmented,augmented,xgboost_02,95,0.0854845547018233,0.0962776136597743
xgboost_augmented,augmented,xgboost_02,96,0.0854575213941454,0.09625128368641601
xgboost_augmented,augmented,xgboost_02,97,0.08543243224138737,0.0962352377862372
xgboost_augmented,augmented,xgboost_02,98,0.08540760695447626,0.09621384517494165
xgboost_augmented,augmented,xgboost_02,99,0.08538135087835867,0.09613103453829125
xgboost_augmented,augmented,xgboost_02,100,0.08536144349691223,0.0960969270950015
xgboost_augmented,augmented,xgboost_02,101,0.08533915794242349,0.09607230291998588
xgboost_augmented,augmented,xgboost_02,102,0.08531305513700461,0.09603477816031873
xgboost_augmented,augmented,xgboost_02,103,0.08529691472594804,0.09601804814936396
xgboost_augmented,augmented,xgboost_02,104,0.08527112330013048,0.09598427556010347
xgboost_augmented,augmented,xgboost_02,105,0.08524974203800637,0.09589458444703715
xgboost_augmented,augmented,xgboost_02,106,0.08522715525582969,0.0958855094263767
xgboost_augmented,augmented,xgboost_02,107,0.08521238767739907,0.09586012005634974
xgboost_augmented,augmented,xgboost_02,108,0.08519141577274059,0.09583441017897365
xgboost_augmented,augmented,xgboost_02,109,0.08517720184907812,0.09581833845336651
xgboost_augmented,augmented,xgboost_02,110,0.08515751970906955,0.09578928320625638
xgboost_augmented,augmented,xgboost_02,111,0.08513768230118464,0.09578016115161207
xgboost_augmented,augmented,xgboost_02,112,0.08511754911886428,0.09574055293584206
xgboost_augmented,augmented,xgboost_02,113,0.08510083991170306,0.0957149102093434
xgboost_augmented,augmented,xgboost_02,114,0.08508752416588067,0.09568877832299387
xgboost_augmented,augmented,xgboost_02,115,0.08507361672327837,0.09569150339303066
xgboost_augmented,augmented,xgboost_02,116,0.08505624684698267,0.09565982888523539
xgboost_augmented,augmented,xgboost_02,117,0.08503970735809015,0.09566152924018627
xgboost_augmented,augmented,xgboost_02,118,0.08502571250013105,0.09564318340499872
xgboost_augmented,augmented,xgboost_02,119,0.08500687079706135,0.09557494353204625
xgboost_augmented,augmented,xgboost_02,120,0.08498499816881283,0.09553878690066088
xgboost_augmented,augmented,xgboost_02,121,0.08496985765864268,0.09551301861147005
xgboost_augmented,augmented,xgboost_02,122,0.08495711776498124,0.0955084219976341
xgboost_augmented,augmented,xgboost_02,123,0.08494021459836622,0.095435990069399
xgboost_augmented,augmented,xgboost_02,124,0.08492265638267682,0.09541080335812283
xgboost_augmented,augmented,xgboost_02,125,0.08491235235047603,0.09542346972674291
xgboost_augmented,augmented,xgboost_02,126,0.08489747639709692,0.09540317563718916
xgboost_augmented,augmented,xgboost_02,127,0.08488367712772717,0.09538445966364634
xgboost_augmented,augmented,xgboost_02,128,0.08486376723739517,0.09534856726824516
xgboost_augmented,augmented,xgboost_02,129,0.08485353084143274,0.09533326113567725
xgboost_augmented,augmented,xgboost_02,130,0.08483732655620221,0.09531761108896247
xgboost_augmented,augmented,xgboost_02,131,0.08482447020751827,0.09532874247601045
xgboost_augmented,augmented,xgboost_02,132,0.08481651809841108,0.09532029095406322
xgboost_augmented,augmented,xgboost_02,133,0.08480466203999186,0.09531869378674518
xgboost_augmented,augmented,xgboost_02,134,0.08479047827273055,0.09529155821534824
xgboost_augmented,augmented,xgboost_02,135,0.08477234272684356,0.0952582707283107
xgboost_augmented,augmented,xgboost_02,136,0.08475916029890242,0.09524377494955656
xgboost_augmented,augmented,xgboost_02,137,0.08474775612014343,0.09521489113800931
xgboost_augmented,augmented,xgboost_02,138,0.0847363535367853,0.09521767148101919
xgboost_augmented,augmented,xgboost_02,139,0.08472188432912707,0.0951830859306429
xgboost_augmented,augmented,xgboost_02,140,0.08471346573095381,0.09517637744865863
xgboost_augmented,augmented,xgboost_02,141,0.08470173679340531,0.09515874935026977
xgboost_augmented,augmented,xgboost_02,142,0.0846929800241817,0.09514319288486314
xgboost_augmented,augmented,xgboost_02,143,0.08468107954669149,0.09513205111599422
xgboost_augmented,augmented,xgboost_02,144,0.08467169753808879,0.09513516012661441
xgboost_augmented,augmented,xgboost_02,145,0.0846628355512545,0.09513732647067714
xgboost_augmented,augmented,xgboost_02,146,0.08464668943208455,0.09510671201268975
xgboost_augmented,augmented,xgboost_02,147,0.08463341899621774,0.09509131780275587
xgboost_augmented,augmented,xgboost_02,148,0.08462403990583083,0.09509017274459641
xgboost_augmented,augmented,xgboost_02,149,0.08461205767258664,0.09508484426879826
xgboost_augmented,augmented,xgboost_02,150,0.08460507930692426,0.09507226074212977
xgboost_augmented,augmented,xgboost_02,151,0.08458744595978743,0.09505673693381435
xgboost_augmented,augmented,xgboost_02,152,0.0845800533590633,0.09505767147847173
xgboost_augmented,augmented,xgboost_02,153,0.08456742339148382,0.09504038719594507
xgboost_augmented,augmented,xgboost_02,154,0.08455945426020353,0.09503091389015227
xgboost_augmented,augmented,xgboost_02,155,0.08454939319796567,0.09495458243770039
xgboost_augmented,augmented,xgboost_02,156,0.08454045674480795,0.09494476076473754
xgboost_augmented,augmented,xgboost_02,157,0.08450972849459659,0.09493970380237769
xgboost_augmented,augmented,xgboost_02,158,0.08450190664555166,0.09493410311913102
xgboost_augmented,augmented,xgboost_02,159,0.08449163798571818,0.09493060980149105
xgboost_augmented,augmented,xgboost_02,160,0.08447956556148387,0.09490038861787235
xgboost_augmented,augmented,xgboost_02,161,0.08447162078526205,0.09489173158854827
xgboost_augmented,augmented,xgboost_02,162,0.08446174587625377,0.09487733962637372
xgboost_augmented,augmented,xgboost_02,163,0.08445278565639336,0.09486077621021054
xgboost_augmented,augmented,xgboost_02,164,0.08444510199304545,0.09484966396936952
xgboost_augmented,augmented,xgboost_02,165,0.08443839841676784,0.094863036912582
xgboost_augmented,augmented,xgboost_02,166,0.08443109945414089,0.09485293819165005
xgboost_augmented,augmented,xgboost_02,167,0.0844253377252083,0.09484511338423064
xgboost_augmented,augmented,xgboost_02,168,0.0844141442916024,0.09483792545891438
xgboost_augmented,augmented,xgboost_02,169,0.08440724778118273,0.09483030354780887
xgboost_augmented,augmented,xgboost_02,170,0.08439949916655841,0.09481740291489256
xgboost_augmented,augmented,xgboost_02,171,0.0843932488295301,0.09479644219895635
xgboost_augmented,augmented,xgboost_02,172,0.08438818412320388,0.09478655492974404
xgboost_augmented,augmented,xgboost_02,173,0.08438096048970783,0.0947827394685156
xgboost_augmented,augmented,xgboost_02,174,0.08437308351487689,0.09476427108311151
xgboost_augmented,augmented,xgboost_02,175,0.08436636287191805,0.09476909868475333
xgboost_augmented,augmented,xgboost_02,176,0.0843577686044188,0.09470108651158297
xgboost_augmented,augmented,xgboost_02,177,0.08435219934248867,0.0946979752435492
xgboost_augmented,augmented,xgboost_02,178,0.08434750924374243,0.09470657687742041
xgboost_augmented,augmented,xgboost_02,179,0.08433910302297867,0.0946792150950537
xgboost_augmented,augmented,xgboost_02,180,0.08433106862239509,0.09468644401623942
xgboost_augmented,augmented,xgboost_02,181,0.08432473520592516,0.09468828603175997
xgboost_augmented,augmented,xgboost_02,182,0.08431782872659001,0.09467660307458985
xgboost_augmented,augmented,xgboost_02,183,0.08431035121184118,0.09466115473160967
xgboost_augmented,augmented,xgboost_02,184,0.08430243671353761,0.09465044252722372
xgboost_augmented,augmented,xgboost_02,185,0.08429713542718768,0.09464213003685627
xgboost_augmented,augmented,xgboost_02,186,0.08429159650880946,0.09463589534269783
xgboost_augmented,augmented,xgboost_02,187,0.08428589782645263,0.09464801810313252
xgboost_augmented,augmented,xgboost_02,188,0.08427915012153529,0.0945865167428983
xgboost_augmented,augmented,xgboost_02,189,0.08427332825036968,0.0945748187475451
xgboost_augmented,augmented,xgboost_02,190,0.08427147377247503,0.09457028644975049
xgboost_augmented,augmented,xgboost_02,191,0.0842683288855408,0.0945722767569226
xgboost_augmented,augmented,xgboost_02,192,0.0842630146537988,0.09457008773467253
xgboost_augmented,augmented,xgboost_02,193,0.08425827883682002,0.09456201315152804
xgboost_augmented,augmented,xgboost_02,194,0.0842517474015694,0.09454571353195132
xgboost_augmented,augmented,xgboost_02,195,0.08425092271117514,0.0945451781618776
xgboost_augmented,augmented,xgboost_02,196,0.08424279607571883,0.09448932980907197
xgboost_augmented,augmented,xgboost_02,197,0.0842368540320045,0.09446553886764134
xgboost_augmented,augmented,xgboost_02,198,0.08422834063030753,0.0944712313245854
xgboost_augmented,augmented,xgboost_02,199,0.0842252985038891,0.09446710857755404
xgboost_augmented,augmented,xgboost_02,200,0.08421831408163194,0.09445881163346638
xgboost_augmented,augmented,xgboost_02,201,0.08421265389629884,0.09447124998287913
xgboost_augmented,augmented,xgboost_02,202,0.08420658136492598,0.09447515586789496
xgboost_augmented,augmented,xgboost_02,203,0.08420204871046992,0.09447506665285872
xgboost_augmented,augmented,xgboost_02,204,0.0841964551035024,0.09446738228986137
xgboost_augmented,augmented,xgboost_02,205,0.08419413858545753,0.09446558522466439
xgboost_augmented,augmented,xgboost_02,206,0.08418767258956796,0.09446317803098105
xgboost_augmented,augmented,xgboost_02,207,0.08418546699342526,0.09445877815299022
xgboost_augmented,augmented,xgboost_02,208,0.08417968558618706,0.09444767052864587
xgboost_augmented,augmented,xgboost_02,209,0.08416687188464546,0.09443600500635085
xgboost_augmented,augmented,xgboost_02,210,0.0841623108910977,0.09444659993203922
xgboost_augmented,augmented,xgboost_02,211,0.08415833341013268,0.09444124051512014
xgboost_augmented,augmented,xgboost_02,212,0.08415663231398132,0.09444393550803859
xgboost_augmented,augmented,xgboost_02,213,0.08415048600024749,0.09445193238736406
xgboost_augmented,augmented,xgboost_02,214,0.08414803695499498,0.09445424073586747
xgboost_augmented,augmented,xgboost_02,215,0.08414006131454549,0.09444141938697222
xgboost_augmented,augmented,xgboost_02,216,0.08413499606283684,0.09443720313560568
xgboost_augmented,augmented,xgboost_02,217,0.08413137101270304,0.09442950879194936
xgboost_augmented,augmented,xgboost_02,218,0.08411977404440071,0.09443190145880577
xgboost_augmented,augmented,xgboost_02,219,0.08411363339929774,0.09442441525753362
xgboost_augmented,augmented,xgboost_02,220,0.08410935689011013,0.09442756709495156
xgboost_augmented,augmented,xgboost_02,221,0.08410380399813915,0.09443370601407274
xgboost_augmented,augmented,xgboost_02,222,0.08409934156274647,0.09443528940147727
xgboost_augmented,augmented,xgboost_02,223,0.0840946208701616,0.09443957414109495
xgboost_augmented,augmented,xgboost_02,224,0.0840915128174411,0.09445071892996129
xgboost_augmented,augmented,xgboost_02,225,0.0840810650515869,0.09442613642501797
xgboost_augmented,augmented,xgboost_02,226,0.08406871272314552,0.09440580911624478
xgboost_augmented,augmented,xgboost_02,227,0.08406404668574631,0.09441823422756342
xgboost_augmented,augmented,xgboost_02,228,0.08406044487655367,0.09441241354508927
xgboost_augmented,augmented,xgboost_02,229,0.0840527273833953,0.09440290302625895
xgboost_augmented,augmented,xgboost_02,230,0.08405366130284853,0.09440480259661199
xgboost_augmented,augmented,xgboost_02,231,0.08404806802841291,0.09439741878566325
xgboost_augmented,augmented,xgboost_02,232,0.08403817717466502,0.0944007063939664
xgboost_augmented,augmented,xgboost_02,233,0.08403829295839439,0.09440005916113234
xgboost_augmented,augmented,xgboost_02,234,0.0840375660508894,0.09439864466304047
xgboost_augmented,augmented,xgboost_02,235,0.08403255163789312,0.09439430181022299
xgboost_augmented,augmented,xgboost_02,236,0.08403027723445805,0.09440574869398177
xgboost_augmented,augmented,xgboost_02,237,0.08402607140428113,0.09438585685630003
xgboost_augmented,augmented,xgboost_02,238,0.08402121479404745,0.09436069783685823
xgboost_augmented,augmented,xgboost_02,239,0.08401708789430698,0.09435344407597435
xgboost_augmented,augmented,xgboost_02,240,0.08401768727242355,0.0943528952550653
xgboost_augmented,augmented,xgboost_02,241,0.08401348554469733,0.09435730304196427
xgboost_augmented,augmented,xgboost_02,242,0.08400946434466355,0.09435237393619086
xgboost_augmented,augmented,xgboost_02,243,0.08400388192421998,0.09434512312071335
xgboost_augmented,augmented,xgboost_02,244,0.08399791357903709,0.09436559504737205
xgboost_augmented,augmented,xgboost_02,245,0.08399392660059957,0.09435782375972257
xgboost_augmented,augmented,xgboost_02,246,0.08398769119669164,0.09435275791212666
xgboost_augmented,augmented,xgboost_02,247,0.08398508606649728,0.09435190538277652
xgboost_augmented,augmented,xgboost_02,248,0.083985575654554,0.09435629636675585
xgboost_augmented,augmented,xgboost_02,249,0.08398348311273078,0.09437587800105891
xgboost_augmented,augmented,xgboost_02,250,0.08398290723857156,0.09437457315356987
xgboost_augmented,augmented,xgboost_02,251,0.08397884951819809,0.09436330168126514
xgboost_augmented,augmented,xgboost_02,252,0.08397240003873217,0.09434949245272779
xgboost_augmented,augmented,xgboost_02,253,0.08396263741696298,0.09435398757998299
xgboost_augmented,augmented,xgboost_02,254,0.08396264150782773,0.09435472759994985
xgboost_augmented,augmented,xgboost_02,255,0.08395724900153462,0.09435082540474657
xgboost_augmented,augmented,xgboost_02,256,0.08395297500048023,0.09435276018170047
xgboost_augmented,augmented,xgboost_02,257,0.08394914436229685,0.09434734720602353
xgboost_augmented,augmented,xgboost_02,258,0.08394296338898763,0.09436192921955659
xgboost_augmented,augmented,xgboost_02,259,0.0839384512229511,0.09436981491634198
xgboost_augmented,augmented,xgboost_02,260,0.08393517433736947,0.09436288855288934
xgboost_augmented,augmented,xgboost_02,261,0.08392950891304876,0.09435938611433065
xgboost_augmented,augmented,xgboost_02,262,0.08392604286941299,0.09436188335897147
xgboost_augmented,augmented,xgboost_02,263,0.08392683923124825,0.09436343469152919
xgboost_augmented,augmented,xgboost_02,264,0.08392226513630431,0.09438297682303746
xgboost_augmented,augmented,xgboost_02,265,0.08391532113135991,0.0943801384918148
xgboost_augmented,augmented,xgboost_02,266,0.08391215293291554,0.09438728017331088
xgboost_augmented,augmented,xgboost_02,267,0.08390615762086924,0.0943901814715424
xgboost_augmented,augmented,xgboost_02,268,0.08390240694535553,0.09438740230268346
xgboost_augmented,augmented,xgboost_02,269,0.08389844827344867,0.0943818863587591
xgboost_augmented,augmented,xgboost_02,270,0.08389052982514748,0.09437224220535644
xgboost_augmented,augmented,xgboost_02,271,0.08388077723825847,0.0943649182148024
xgboost_augmented,augmented,xgboost_02,272,0.08387719748336461,0.09436743457957467
xgboost_augmented,augmented,xgboost_02,273,0.0838715636084679,0.09437121318931281
xgboost_augmented,augmented,xgboost_03,1,0.11141430065581714,0.13194291594467464
xgboost_augmented,augmented,xgboost_03,2,0.10961345942425199,0.12944687997802204
xgboost_augmented,augmented,xgboost_03,3,0.10811285584713141,0.12715784894513849
xgboost_augmented,augmented,xgboost_03,4,0.10656875798536818,0.12494236418894891
xgboost_augmented,augmented,xgboost_03,5,0.10518877410153478,0.12295435965417219
xgboost_augmented,augmented,xgboost_03,6,0.10398958159056294,0.121171383467236
xgboost_augmented,augmented,xgboost_03,7,0.10276766213015823,0.11939596178917485
xgboost_augmented,augmented,xgboost_03,8,0.10162737797175196,0.11789181574412881
xgboost_augmented,augmented,xgboost_03,9,0.10065692043166688,0.1167594701200142
xgboost_augmented,augmented,xgboost_03,10,0.09968371406664477,0.1153510249622125
xgboost_augmented,augmented,xgboost_03,11,0.09880370108988494,0.11406019876908768
xgboost_augmented,augmented,xgboost_03,12,0.09798121408912806,0.11281757896495533
xgboost_augmented,augmented,xgboost_03,13,0.09720438164902939,0.11182146567486749
xgboost_augmented,augmented,xgboost_03,14,0.09653369177000826,0.11092444355798282
xgboost_augmented,augmented,xgboost_03,15,0.09587626806860977,0.10999851398719586
xgboost_augmented,augmented,xgboost_03,16,0.09526584687651563,0.10907771807253713
xgboost_augmented,augmented,xgboost_03,17,0.09469687991744824,0.108327080950849
xgboost_augmented,augmented,xgboost_03,18,0.09418732024218687,0.10767533985336522
xgboost_augmented,augmented,xgboost_03,19,0.09370155191429165,0.10706517246306978
xgboost_augmented,augmented,xgboost_03,20,0.09325810935263981,0.10647103675401802
xgboost_augmented,augmented,xgboost_03,21,0.09284169407011811,0.10584823345056668
xgboost_augmented,augmented,xgboost_03,22,0.0924502706332416,0.10535849371030155
xgboost_augmented,augmented,xgboost_03,23,0.09209185128038021,0.10489602839487215
xgboost_augmented,augmented,xgboost_03,24,0.09175644526456803,0.10449270493474908
xgboost_augmented,augmented,xgboost_03,25,0.09144378007244322,0.10408363218406341
xgboost_augmented,augmented,xgboost_03,26,0.0911365160120379,0.1037243113341932
xgboost_augmented,augmented,xgboost_03,27,0.09084573775720534,0.10337345956826349
xgboost_augmented,augmented,xgboost_03,28,0.09059084831076726,0.10291019807896755
xgboost_augmented,augmented,xgboost_03,29,0.09034199887025927,0.10254335440349284
xgboost_augmented,augmented,xgboost_03,30,0.09012747119791596,0.10223146914500081
xgboost_augmented,augmented,xgboost_03,31,0.08991082624548179,0.10188624404294563
xgboost_augmented,augmented,xgboost_03,32,0.08968959844694716,0.10165864650798423
xgboost_augmented,augmented,xgboost_03,33,0.0894844612152829,0.10139971606028218
xgboost_augmented,augmented,xgboost_03,34,0.08930526467046215,0.10111170907994149
xgboost_augmented,augmented,xgboost_03,35,0.0891277263307134,0.10084943341933465
xgboost_augmented,augmented,xgboost_03,36,0.08895667169630007,0.10064972392128557
xgboost_augmented,augmented,xgboost_03,37,0.08880464806243327,0.10038352588477206
xgboost_augmented,augmented,xgboost_03,38,0.088681530694457,0.10020946724038696
xgboost_augmented,augmented,xgboost_03,39,0.08853814232358641,0.10001360035546175
xgboost_augmented,augmented,xgboost_03,40,0.08841161739693454,0.09978655848824122
xgboost_augmented,augmented,xgboost_03,41,0.08828256427434024,0.09958652898705347
xgboost_augmented,augmented,xgboost_03,42,0.08815192397013348,0.0994358414879099
xgboost_augmented,augmented,xgboost_03,43,0.08803727989900105,0.09930763922020971
xgboost_augmented,augmented,xgboost_03,44,0.08793491847059169,0.09915183535351424
xgboost_augmented,augmented,xgboost_03,45,0.08784317560328733,0.0989495783384605
xgboost_augmented,augmented,xgboost_03,46,0.08772713426622768,0.09881809235335215
xgboost_augmented,augmented,xgboost_03,47,0.08762736076353385,0.0986996449964884
xgboost_augmented,augmented,xgboost_03,48,0.08752684926554746,0.09857942848903227
xgboost_augmented,augmented,xgboost_03,49,0.08745891853764094,0.09845044738631246
xgboost_augmented,augmented,xgboost_03,50,0.08736457977044564,0.098340752174024
xgboost_augmented,augmented,xgboost_03,51,0.08727753983331593,0.0982478131587883
xgboost_augmented,augmented,xgboost_03,52,0.08721564965305054,0.09811823405646343
xgboost_augmented,augmented,xgboost_03,53,0.08714103642064623,0.09799778952741807
xgboost_augmented,augmented,xgboost_03,54,0.087070226129376,0.09789838508182182
xgboost_augmented,augmented,xgboost_03,55,0.08699902036858713,0.09785442957149382
xgboost_augmented,augmented,xgboost_03,56,0.08692734279867302,0.09775490923985881
xgboost_augmented,augmented,xgboost_03,57,0.08686658829739985,0.09769210792706369
xgboost_augmented,augmented,xgboost_03,58,0.08680868086194422,0.09760048519494031
xgboost_augmented,augmented,xgboost_03,59,0.08675691191919226,0.09751432770037033
xgboost_augmented,augmented,xgboost_03,60,0.08669086903862225,0.0974701575507148
xgboost_augmented,augmented,xgboost_03,61,0.08663380292683717,0.09744609773937783
xgboost_augmented,augmented,xgboost_03,62,0.08659350130126495,0.09740371782037303
xgboost_augmented,augmented,xgboost_03,63,0.08653656232602924,0.09735248792780643
xgboost_augmented,augmented,xgboost_03,64,0.08648862119671492,0.09728611603595877
xgboost_augmented,augmented,xgboost_03,65,0.08643967919386586,0.09726059388846704
xgboost_augmented,augmented,xgboost_03,66,0.08638955786129791,0.09718238072927907
xgboost_augmented,augmented,xgboost_03,67,0.08635202355046014,0.09711676791121263
xgboost_augmented,augmented,xgboost_03,68,0.08631827611931465,0.09706236617565697
xgboost_augmented,augmented,xgboost_03,69,0.0862689025227867,0.0970106651389219
xgboost_augmented,augmented,xgboost_03,70,0.08622354399335079,0.09693815612453184
xgboost_augmented,augmented,xgboost_03,71,0.08618810253670556,0.09691878582523535
xgboost_augmented,augmented,xgboost_03,72,0.08614777546648365,0.0968988261663596
xgboost_augmented,augmented,xgboost_03,73,0.08611140726964382,0.09682766626567563
xgboost_augmented,augmented,xgboost_03,74,0.08607319759281436,0.09678765828899867
xgboost_augmented,augmented,xgboost_03,75,0.08604117901800547,0.09674909657479408
xgboost_augmented,augmented,xgboost_03,76,0.08601076727208834,0.09672525818731101
xgboost_augmented,augmented,xgboost_03,77,0.08597705515080623,0.0966697573449439
xgboost_augmented,augmented,xgboost_03,78,0.08594390820575558,0.09665578615679075
xgboost_augmented,augmented,xgboost_03,79,0.0859154196180615,0.09664156651875283
xgboost_augmented,augmented,xgboost_03,80,0.08588990735765836,0.09662792397501781
xgboost_augmented,augmented,xgboost_03,81,0.08585185739680856,0.09658663758617168
xgboost_augmented,augmented,xgboost_03,82,0.08581338621926164,0.09652947697415898
xgboost_augmented,augmented,xgboost_03,83,0.08577611538191322,0.09648903517980469
xgboost_augmented,augmented,xgboost_03,84,0.08573664691615752,0.09647607954006117
xgboost_augmented,augmented,xgboost_03,85,0.08571156116726233,0.09642705090856939
xgboost_augmented,augmented,xgboost_03,86,0.08568335615245994,0.09641293468118528
xgboost_augmented,augmented,xgboost_03,87,0.0856505931313899,0.09637922929670836
xgboost_augmented,augmented,xgboost_03,88,0.0856288573622016,0.09637132241731758
xgboost_augmented,augmented,xgboost_03,89,0.08560427149041204,0.09635023477135372
xgboost_augmented,augmented,xgboost_03,90,0.08557362287226443,0.09631704821140136
xgboost_augmented,augmented,xgboost_03,91,0.08554839837558796,0.09629386337154312
xgboost_augmented,augmented,xgboost_03,92,0.08552191417406299,0.09626478191401455
xgboost_augmented,augmented,xgboost_03,93,0.08549820197627334,0.09624335412821108
xgboost_augmented,augmented,xgboost_03,94,0.08545138510918279,0.09623109353629769
xgboost_augmented,augmented,xgboost_03,95,0.08542698078501071,0.09619362696467214
xgboost_augmented,augmented,xgboost_03,96,0.08540184894162539,0.09617031354400477
xgboost_augmented,augmented,xgboost_03,97,0.0853816829720799,0.09614549081613104
xgboost_augmented,augmented,xgboost_03,98,0.08534944212496694,0.09610178326614485
xgboost_augmented,augmented,xgboost_03,99,0.08533422022320289,0.09609364965590346
xgboost_augmented,augmented,xgboost_03,100,0.08531662585641964,0.09605523864508601
xgboost_augmented,augmented,xgboost_03,101,0.08529898326086316,0.09604838120464378
xgboost_augmented,augmented,xgboost_03,102,0.08528599004430162,0.09602077967083732
xgboost_augmented,augmented,xgboost_03,103,0.08525870451116922,0.09598449412768419
xgboost_augmented,augmented,xgboost_03,104,0.08523386755939978,0.09590393818675698
xgboost_augmented,augmented,xgboost_03,105,0.08521209011851613,0.09587340569317938
xgboost_augmented,augmented,xgboost_03,106,0.08519340234314393,0.09574069938929429
xgboost_augmented,augmented,xgboost_03,107,0.08517811311711963,0.09572627444220397
xgboost_augmented,augmented,xgboost_03,108,0.08516213418972819,0.09570689923732345
xgboost_augmented,augmented,xgboost_03,109,0.08514724107117222,0.09570396881799272
xgboost_augmented,augmented,xgboost_03,110,0.08513358275597058,0.09568007641191986
xgboost_augmented,augmented,xgboost_03,111,0.08511416065594653,0.09565160198227175
xgboost_augmented,augmented,xgboost_03,112,0.08509457826542999,0.09559318463926438
xgboost_augmented,augmented,xgboost_03,113,0.08508090085146117,0.09557370865071409
xgboost_augmented,augmented,xgboost_03,114,0.08505960284500555,0.09555374015198372
xgboost_augmented,augmented,xgboost_03,115,0.0850438992169915,0.09554738287940202
xgboost_augmented,augmented,xgboost_03,116,0.08502538397876552,0.0955358622836365
xgboost_augmented,augmented,xgboost_03,117,0.08500844969935144,0.09547274106034606
xgboost_augmented,augmented,xgboost_03,118,0.08498440588066783,0.0954343353963908
xgboost_augmented,augmented,xgboost_03,119,0.08497081929991208,0.09541982091283321
xgboost_augmented,augmented,xgboost_03,120,0.08495231936339027,0.09539199214747587
xgboost_augmented,augmented,xgboost_03,121,0.08494156681187705,0.09538641790343531
xgboost_augmented,augmented,xgboost_03,122,0.08492880287606817,0.09536630775805059
xgboost_augmented,augmented,xgboost_03,123,0.08491564850918593,0.09534990312480192
xgboost_augmented,augmented,xgboost_03,124,0.08488186922133291,0.09534557756570065
xgboost_augmented,augmented,xgboost_03,125,0.0848708648678092,0.09532437098022865
xgboost_augmented,augmented,xgboost_03,126,0.08485313205998656,0.09530864429452916
xgboost_augmented,augmented,xgboost_03,127,0.08483787261579105,0.09525332000366826
xgboost_augmented,augmented,xgboost_03,128,0.08483007526219023,0.0952452607620856
xgboost_augmented,augmented,xgboost_03,129,0.0848197253652021,0.0952265888121822
xgboost_augmented,augmented,xgboost_03,130,0.08478622765878088,0.09521940438449683
xgboost_augmented,augmented,xgboost_03,131,0.08476907820527987,0.09519545074368264
xgboost_augmented,augmented,xgboost_03,132,0.08475603640833398,0.09518357545041127
xgboost_augmented,augmented,xgboost_03,133,0.08474570981027696,0.09518817847644513
xgboost_augmented,augmented,xgboost_03,134,0.08473158672247579,0.09517965180006319
xgboost_augmented,augmented,xgboost_03,135,0.08471755066173647,0.09514892524451034
xgboost_augmented,augmented,xgboost_03,136,0.08470528596607661,0.09512708164756042
xgboost_augmented,augmented,xgboost_03,137,0.08469487254619464,0.09505332730858937
xgboost_augmented,augmented,xgboost_03,138,0.08468051515339961,0.09502668577642641
xgboost_augmented,augmented,xgboost_03,139,0.08466494729410222,0.09500070825444307
xgboost_augmented,augmented,xgboost_03,140,0.0846505060242103,0.09500134748885972
xgboost_augmented,augmented,xgboost_03,141,0.0846349788250492,0.09496963296077071
xgboost_augmented,augmented,xgboost_03,142,0.08462114870171358,0.09495563426381334
xgboost_augmented,augmented,xgboost_03,143,0.0846033448143373,0.09493935158079334
xgboost_augmented,augmented,xgboost_03,144,0.08459661370766754,0.09493437884188662
xgboost_augmented,augmented,xgboost_03,145,0.08458935054816463,0.09494888976588393
xgboost_augmented,augmented,xgboost_03,146,0.08457971487669685,0.09493653241846836
xgboost_augmented,augmented,xgboost_03,147,0.08456496304908408,0.09493559260605293
xgboost_augmented,augmented,xgboost_03,148,0.08455511126208788,0.09492088812867851
xgboost_augmented,augmented,xgboost_03,149,0.08454170412975542,0.09491540314392738
xgboost_augmented,augmented,xgboost_03,150,0.08452263508175027,0.09488741199886241
xgboost_augmented,augmented,xgboost_03,151,0.08451330170574395,0.0948777675309237
xgboost_augmented,augmented,xgboost_03,152,0.0845026237819149,0.09490807124835146
xgboost_augmented,augmented,xgboost_03,153,0.08449770760844495,0.09490145231010552
xgboost_augmented,augmented,xgboost_03,154,0.08449792496201523,0.09489989994819127
xgboost_augmented,augmented,xgboost_03,155,0.08448434498088944,0.09486566832784786
xgboost_augmented,augmented,xgboost_03,156,0.08447627318596394,0.09486669617826524
xgboost_augmented,augmented,xgboost_03,157,0.08446798892002969,0.09485565181603453
xgboost_augmented,augmented,xgboost_03,158,0.08445546265067592,0.09480200665188696
xgboost_augmented,augmented,xgboost_03,159,0.08444993910764038,0.09479798214365415
xgboost_augmented,augmented,xgboost_03,160,0.0844446506579551,0.09479911688881702
xgboost_augmented,augmented,xgboost_03,161,0.08443044771536905,0.09478022499008212
xgboost_augmented,augmented,xgboost_03,162,0.0844208884712301,0.09477304163700936
xgboost_augmented,augmented,xgboost_03,163,0.08441322590075746,0.09478004768150806
xgboost_augmented,augmented,xgboost_03,164,0.08440652279369591,0.09477935585137298
xgboost_augmented,augmented,xgboost_03,165,0.08439981325083283,0.09477075739382698
xgboost_augmented,augmented,xgboost_03,166,0.08439246702937256,0.09475068954407652
xgboost_augmented,augmented,xgboost_03,167,0.08438647227703314,0.09473582604221287
xgboost_augmented,augmented,xgboost_03,168,0.08437495840294829,0.0947269956611507
xgboost_augmented,augmented,xgboost_03,169,0.08435899071308908,0.09472077188662094
xgboost_augmented,augmented,xgboost_03,170,0.08435113311851884,0.09472183401357026
xgboost_augmented,augmented,xgboost_03,171,0.08434695892762475,0.0947177623186613
xgboost_augmented,augmented,xgboost_03,172,0.08434117238492021,0.09473269294720729
xgboost_augmented,augmented,xgboost_03,173,0.08433679185255852,0.09472799533194586
xgboost_augmented,augmented,xgboost_03,174,0.08433172047173002,0.09472313366500895
xgboost_augmented,augmented,xgboost_03,175,0.08432199447421299,0.09472845248972776
xgboost_augmented,augmented,xgboost_03,176,0.08431173215012056,0.09473909838830905
xgboost_augmented,augmented,xgboost_03,177,0.08430427672006481,0.09473118323908972
xgboost_augmented,augmented,xgboost_03,178,0.08429010146628248,0.09470755508404462
xgboost_augmented,augmented,xgboost_03,179,0.0842731520773406,0.09471641799457836
xgboost_augmented,augmented,xgboost_03,180,0.08426694682565085,0.09473204765386598
xgboost_augmented,augmented,xgboost_03,181,0.08426070720779623,0.09472289678476062
xgboost_augmented,augmented,xgboost_03,182,0.08425470883811148,0.0947148169374936
xgboost_augmented,augmented,xgboost_03,183,0.08424400479394598,0.09470912631837279
xgboost_augmented,augmented,xgboost_03,184,0.08424189062289307,0.09470284740927082
xgboost_augmented,augmented,xgboost_03,185,0.08423678640903731,0.09468039461967019
xgboost_augmented,augmented,xgboost_03,186,0.0842332854380853,0.09467517756736002
xgboost_augmented,augmented,xgboost_03,187,0.08422855170371926,0.09469474122973241
xgboost_augmented,augmented,xgboost_03,188,0.08421434244013792,0.09466510886763448
xgboost_augmented,augmented,xgboost_03,189,0.08421303242625071,0.09466191305446583
xgboost_augmented,augmented,xgboost_03,190,0.08420183226830791,0.09464738036667973
xgboost_augmented,augmented,xgboost_03,191,0.08419711892248147,0.09465032358997214
xgboost_augmented,augmented,xgboost_03,192,0.08418694056534479,0.09465563494781315
xgboost_augmented,augmented,xgboost_03,193,0.08417921076263749,0.09466303840692275
xgboost_augmented,augmented,xgboost_03,194,0.0841713469506835,0.09464032461520483
xgboost_augmented,augmented,xgboost_03,195,0.08416135545622795,0.09462682538633112
xgboost_augmented,augmented,xgboost_03,196,0.08415976458549747,0.09462646614792253
xgboost_augmented,augmented,xgboost_03,197,0.08414842365698628,0.09460549472973727
xgboost_augmented,augmented,xgboost_03,198,0.08414427884409784,0.09462375769852742
xgboost_augmented,augmented,xgboost_03,199,0.08414314067340338,0.09464389818930753
xgboost_augmented,augmented,xgboost_03,200,0.08413426701325455,0.09463945857346608
xgboost_augmented,augmented,xgboost_03,201,0.08412705803310067,0.0946371021027016
xgboost_augmented,augmented,xgboost_03,202,0.084121974218257,0.09464306156628004
xgboost_augmented,augmented,xgboost_03,203,0.08410505374529702,0.09464877444512612
xgboost_augmented,augmented,xgboost_03,204,0.08409999207166181,0.09464660443795318
xgboost_augmented,augmented,xgboost_03,205,0.08409618025526609,0.09464439555191768
xgboost_augmented,augmented,xgboost_03,206,0.08409128423458415,0.0946315627094814
xgboost_augmented,augmented,xgboost_03,207,0.0840938062392338,0.09462922689191389
xgboost_augmented,augmented,xgboost_03,208,0.08409215656924783,0.09462659177129046
xgboost_augmented,augmented,xgboost_03,209,0.08409027618368665,0.09462645052542198
xgboost_augmented,augmented,xgboost_03,210,0.08408378303676214,0.09461186240683062
xgboost_augmented,augmented,xgboost_03,211,0.08407780491008537,0.0946076524181038
xgboost_augmented,augmented,xgboost_03,212,0.08407487088786526,0.09460652790821238
xgboost_augmented,augmented,xgboost_03,213,0.08406976010871613,0.09462203534247537
xgboost_augmented,augmented,xgboost_03,214,0.084062951928432,0.09464349813856107
xgboost_augmented,augmented,xgboost_03,215,0.08405796637204338,0.09464291996099551
xgboost_augmented,augmented,xgboost_03,216,0.08405321458901886,0.09464371941912493
xgboost_augmented,augmented,xgboost_03,217,0.08404387181545007,0.09464714615052293
xgboost_augmented,augmented,xgboost_03,218,0.08403743052601943,0.09464134206825627
xgboost_augmented,augmented,xgboost_03,219,0.08403213767674136,0.0946385334037131
xgboost_augmented,augmented,xgboost_03,220,0.08403193143051933,0.09463655382887719
xgboost_augmented,augmented,xgboost_03,221,0.08402701592590496,0.09462666397793691
xgboost_augmented,augmented,xgboost_03,222,0.08402412373063198,0.09463238731657977
xgboost_augmented,augmented,xgboost_03,223,0.08401444642015025,0.09461981303970331
xgboost_augmented,augmented,xgboost_03,224,0.08400705564823126,0.09462264526887638
xgboost_augmented,augmented,xgboost_03,225,0.08400022796616932,0.09462195417336916
xgboost_augmented,augmented,xgboost_03,226,0.08399620014550044,0.09461139591488732
xgboost_augmented,augmented,xgboost_03,227,0.08399336139707338,0.09461899421535465
xgboost_augmented,augmented,xgboost_04,1,0.11162901340976458,0.1320728649069233
xgboost_augmented,augmented,xgboost_04,2,0.10979211228517614,0.1295149917717432
xgboost_augmented,augmented,xgboost_04,3,0.10810440218820785,0.1271445371217094
xgboost_augmented,augmented,xgboost_04,4,0.10655460238744179,0.1250307745765205
xgboost_augmented,augmented,xgboost_04,5,0.10514236008584027,0.1229845402620132
xgboost_augmented,augmented,xgboost_04,6,0.10395268021738349,0.12117249872858904
xgboost_augmented,augmented,xgboost_04,7,0.102732169642865,0.11942133348250128
xgboost_augmented,augmented,xgboost_04,8,0.10159821302131307,0.11786740338024886
xgboost_augmented,augmented,xgboost_04,9,0.10055572250623296,0.11651212671416367
xgboost_augmented,augmented,xgboost_04,10,0.09961572886296938,0.11510429866306071
xgboost_augmented,augmented,xgboost_04,11,0.09877298098417757,0.1141219660363964
xgboost_augmented,augmented,xgboost_04,12,0.09800155176692756,0.11312151117896445
xgboost_augmented,augmented,xgboost_04,13,0.09723601811614398,0.11195810876063614
xgboost_augmented,augmented,xgboost_04,14,0.09652829289739923,0.11091214430095098
xgboost_augmented,augmented,xgboost_04,15,0.09586666936027577,0.11005172876372626
xgboost_augmented,augmented,xgboost_04,16,0.09527041196757878,0.10914280352897632
xgboost_augmented,augmented,xgboost_04,17,0.0947103958914776,0.10836274460181725
xgboost_augmented,augmented,xgboost_04,18,0.09419640705366564,0.10773677993824046
xgboost_augmented,augmented,xgboost_04,19,0.09371026306486173,0.10711835234878898
xgboost_augmented,augmented,xgboost_04,20,0.09326094322112345,0.10655421180218591
xgboost_augmented,augmented,xgboost_04,21,0.09283402365198265,0.10602699409478814
xgboost_augmented,augmented,xgboost_04,22,0.09243629864174155,0.10554125720201551
xgboost_augmented,augmented,xgboost_04,23,0.0920947423036663,0.10496416351014415
xgboost_augmented,augmented,xgboost_04,24,0.09174763867890433,0.10454887136223259
xgboost_augmented,augmented,xgboost_04,25,0.09152479777589358,0.10410531100624341
xgboost_augmented,augmented,xgboost_04,26,0.09120709698069558,0.10372175602925579
xgboost_augmented,augmented,xgboost_04,27,0.0909191069945015,0.10337179833199482
xgboost_augmented,augmented,xgboost_04,28,0.09064566572311174,0.10303345774818773
xgboost_augmented,augmented,xgboost_04,29,0.09038911661658645,0.10272735712588683
xgboost_augmented,augmented,xgboost_04,30,0.09015551427115226,0.10235120914400081
xgboost_augmented,augmented,xgboost_04,31,0.09000000580240679,0.10207316350617565
xgboost_augmented,augmented,xgboost_04,32,0.08977932080711591,0.10181093058937618
xgboost_augmented,augmented,xgboost_04,33,0.08957084325069598,0.10154230782815073
xgboost_augmented,augmented,xgboost_04,34,0.08938679626084334,0.10126196517903538
xgboost_augmented,augmented,xgboost_04,35,0.08920023794154829,0.10103855310525679
xgboost_augmented,augmented,xgboost_04,36,0.08904070437582608,0.10073809272440787
xgboost_augmented,augmented,xgboost_04,37,0.08887841706062503,0.10054292848293851
xgboost_augmented,augmented,xgboost_04,38,0.08871442410559272,0.10033077303521253
xgboost_augmented,augmented,xgboost_04,39,0.08856143728085779,0.10013292302617091
xgboost_augmented,augmented,xgboost_04,40,0.08842140157826725,0.09992010418969026
xgboost_augmented,augmented,xgboost_04,41,0.08829590359068654,0.09973100310163681
xgboost_augmented,augmented,xgboost_04,42,0.0881722588129555,0.09951694428530616
xgboost_augmented,augmented,xgboost_04,43,0.08804712487475062,0.09938959797638947
xgboost_augmented,augmented,xgboost_04,44,0.0879472982367075,0.09922102066542944
xgboost_augmented,augmented,xgboost_04,45,0.0878298459869721,0.09909027109822958
xgboost_augmented,augmented,xgboost_04,46,0.08773218418851617,0.09891329728869747
xgboost_augmented,augmented,xgboost_04,47,0.08763277250985249,0.09880399533936965
xgboost_augmented,augmented,xgboost_04,48,0.08754851994316398,0.0986890394857655
xgboost_augmented,augmented,xgboost_04,49,0.08746709498842387,0.09856346378967654
xgboost_augmented,augmented,xgboost_04,50,0.08738044352115147,0.09846501701986193
xgboost_augmented,augmented,xgboost_04,51,0.0873112286294556,0.09833301486479296
xgboost_augmented,augmented,xgboost_04,52,0.0872385789144166,0.09825465034995354
xgboost_augmented,augmented,xgboost_04,53,0.08717420989924562,0.09817287841803503
xgboost_augmented,augmented,xgboost_04,54,0.0870994235126904,0.09810367527722846
xgboost_augmented,augmented,xgboost_04,55,0.08702730165546657,0.09802685784927419
xgboost_augmented,augmented,xgboost_04,56,0.08696873674387495,0.09791992136426064
xgboost_augmented,augmented,xgboost_04,57,0.08691652498793777,0.09787202721015612
xgboost_augmented,augmented,xgboost_04,58,0.08685520989804939,0.0977965406913033
xgboost_augmented,augmented,xgboost_04,59,0.0867946956549038,0.09770373774155611
xgboost_augmented,augmented,xgboost_04,60,0.0867486473647566,0.09764552892479474
xgboost_augmented,augmented,xgboost_04,61,0.08669861985114707,0.0975637555033117
xgboost_augmented,augmented,xgboost_04,62,0.08663346658648782,0.09752120097831087
xgboost_augmented,augmented,xgboost_04,63,0.08657667536778932,0.09746268069990123
xgboost_augmented,augmented,xgboost_04,64,0.08652930032563326,0.09741681033294351
xgboost_augmented,augmented,xgboost_04,65,0.08647470786131614,0.09733035349996523
xgboost_augmented,augmented,xgboost_04,66,0.0864293482952233,0.09730885079891986
xgboost_augmented,augmented,xgboost_04,67,0.08638873928440502,0.09725220716445696
xgboost_augmented,augmented,xgboost_04,68,0.08635126417532177,0.0971960403108642
xgboost_augmented,augmented,xgboost_04,69,0.0863115556252579,0.09716328360184953
xgboost_augmented,augmented,xgboost_04,70,0.08626207414815558,0.09710596034561304
xgboost_augmented,augmented,xgboost_04,71,0.08621708893782128,0.09704597383589134
xgboost_augmented,augmented,xgboost_04,72,0.08618467182363738,0.0969846133095824
xgboost_augmented,augmented,xgboost_04,73,0.08615310138676746,0.09695621410031
xgboost_augmented,augmented,xgboost_04,74,0.08612042465769823,0.09692542202823864
xgboost_augmented,augmented,xgboost_04,75,0.08607682604464427,0.09687868474626271
xgboost_augmented,augmented,xgboost_04,76,0.08602836157492315,0.09685068452515902
xgboost_augmented,augmented,xgboost_04,77,0.08599129836691885,0.0968062603808082
xgboost_augmented,augmented,xgboost_04,78,0.08596328011759596,0.09677128996128392
xgboost_augmented,augmented,xgboost_04,79,0.08593557772712437,0.09671641277119984
xgboost_augmented,augmented,xgboost_04,80,0.085902324349563,0.09670996295707168
xgboost_augmented,augmented,xgboost_04,81,0.08587153659849896,0.0966592233494899
xgboost_augmented,augmented,xgboost_04,82,0.08584073828709414,0.0966379242256055
xgboost_augmented,augmented,xgboost_04,83,0.08581450877278299,0.09663462560628397
xgboost_augmented,augmented,xgboost_04,84,0.08578473923066884,0.09662154193344276
xgboost_augmented,augmented,xgboost_04,85,0.0857529489029048,0.0965786126661263
xgboost_augmented,augmented,xgboost_04,86,0.08572517594874039,0.09656780677399893
xgboost_augmented,augmented,xgboost_04,87,0.08570169877252828,0.09652947102831184
xgboost_augmented,augmented,xgboost_04,88,0.08567419164521616,0.09649875604164325
xgboost_augmented,augmented,xgboost_04,89,0.08564063107296005,0.09646630168802557
xgboost_augmented,augmented,xgboost_04,90,0.08561109694312588,0.09643629192741836
xgboost_augmented,augmented,xgboost_04,91,0.08558117741136476,0.09639489616940959
xgboost_augmented,augmented,xgboost_04,92,0.08556003577567797,0.09635231502981964
xgboost_augmented,augmented,xgboost_04,93,0.0855370057129658,0.09633189531012834
xgboost_augmented,augmented,xgboost_04,94,0.08550745061640781,0.09631742157534955
xgboost_augmented,augmented,xgboost_04,95,0.0854845547018233,0.0962776136597743
xgboost_augmented,augmented,xgboost_04,96,0.0854575213941454,0.09625128368641601
xgboost_augmented,augmented,xgboost_04,97,0.08543243224138737,0.0962352377862372
xgboost_augmented,augmented,xgboost_04,98,0.08540760695447626,0.09621384517494165
xgboost_augmented,augmented,xgboost_04,99,0.08538135087835867,0.09613103453829125
xgboost_augmented,augmented,xgboost_04,100,0.08536144349691223,0.0960969270950015
xgboost_augmented,augmented,xgboost_04,101,0.08533915794242349,0.09607230291998588
xgboost_augmented,augmented,xgboost_04,102,0.08531305513700461,0.09603477816031873
xgboost_augmented,augmented,xgboost_04,103,0.08529691472594804,0.09601804814936396
xgboost_augmented,augmented,xgboost_04,104,0.08527112330013048,0.09598427556010347
xgboost_augmented,augmented,xgboost_04,105,0.08524974203800637,0.09589458444703715
xgboost_augmented,augmented,xgboost_04,106,0.08522715525582969,0.0958855094263767
xgboost_augmented,augmented,xgboost_04,107,0.08521238767739907,0.09586012005634974
xgboost_augmented,augmented,xgboost_04,108,0.08519141577274059,0.09583441017897365
xgboost_augmented,augmented,xgboost_04,109,0.08517720184907812,0.09581833845336651
xgboost_augmented,augmented,xgboost_04,110,0.08515751970906955,0.09578928320625638
xgboost_augmented,augmented,xgboost_04,111,0.08513768230118464,0.09578016115161207
xgboost_augmented,augmented,xgboost_04,112,0.08511754911886428,0.09574055293584206
xgboost_augmented,augmented,xgboost_04,113,0.08510083991170306,0.0957149102093434
xgboost_augmented,augmented,xgboost_04,114,0.08508752416588067,0.09568877832299387
xgboost_augmented,augmented,xgboost_04,115,0.08507361672327837,0.09569150339303066
xgboost_augmented,augmented,xgboost_04,116,0.08505624684698267,0.09565982888523539
xgboost_augmented,augmented,xgboost_04,117,0.08503970735809015,0.09566152924018627
xgboost_augmented,augmented,xgboost_04,118,0.08502571250013105,0.09564318340499872
xgboost_augmented,augmented,xgboost_04,119,0.08500687079706135,0.09557494353204625
xgboost_augmented,augmented,xgboost_04,120,0.08498499816881283,0.09553878690066088
xgboost_augmented,augmented,xgboost_04,121,0.08496985765864268,0.09551301861147005
xgboost_augmented,augmented,xgboost_04,122,0.08495711776498124,0.0955084219976341
xgboost_augmented,augmented,xgboost_04,123,0.08494021459836622,0.095435990069399
xgboost_augmented,augmented,xgboost_04,124,0.08492265638267682,0.09541080335812283
xgboost_augmented,augmented,xgboost_04,125,0.08491235235047603,0.09542346972674291
xgboost_augmented,augmented,xgboost_04,126,0.08489747639709692,0.09540317563718916
xgboost_augmented,augmented,xgboost_04,127,0.08488367712772717,0.09538445966364634
xgboost_augmented,augmented,xgboost_04,128,0.08486376723739517,0.09534856726824516
xgboost_augmented,augmented,xgboost_04,129,0.08485353084143274,0.09533326113567725
xgboost_augmented,augmented,xgboost_04,130,0.08483732655620221,0.09531761108896247
xgboost_augmented,augmented,xgboost_04,131,0.08482447020751827,0.09532874247601045
xgboost_augmented,augmented,xgboost_04,132,0.08481651809841108,0.09532029095406322
xgboost_augmented,augmented,xgboost_04,133,0.08480466203999186,0.09531869378674518
xgboost_augmented,augmented,xgboost_04,134,0.08479047827273055,0.09529155821534824
xgboost_augmented,augmented,xgboost_04,135,0.08477234272684356,0.0952582707283107
xgboost_augmented,augmented,xgboost_04,136,0.08475916029890242,0.09524377494955656
xgboost_augmented,augmented,xgboost_04,137,0.08474775612014343,0.09521489113800931
xgboost_augmented,augmented,xgboost_04,138,0.0847363535367853,0.09521767148101919
xgboost_augmented,augmented,xgboost_04,139,0.08472188432912707,0.0951830859306429
xgboost_augmented,augmented,xgboost_04,140,0.08471346573095381,0.09517637744865863
xgboost_augmented,augmented,xgboost_04,141,0.08470173679340531,0.09515874935026977
xgboost_augmented,augmented,xgboost_04,142,0.0846929800241817,0.09514319288486314
xgboost_augmented,augmented,xgboost_04,143,0.08468107954669149,0.09513205111599422
xgboost_augmented,augmented,xgboost_04,144,0.08467169753808879,0.09513516012661441
xgboost_augmented,augmented,xgboost_04,145,0.0846628355512545,0.09513732647067714
xgboost_augmented,augmented,xgboost_04,146,0.08464668943208455,0.09510671201268975
xgboost_augmented,augmented,xgboost_04,147,0.08463341899621774,0.09509131780275587
xgboost_augmented,augmented,xgboost_04,148,0.08462403990583083,0.09509017274459641
xgboost_augmented,augmented,xgboost_04,149,0.08461205767258664,0.09508484426879826
xgboost_augmented,augmented,xgboost_04,150,0.08460507930692426,0.09507226074212977
xgboost_augmented,augmented,xgboost_04,151,0.08458744595978743,0.09505673693381435
xgboost_augmented,augmented,xgboost_04,152,0.0845800533590633,0.09505767147847173
xgboost_augmented,augmented,xgboost_04,153,0.08456742339148382,0.09504038719594507
xgboost_augmented,augmented,xgboost_04,154,0.08455945426020353,0.09503091389015227
xgboost_augmented,augmented,xgboost_04,155,0.08454939319796567,0.09495458243770039
xgboost_augmented,augmented,xgboost_04,156,0.08454045674480795,0.09494476076473754
xgboost_augmented,augmented,xgboost_04,157,0.08450972849459659,0.09493970380237769
xgboost_augmented,augmented,xgboost_04,158,0.08450190664555166,0.09493410311913102
xgboost_augmented,augmented,xgboost_04,159,0.08449163798571818,0.09493060980149105
xgboost_augmented,augmented,xgboost_04,160,0.08447956556148387,0.09490038861787235
xgboost_augmented,augmented,xgboost_04,161,0.08447162078526205,0.09489173158854827
xgboost_augmented,augmented,xgboost_04,162,0.08446174587625377,0.09487733962637372
xgboost_augmented,augmented,xgboost_04,163,0.08445278565639336,0.09486077621021054
xgboost_augmented,augmented,xgboost_04,164,0.08444510199304545,0.09484966396936952
xgboost_augmented,augmented,xgboost_04,165,0.08443839841676784,0.094863036912582
xgboost_augmented,augmented,xgboost_04,166,0.08443109945414089,0.09485293819165005
xgboost_augmented,augmented,xgboost_04,167,0.0844253377252083,0.09484511338423064
xgboost_augmented,augmented,xgboost_04,168,0.0844141442916024,0.09483792545891438
xgboost_augmented,augmented,xgboost_04,169,0.08440724778118273,0.09483030354780887
xgboost_augmented,augmented,xgboost_04,170,0.08439949916655841,0.09481740291489256
xgboost_augmented,augmented,xgboost_04,171,0.0843932488295301,0.09479644219895635
xgboost_augmented,augmented,xgboost_04,172,0.08438818412320388,0.09478655492974404
xgboost_augmented,augmented,xgboost_04,173,0.08438096048970783,0.0947827394685156
xgboost_augmented,augmented,xgboost_04,174,0.08437308351487689,0.09476427108311151
xgboost_augmented,augmented,xgboost_04,175,0.08436636287191805,0.09476909868475333
xgboost_augmented,augmented,xgboost_04,176,0.0843577686044188,0.09470108651158297
xgboost_augmented,augmented,xgboost_04,177,0.08435219934248867,0.0946979752435492
xgboost_augmented,augmented,xgboost_04,178,0.08434750924374243,0.09470657687742041
xgboost_augmented,augmented,xgboost_04,179,0.08433910302297867,0.0946792150950537
xgboost_augmented,augmented,xgboost_04,180,0.08433106862239509,0.09468644401623942
xgboost_augmented,augmented,xgboost_04,181,0.08432473520592516,0.09468828603175997
xgboost_augmented,augmented,xgboost_04,182,0.08431782872659001,0.09467660307458985
xgboost_augmented,augmented,xgboost_04,183,0.08431035121184118,0.09466115473160967
xgboost_augmented,augmented,xgboost_04,184,0.08430243671353761,0.09465044252722372
xgboost_augmented,augmented,xgboost_04,185,0.08429713542718768,0.09464213003685627
xgboost_augmented,augmented,xgboost_04,186,0.08429159650880946,0.09463589534269783
xgboost_augmented,augmented,xgboost_04,187,0.08428589782645263,0.09464801810313252
xgboost_augmented,augmented,xgboost_04,188,0.08427915012153529,0.0945865167428983
xgboost_augmented,augmented,xgboost_04,189,0.08427332825036968,0.0945748187475451
xgboost_augmented,augmented,xgboost_04,190,0.08427147377247503,0.09457028644975049
xgboost_augmented,augmented,xgboost_04,191,0.0842683288855408,0.0945722767569226
xgboost_augmented,augmented,xgboost_04,192,0.0842630146537988,0.09457008773467253
xgboost_augmented,augmented,xgboost_04,193,0.08425827883682002,0.09456201315152804
xgboost_augmented,augmented,xgboost_04,194,0.0842517474015694,0.09454571353195132
xgboost_augmented,augmented,xgboost_04,195,0.08425092271117514,0.0945451781618776
xgboost_augmented,augmented,xgboost_04,196,0.08424279607571883,0.09448932980907197
xgboost_augmented,augmented,xgboost_04,197,0.0842368540320045,0.09446553886764134
xgboost_augmented,augmented,xgboost_04,198,0.08422834063030753,0.0944712313245854
xgboost_augmented,augmented,xgboost_04,199,0.0842252985038891,0.09446710857755404
xgboost_augmented,augmented,xgboost_04,200,0.08421831408163194,0.09445881163346638
xgboost_augmented,augmented,xgboost_04,201,0.08421265389629884,0.09447124998287913
xgboost_augmented,augmented,xgboost_04,202,0.08420658136492598,0.09447515586789496
xgboost_augmented,augmented,xgboost_04,203,0.08420204871046992,0.09447506665285872
xgboost_augmented,augmented,xgboost_04,204,0.0841964551035024,0.09446738228986137
xgboost_augmented,augmented,xgboost_04,205,0.08419413858545753,0.09446558522466439
xgboost_augmented,augmented,xgboost_04,206,0.08418767258956796,0.09446317803098105
xgboost_augmented,augmented,xgboost_04,207,0.08418546699342526,0.09445877815299022
xgboost_augmented,augmented,xgboost_04,208,0.08417968558618706,0.09444767052864587
xgboost_augmented,augmented,xgboost_04,209,0.08416687188464546,0.09443600500635085
xgboost_augmented,augmented,xgboost_04,210,0.0841623108910977,0.09444659993203922
xgboost_augmented,augmented,xgboost_04,211,0.08415833341013268,0.09444124051512014
xgboost_augmented,augmented,xgboost_04,212,0.08415663231398132,0.09444393550803859
xgboost_augmented,augmented,xgboost_04,213,0.08415048600024749,0.09445193238736406
xgboost_augmented,augmented,xgboost_04,214,0.08414803695499498,0.09445424073586747
xgboost_augmented,augmented,xgboost_04,215,0.08414006131454549,0.09444141938697222
xgboost_augmented,augmented,xgboost_04,216,0.08413499606283684,0.09443720313560568
xgboost_augmented,augmented,xgboost_04,217,0.08413137101270304,0.09442950879194936
xgboost_augmented,augmented,xgboost_04,218,0.08411977404440071,0.09443190145880577
xgboost_augmented,augmented,xgboost_04,219,0.08411363339929774,0.09442441525753362
xgboost_augmented,augmented,xgboost_04,220,0.08410935689011013,0.09442756709495156
xgboost_augmented,augmented,xgboost_04,221,0.08410380399813915,0.09443370601407274
xgboost_augmented,augmented,xgboost_04,222,0.08409934156274647,0.09443528940147727
xgboost_augmented,augmented,xgboost_04,223,0.0840946208701616,0.09443957414109495
xgboost_augmented,augmented,xgboost_04,224,0.0840915128174411,0.09445071892996129
xgboost_augmented,augmented,xgboost_04,225,0.0840810650515869,0.09442613642501797
xgboost_augmented,augmented,xgboost_04,226,0.08406871272314552,0.09440580911624478
xgboost_augmented,augmented,xgboost_04,227,0.08406404668574631,0.09441823422756342
xgboost_augmented,augmented,xgboost_04,228,0.08406044487655367,0.09441241354508927
xgboost_augmented,augmented,xgboost_04,229,0.0840527273833953,0.09440290302625895
xgboost_augmented,augmented,xgboost_04,230,0.08405366130284853,0.09440480259661199
xgboost_augmented,augmented,xgboost_04,231,0.08404806802841291,0.09439741878566325
xgboost_augmented,augmented,xgboost_04,232,0.08403817717466502,0.0944007063939664
xgboost_augmented,augmented,xgboost_04,233,0.08403829295839439,0.09440005916113234
xgboost_augmented,augmented,xgboost_04,234,0.0840375660508894,0.09439864466304047
xgboost_augmented,augmented,xgboost_04,235,0.08403255163789312,0.09439430181022299
xgboost_augmented,augmented,xgboost_04,236,0.08403027723445805,0.09440574869398177
xgboost_augmented,augmented,xgboost_04,237,0.08402607140428113,0.09438585685630003
xgboost_augmented,augmented,xgboost_04,238,0.08402121479404745,0.09436069783685823
xgboost_augmented,augmented,xgboost_04,239,0.08401708789430698,0.09435344407597435
xgboost_augmented,augmented,xgboost_04,240,0.08401768727242355,0.0943528952550653
xgboost_augmented,augmented,xgboost_04,241,0.08401348554469733,0.09435730304196427
xgboost_augmented,augmented,xgboost_04,242,0.08400946434466355,0.09435237393619086
xgboost_augmented,augmented,xgboost_04,243,0.08400388192421998,0.09434512312071335
xgboost_augmented,augmented,xgboost_04,244,0.08399791357903709,0.09436559504737205
xgboost_augmented,augmented,xgboost_04,245,0.08399392660059957,0.09435782375972257
xgboost_augmented,augmented,xgboost_04,246,0.08398769119669164,0.09435275791212666
xgboost_augmented,augmented,xgboost_04,247,0.08398508606649728,0.09435190538277652
xgboost_augmented,augmented,xgboost_04,248,0.083985575654554,0.09435629636675585
xgboost_augmented,augmented,xgboost_04,249,0.08398348311273078,0.09437587800105891
xgboost_augmented,augmented,xgboost_04,250,0.08398290723857156,0.09437457315356987
xgboost_augmented,augmented,xgboost_04,251,0.08397884951819809,0.09436330168126514
xgboost_augmented,augmented,xgboost_04,252,0.08397240003873217,0.09434949245272779
xgboost_augmented,augmented,xgboost_04,253,0.08396263741696298,0.09435398757998299
xgboost_augmented,augmented,xgboost_04,254,0.08396264150782773,0.09435472759994985
xgboost_augmented,augmented,xgboost_04,255,0.08395724900153462,0.09435082540474657
xgboost_augmented,augmented,xgboost_04,256,0.08395297500048023,0.09435276018170047
xgboost_augmented,augmented,xgboost_04,257,0.08394914436229685,0.09434734720602353
xgboost_augmented,augmented,xgboost_04,258,0.08394296338898763,0.09436192921955659
xgboost_augmented,augmented,xgboost_04,259,0.0839384512229511,0.09436981491634198
xgboost_augmented,augmented,xgboost_04,260,0.08393517433736947,0.09436288855288934
xgboost_augmented,augmented,xgboost_04,261,0.08392950891304876,0.09435938611433065
xgboost_augmented,augmented,xgboost_04,262,0.08392529976080282,0.09435953860940743
xgboost_augmented,augmented,xgboost_04,263,0.08392609232196385,0.09436109081925623
xgboost_augmented,augmented,xgboost_04,264,0.08392150802211211,0.09438064845692808
xgboost_augmented,augmented,xgboost_04,265,0.0839145624565849,0.09437780980703238
xgboost_augmented,augmented,xgboost_04,266,0.08391139045469771,0.09438494917357321
xgboost_augmented,augmented,xgboost_04,267,0.083905394165459,0.0943878535850723
xgboost_augmented,augmented,xgboost_04,268,0.08390163609305129,0.09438507231763481
xgboost_augmented,augmented,xgboost_04,269,0.08389139021150326,0.09436765485472635
xgboost_augmented,augmented,xgboost_04,270,0.08388353328362189,0.09435795307992337
xgboost_augmented,augmented,xgboost_04,271,0.08388012423421023,0.09434381291294827
xgboost_augmented,augmented,xgboost_04,272,0.08387629757142329,0.09436303227104378
xgboost_augmented,augmented,xgboost_04,273,0.08387059407174736,0.09436673317458102
xgboost_augmented,augmented,xgboost_04,274,0.08386675839265105,0.09436290606210475
xgboost_augmented,augmented,xgboost_04,275,0.08386829700119183,0.09436489009059067
xgboost_augmented,augmented,xgboost_04,276,0.0838648021086824,0.0943717525090768
xgboost_augmented,augmented,xgboost_04,277,0.08386252203998693,0.09436558607588616
xgboost_augmented,augmented,xgboost_04,278,0.08385896463876083,0.09437350356626165
xgboost_augmented,augmented,xgboost_04,279,0.08385705804249274,0.09438369547774488
xgboost_augmented,augmented,xgboost_04,280,0.08385319435274395,0.09437574064583469
xgboost_augmented,augmented,xgboost_04,281,0.0838533053908066,0.09437729200033095
xgboost_augmented,augmented,xgboost_04,282,0.08385002400689577,0.09437799705288977
xgboost_augmented,augmented,xgboost_04,283,0.0838418947542779,0.09438293686279267
xgboost_augmented,augmented,xgboost_04,284,0.08383892637630523,0.09438277113751962
xgboost_augmented,augmented,xgboost_04,285,0.08383559029844848,0.09437659439584548
xgboost_augmented,augmented,xgboost_04,286,0.08383640522281688,0.0943739615389038
xgboost_augmented,augmented,xgboost_04,287,0.0838280012511425,0.09437110572667241
xgboost_augmented,augmented,xgboost_04,288,0.08382526429747432,0.0943709351731644
xgboost_augmented,augmented,xgboost_04,289,0.08382241404145697,0.09437266884549403
xgboost_augmented,augmented,xgboost_04,290,0.08381939955704708,0.09435688447671557
xgboost_augmented,augmented,xgboost_04,291,0.08381623863274579,0.09435547473477489
xgboost_augmented,augmented,xgboost_04,292,0.08381250563781836,0.09435656929165746
xgboost_augmented,augmented,xgboost_04,293,0.08381251940030603,0.09436007939015316
xgboost_augmented,augmented,xgboost_04,294,0.08380011335977564,0.0943621066992513
xgboost_augmented,augmented,xgboost_04,295,0.08379359596964976,0.09436401063562551
xgboost_augmented,augmented,xgboost_04,296,0.08379303773505954,0.09436295647061294
xgboost_augmented,augmented,xgboost_04,297,0.08378952816844351,0.09435364283843956
xgboost_augmented,augmented,xgboost_04,298,0.0837904515068818,0.09435855045697521
xgboost_augmented,augmented,xgboost_04,299,0.08378663681560476,0.09435924801219299
xgboost_augmented,augmented,xgboost_04,300,0.08378347870097243,0.09434879875480767
xgboost_augmented,augmented,xgboost_04,301,0.08377979209006362,0.0943490675788311
xgboost_augmented,augmented,xgboost_05,1,0.11128690292287806,0.13166008085395545
xgboost_augmented,augmented,xgboost_05,2,0.10936575441292978,0.12890072413559098
xgboost_augmented,augmented,xgboost_05,3,0.10772032123239444,0.12657600218300535
xgboost_augmented,augmented,xgboost_05,4,0.10607173129717695,0.1241710557954491
xgboost_augmented,augmented,xgboost_05,5,0.10459581121677503,0.1220864203202803
xgboost_augmented,augmented,xgboost_05,6,0.10327671545441419,0.12021708213217103
xgboost_augmented,augmented,xgboost_05,7,0.10197580901148007,0.1183171912203877
xgboost_augmented,augmented,xgboost_05,8,0.10077569007328484,0.1166915822218061
xgboost_augmented,augmented,xgboost_05,9,0.09972472480658645,0.11524987994580518
xgboost_augmented,augmented,xgboost_05,10,0.0986796419840133,0.11375352592058435
xgboost_augmented,augmented,xgboost_05,11,0.09774127096262016,0.1124503476454201
xgboost_augmented,augmented,xgboost_05,12,0.0968644277584596,0.11120284017842869
xgboost_augmented,augmented,xgboost_05,13,0.09603608244576432,0.11016571914822541
xgboost_augmented,augmented,xgboost_05,14,0.09532832143075683,0.10912371459114294
xgboost_augmented,augmented,xgboost_05,15,0.09463809806146609,0.10815889555356643
xgboost_augmented,augmented,xgboost_05,16,0.09398794046935427,0.10733534050795733
xgboost_augmented,augmented,xgboost_05,17,0.09339319762704093,0.1065677890772453
xgboost_augmented,augmented,xgboost_05,18,0.09285547619877692,0.10585617725628954
xgboost_augmented,augmented,xgboost_05,19,0.09234019832060264,0.10519436720434237
xgboost_augmented,augmented,xgboost_05,20,0.09187241346741803,0.10455332136089789
xgboost_augmented,augmented,xgboost_05,21,0.09144147635480047,0.10394174889405004
xgboost_augmented,augmented,xgboost_05,22,0.09103305536499989,0.10342338995957642
xgboost_augmented,augmented,xgboost_05,23,0.09065261181921541,0.10293491220765888
xgboost_augmented,augmented,xgboost_05,24,0.0903069645898509,0.10248326475665961
xgboost_augmented,augmented,xgboost_05,25,0.08998739074116457,0.10199747044081113
xgboost_augmented,augmented,xgboost_05,26,0.08967328684036767,0.10157417263151186
xgboost_augmented,augmented,xgboost_05,27,0.08938175516614859,0.10120526890811103
xgboost_augmented,augmented,xgboost_05,28,0.0891077724967558,0.10086254076374052
xgboost_augmented,augmented,xgboost_05,29,0.08885655883555238,0.1004834883737402
xgboost_augmented,augmented,xgboost_05,30,0.08862995333769352,0.10016600277161017
xgboost_augmented,augmented,xgboost_05,31,0.08841253578633501,0.09990736538864474
xgboost_augmented,augmented,xgboost_05,32,0.08819872529281672,0.09962453832943882
xgboost_augmented,augmented,xgboost_05,33,0.0879993943577572,0.09942136286936028
xgboost_augmented,augmented,xgboost_05,34,0.08782252663005773,0.09917119362948519
xgboost_augmented,augmented,xgboost_05,35,0.08764104686910439,0.09892333318051996
xgboost_augmented,augmented,xgboost_05,36,0.08748021842517391,0.09869314283598904
xgboost_augmented,augmented,xgboost_05,37,0.08733274978700235,0.09848375097812245
xgboost_augmented,augmented,xgboost_05,38,0.08721350063451916,0.09835972539393056
xgboost_augmented,augmented,xgboost_05,39,0.08707624508474211,0.0981915877054615
xgboost_augmented,augmented,xgboost_05,40,0.08695044283726391,0.09799905021788134
xgboost_augmented,augmented,xgboost_05,41,0.08683180967107569,0.097837057105544
xgboost_augmented,augmented,xgboost_05,42,0.08672138255287626,0.0977171316558864
xgboost_augmented,augmented,xgboost_05,43,0.0866095255925694,0.09756696146174108
xgboost_augmented,augmented,xgboost_05,44,0.08651898898543434,0.09740913043349986
xgboost_augmented,augmented,xgboost_05,45,0.08641411225486444,0.09729749458729278
xgboost_augmented,augmented,xgboost_05,46,0.0863177471352545,0.09716761305861538
xgboost_augmented,augmented,xgboost_05,47,0.08620681483090445,0.09706476380325717
xgboost_augmented,augmented,xgboost_05,48,0.08610224925658273,0.09694716550042731
xgboost_augmented,augmented,xgboost_05,49,0.08601689731523138,0.09685487488879178
xgboost_augmented,augmented,xgboost_05,50,0.0859340651050346,0.09677541233498393
xgboost_augmented,augmented,xgboost_05,51,0.08584657997625883,0.09667716795213291
xgboost_augmented,augmented,xgboost_05,52,0.08576406719967652,0.09660915663293608
xgboost_augmented,augmented,xgboost_05,53,0.08570102335772513,0.09653233936381686
xgboost_augmented,augmented,xgboost_05,54,0.08564004148726126,0.09645617084154202
xgboost_augmented,augmented,xgboost_05,55,0.08557361642246947,0.09641226165138034
xgboost_augmented,augmented,xgboost_05,56,0.08550420512235016,0.09634619718336039
xgboost_augmented,augmented,xgboost_05,57,0.08544189469418402,0.09631334322403531
xgboost_augmented,augmented,xgboost_05,58,0.0853963846161133,0.09626660884709883
xgboost_augmented,augmented,xgboost_05,59,0.0853426436765226,0.09619166520004847
xgboost_augmented,augmented,xgboost_05,60,0.08529373461314109,0.09616620656890677
xgboost_augmented,augmented,xgboost_05,61,0.08523402157767837,0.09613892007574011
xgboost_augmented,augmented,xgboost_05,62,0.08518700881143476,0.09610745244228108
xgboost_augmented,augmented,xgboost_05,63,0.08513224037673742,0.09603466868860908
xgboost_augmented,augmented,xgboost_05,64,0.08509770643627093,0.09597087571070727
xgboost_augmented,augmented,xgboost_05,65,0.08505077161641006,0.09595233492146055
xgboost_augmented,augmented,xgboost_05,66,0.0850041338414672,0.09593318562555006
xgboost_augmented,augmented,xgboost_05,67,0.08497231942280443,0.09588113784835671
xgboost_augmented,augmented,xgboost_05,68,0.08494320719865545,0.0958426697499351
xgboost_augmented,augmented,xgboost_05,69,0.08490109136693962,0.09578427558681825
xgboost_augmented,augmented,xgboost_05,70,0.08485922993378187,0.09574358438029193
xgboost_augmented,augmented,xgboost_05,71,0.08482102817109151,0.0957228797761833
xgboost_augmented,augmented,xgboost_05,72,0.08478192010206678,0.09570742947891754
xgboost_augmented,augmented,xgboost_05,73,0.08474496742472057,0.0956724974265236
xgboost_augmented,augmented,xgboost_05,74,0.0847177280119586,0.09565010128450263
xgboost_augmented,augmented,xgboost_05,75,0.0846883019701024,0.09562566279783305
xgboost_augmented,augmented,xgboost_05,76,0.084653126409765,0.09560560618788866
xgboost_augmented,augmented,xgboost_05,77,0.0846237801570901,0.09557108601274665
xgboost_augmented,augmented,xgboost_05,78,0.084600833801387,0.09555401338878876
xgboost_augmented,augmented,xgboost_05,79,0.08457818167500457,0.09554958892144992
xgboost_augmented,augmented,xgboost_05,80,0.084545384204742,0.09554704941790623
xgboost_augmented,augmented,xgboost_05,81,0.0845160249303582,0.09554050671434897
xgboost_augmented,augmented,xgboost_05,82,0.08448587711002335,0.09551230395747569
xgboost_augmented,augmented,xgboost_05,83,0.08445889439982927,0.09548085419465394
xgboost_augmented,augmented,xgboost_05,84,0.08443354080147526,0.0954612048307973
xgboost_augmented,augmented,xgboost_05,85,0.08441298897803028,0.09544736946881448
xgboost_augmented,augmented,xgboost_05,86,0.08438737875787904,0.09543027484839385
xgboost_augmented,augmented,xgboost_05,87,0.08436000124533669,0.09540028521709112
xgboost_augmented,augmented,xgboost_05,88,0.08433568476294469,0.09536543150147457
xgboost_augmented,augmented,xgboost_05,89,0.08431732805519955,0.09534384160210939
xgboost_augmented,augmented,xgboost_05,90,0.08429821549507786,0.09535484677532918
xgboost_augmented,augmented,xgboost_05,91,0.08427378944092344,0.09534729646223221
xgboost_augmented,augmented,xgboost_05,92,0.08425096657619681,0.09533708097057401
xgboost_augmented,augmented,xgboost_05,93,0.08423135345214815,0.0952738269413614
xgboost_augmented,augmented,xgboost_05,94,0.08420892339361534,0.09527129738299892
xgboost_augmented,augmented,xgboost_05,95,0.08419072267996013,0.09524575089525568
xgboost_augmented,augmented,xgboost_05,96,0.08417501710643878,0.09518358080968439
xgboost_augmented,augmented,xgboost_05,97,0.08415955317621344,0.09517301446553242
xgboost_augmented,augmented,xgboost_05,98,0.08413430495914802,0.09514566819572279
xgboost_augmented,augmented,xgboost_05,99,0.0841198927516724,0.09515541045378549
xgboost_augmented,augmented,xgboost_05,100,0.08410158284061647,0.09515200424545754
xgboost_augmented,augmented,xgboost_05,101,0.08408766289027024,0.09513027797898019
xgboost_augmented,augmented,xgboost_05,102,0.08407545105436445,0.09513811086291823
xgboost_augmented,augmented,xgboost_05,103,0.08405279897023314,0.0950494912718891
xgboost_augmented,augmented,xgboost_05,104,0.08403123185319518,0.09498623251046964
xgboost_augmented,augmented,xgboost_05,105,0.08401911844050573,0.09496570648937647
xgboost_augmented,augmented,xgboost_05,106,0.0840021675958866,0.09488132004841093
xgboost_augmented,augmented,xgboost_05,107,0.08398607906862551,0.09488723347389007
xgboost_augmented,augmented,xgboost_05,108,0.08397623174207094,0.09487942050287979
xgboost_augmented,augmented,xgboost_05,109,0.08396136441360662,0.09487982825004392
xgboost_augmented,augmented,xgboost_05,110,0.08395224735033066,0.09487292112932783
xgboost_augmented,augmented,xgboost_05,111,0.08393917780692212,0.09485728595418855
xgboost_augmented,augmented,xgboost_05,112,0.08392701551655575,0.0948375127039953
xgboost_augmented,augmented,xgboost_05,113,0.08391590404014897,0.09482018070325289
xgboost_augmented,augmented,xgboost_05,114,0.0838977403711806,0.09479925535475843
xgboost_augmented,augmented,xgboost_05,115,0.08388723485897828,0.09477919911626495
xgboost_augmented,augmented,xgboost_05,116,0.08387068058415215,0.09477348625371608
xgboost_augmented,augmented,xgboost_05,117,0.0838578134140071,0.0947574916420945
xgboost_augmented,augmented,xgboost_05,118,0.08383844976192835,0.09474869710610755
xgboost_augmented,augmented,xgboost_05,119,0.08382392708067117,0.0947355660623064
xgboost_augmented,augmented,xgboost_05,120,0.08380135364024653,0.09473546670226017
xgboost_augmented,augmented,xgboost_05,121,0.08378773900056852,0.09470851642080529
xgboost_augmented,augmented,xgboost_05,122,0.08377587104454874,0.09470459724943055
xgboost_augmented,augmented,xgboost_05,123,0.08375744785238956,0.09469173825762765
xgboost_augmented,augmented,xgboost_05,124,0.0837405579209057,0.09464658009256179
xgboost_augmented,augmented,xgboost_05,125,0.0837262080368317,0.09463490148248302
xgboost_augmented,augmented,xgboost_05,126,0.0837145811974737,0.09462378395244686
xgboost_augmented,augmented,xgboost_05,127,0.0837067979605296,0.09464374534948218
xgboost_augmented,augmented,xgboost_05,128,0.08370090608125524,0.09463451410055677
xgboost_augmented,augmented,xgboost_05,129,0.08368548682839246,0.09463716674970155
xgboost_augmented,augmented,xgboost_05,130,0.08366679911088983,0.09460041091484912
xgboost_augmented,augmented,xgboost_05,131,0.08365297196096128,0.09458562552097516
xgboost_augmented,augmented,xgboost_05,132,0.08364264683290597,0.09458705971549271
xgboost_augmented,augmented,xgboost_05,133,0.08363297420441336,0.09458509936270844
xgboost_augmented,augmented,xgboost_05,134,0.08362166067574922,0.09456122644533459
xgboost_augmented,augmented,xgboost_05,135,0.08361313495063027,0.09452508789369217
xgboost_augmented,augmented,xgboost_05,136,0.08359735698575452,0.09453639327170474
xgboost_augmented,augmented,xgboost_05,137,0.08358973879333559,0.09447054544706708
xgboost_augmented,augmented,xgboost_05,138,0.08357802146304667,0.09443917431086221
xgboost_augmented,augmented,xgboost_05,139,0.0835679410024018,0.09443781547512127
xgboost_augmented,augmented,xgboost_05,140,0.08355850000995076,0.09443465218101905
xgboost_augmented,augmented,xgboost_05,141,0.08354779544522986,0.09441822790299431
xgboost_augmented,augmented,xgboost_05,142,0.08353693037274224,0.09439703253551521
xgboost_augmented,augmented,xgboost_05,143,0.08352606297096636,0.09438961258062561
xgboost_augmented,augmented,xgboost_05,144,0.08351664677510397,0.09437037056878857
xgboost_augmented,augmented,xgboost_05,145,0.08350414863181081,0.09437687521837256
xgboost_augmented,augmented,xgboost_05,146,0.08349743726676315,0.09437190984592779
xgboost_augmented,augmented,xgboost_05,147,0.08349416627915406,0.0943624371888891
xgboost_augmented,augmented,xgboost_05,148,0.08348871423439153,0.0943594093906254
xgboost_augmented,augmented,xgboost_05,149,0.08347789271350295,0.09434146295479758
xgboost_augmented,augmented,xgboost_05,150,0.08346918061053739,0.09434935454364933
xgboost_augmented,augmented,xgboost_05,151,0.0834607083480634,0.09434952529247308
xgboost_augmented,augmented,xgboost_05,152,0.08345094332442074,0.09436103764059932
xgboost_augmented,augmented,xgboost_05,153,0.08344588285954656,0.0943622271923845
xgboost_augmented,augmented,xgboost_05,154,0.0834416231703346,0.09435976423743873
xgboost_augmented,augmented,xgboost_05,155,0.08343049424328507,0.09435084704730921
xgboost_augmented,augmented,xgboost_05,156,0.08342341617324066,0.09432867668789226
xgboost_augmented,augmented,xgboost_05,157,0.08341570764854316,0.09432621642649835
xgboost_augmented,augmented,xgboost_05,158,0.08340906052646387,0.09433106491714516
xgboost_augmented,augmented,xgboost_05,159,0.08340728652725017,0.09433022274028097
xgboost_augmented,augmented,xgboost_05,160,0.0834039077365572,0.09432339026577753
xgboost_augmented,augmented,xgboost_05,161,0.08339547531883923,0.09433314979072875
xgboost_augmented,augmented,xgboost_05,162,0.08338938848708953,0.0943178429425882
xgboost_augmented,augmented,xgboost_05,163,0.08338489796382473,0.09432192166961569
xgboost_augmented,augmented,xgboost_05,164,0.08337517136552335,0.09432076789558572
xgboost_augmented,augmented,xgboost_05,165,0.08336648841576584,0.09432067165194112
xgboost_augmented,augmented,xgboost_05,166,0.08336265560438862,0.0943199928589431
xgboost_augmented,augmented,xgboost_05,167,0.0833599991389711,0.09432029783580818
xgboost_augmented,augmented,xgboost_05,168,0.08335427208577405,0.0943123993314256
xgboost_augmented,augmented,xgboost_05,169,0.08334053909976441,0.09431870037087811
xgboost_augmented,augmented,xgboost_05,170,0.08333372277506658,0.09431831505631498
xgboost_augmented,augmented,xgboost_05,171,0.08333321545836443,0.09431939554419672
xgboost_augmented,augmented,xgboost_05,172,0.08331987770094579,0.0942947787548236
xgboost_augmented,augmented,xgboost_05,173,0.08331753199740265,0.09428332329484881
xgboost_augmented,augmented,xgboost_05,174,0.0833061054727099,0.09428347896424501
xgboost_augmented,augmented,xgboost_05,175,0.0832976349405755,0.09427263641193145
xgboost_augmented,augmented,xgboost_05,176,0.08328976781874031,0.09428232127387136
xgboost_augmented,augmented,xgboost_05,177,0.08328665018997347,0.09428549936207467
xgboost_augmented,augmented,xgboost_05,178,0.08328059569404811,0.09429116942214623
xgboost_augmented,augmented,xgboost_05,179,0.08326956949128196,0.09428615616186942
xgboost_augmented,augmented,xgboost_05,180,0.08325998054752934,0.09430571491953534
xgboost_augmented,augmented,xgboost_05,181,0.08325447268098098,0.09429915992274573
xgboost_augmented,augmented,xgboost_05,182,0.08325115671880709,0.09430787615605407
xgboost_augmented,augmented,xgboost_05,183,0.08324694534771564,0.09430735021215828
xgboost_augmented,augmented,xgboost_05,184,0.08323882153077573,0.09430748703183128
xgboost_augmented,augmented,xgboost_05,185,0.0832352550849525,0.09430358077849862
xgboost_augmented,augmented,xgboost_05,186,0.08323129261447794,0.09430358597592797
xgboost_augmented,augmented,xgboost_05,187,0.08322566167639472,0.09432581395411262
xgboost_augmented,augmented,xgboost_05,188,0.0832221093577007,0.09433038261874373
xgboost_augmented,augmented,xgboost_05,189,0.08321789483541046,0.09433909115575977
xgboost_augmented,augmented,xgboost_05,190,0.08321556044920723,0.09442608018499382
xgboost_augmented,augmented,xgboost_05,191,0.08320980412706296,0.0944301408117188
xgboost_augmented,augmented,xgboost_05,192,0.08320187385928365,0.09443622969378271
xgboost_augmented,augmented,xgboost_05,193,0.08319492167895945,0.09444904154291191
xgboost_augmented,augmented,xgboost_05,194,0.08318880650029378,0.09445397133279182
xgboost_augmented,augmented,xgboost_05,195,0.08318511684345285,0.0944522176473693
xgboost_augmented,augmented,xgboost_05,196,0.08318212692343101,0.09449086824377106
xgboost_augmented,augmented,xgboost_05,197,0.08317922557742151,0.09448792639044677
xgboost_augmented,augmented,xgboost_05,198,0.08316953287230726,0.09450211961886426
xgboost_augmented,augmented,xgboost_05,199,0.08316898299660629,0.09459523334402202
xgboost_augmented,augmented,xgboost_05,200,0.08316366909185902,0.09460239926710884
xgboost_augmented,augmented,xgboost_05,201,0.0831556479741648,0.09460762978128628
xgboost_augmented,augmented,xgboost_05,202,0.08315168855633319,0.09461235058358394
xgboost_augmented,augmented,xgboost_05,203,0.08313511146118116,0.09462533522671072
xgboost_augmented,augmented,xgboost_05,204,0.08312857045430795,0.0946228804512067
xgboost_augmented,augmented,xgboost_05,205,0.08312634903804235,0.09461449370325226
xgboost_augmented,augmented,xgboost_06,1,0.11146440993493088,0.13182360339678623
xgboost_augmented,augmented,xgboost_06,2,0.10951917722010279,0.129009585920107
xgboost_augmented,augmented,xgboost_06,3,0.10772449902916828,0.1264052119929439
xgboost_augmented,augmented,xgboost_06,4,0.10607529166555069,0.12414033939267877
xgboost_augmented,augmented,xgboost_06,5,0.10455093685632942,0.12204509144850745
xgboost_augmented,augmented,xgboost_06,6,0.103238404299649,0.12020694512634696
xgboost_augmented,augmented,xgboost_06,7,0.10194422145496457,0.11833013152421075
xgboost_augmented,augmented,xgboost_06,8,0.1007466982168101,0.11656173565564759
xgboost_augmented,augmented,xgboost_06,9,0.09964918340109098,0.11499721359630535
xgboost_augmented,augmented,xgboost_06,10,0.09863100590691119,0.11359437649222391
xgboost_augmented,augmented,xgboost_06,11,0.09773516675835016,0.11238007712269323
xgboost_augmented,augmented,xgboost_06,12,0.09690293234839163,0.11125398663206454
xgboost_augmented,augmented,xgboost_06,13,0.09608134068333511,0.11008529775025169
xgboost_augmented,augmented,xgboost_06,14,0.09532063296928941,0.1091076456956081
xgboost_augmented,augmented,xgboost_06,15,0.09464176505028375,0.1081050059927743
xgboost_augmented,augmented,xgboost_06,16,0.09400292569238831,0.10723546221912476
xgboost_augmented,augmented,xgboost_06,17,0.09340772738241046,0.10650331506710953
xgboost_augmented,augmented,xgboost_06,18,0.0928637106117979,0.1058254397002488
xgboost_augmented,augmented,xgboost_06,19,0.09235533188892088,0.10514172897327514
xgboost_augmented,augmented,xgboost_06,20,0.09188718216011645,0.1045192264635725
xgboost_augmented,augmented,xgboost_06,21,0.09145240639018057,0.10392731619149603
xgboost_augmented,augmented,xgboost_06,22,0.09104404691101943,0.10340517119269205
xgboost_augmented,augmented,xgboost_06,23,0.09067118476984416,0.10287631683824826
xgboost_augmented,augmented,xgboost_06,24,0.09031174777562424,0.10242212496332845
xgboost_augmented,augmented,xgboost_06,25,0.09005745604515476,0.10205512947237039
xgboost_augmented,augmented,xgboost_06,26,0.08974188425834279,0.10166945911618971
xgboost_augmented,augmented,xgboost_06,27,0.08944988745503793,0.10128648864622591
xgboost_augmented,augmented,xgboost_06,28,0.08917605649157809,0.10091557625421911
xgboost_augmented,augmented,xgboost_06,29,0.08891874778003107,0.1005946359916697
xgboost_augmented,augmented,xgboost_06,30,0.08868656732082567,0.10025598342771253
xgboost_augmented,augmented,xgboost_06,31,0.08852027596023504,0.10000224087624511
xgboost_augmented,augmented,xgboost_06,32,0.08830681383211215,0.09976450655133491
xgboost_augmented,augmented,xgboost_06,33,0.08810429418015552,0.09947539276738902
xgboost_augmented,augmented,xgboost_06,34,0.08790941749909022,0.09925017563839539
xgboost_augmented,augmented,xgboost_06,35,0.08772444962181528,0.09904098909121091
xgboost_augmented,augmented,xgboost_06,36,0.08755886992302929,0.09883625639459878
xgboost_augmented,augmented,xgboost_06,37,0.0873913702624193,0.09861351753440747
xgboost_augmented,augmented,xgboost_06,38,0.08724608635733834,0.09843770557667758
xgboost_augmented,augmented,xgboost_06,39,0.08710281625353339,0.09826997609558064
xgboost_augmented,augmented,xgboost_06,40,0.08697579863944685,0.0980857829779571
xgboost_augmented,augmented,xgboost_06,41,0.08685052704085508,0.09793889963040864
xgboost_augmented,augmented,xgboost_06,42,0.0867272106478355,0.09778239455980196
xgboost_augmented,augmented,xgboost_06,43,0.08661501647305672,0.09765278310602114
xgboost_augmented,augmented,xgboost_06,44,0.0865208022841119,0.09754066371786044
xgboost_augmented,augmented,xgboost_06,45,0.0864092439808257,0.09738887391426848
xgboost_augmented,augmented,xgboost_06,46,0.08631080433741598,0.09729071931698122
xgboost_augmented,augmented,xgboost_06,47,0.08621898813033406,0.09720190259709359
xgboost_augmented,augmented,xgboost_06,48,0.08612839866257223,0.09709408748225491
xgboost_augmented,augmented,xgboost_06,49,0.08604483328956902,0.09702754529113564
xgboost_augmented,augmented,xgboost_06,50,0.08596380843231903,0.09694820267259513
xgboost_augmented,augmented,xgboost_06,51,0.0858951109312667,0.09682820703225532
xgboost_augmented,augmented,xgboost_06,52,0.08582010600898271,0.09676863012544791
xgboost_augmented,augmented,xgboost_06,53,0.08574357069807595,0.09672101196676376
xgboost_augmented,augmented,xgboost_06,54,0.08567626438381612,0.0966610244369624
xgboost_augmented,augmented,xgboost_06,55,0.08560614919450209,0.0966199264276323
xgboost_augmented,augmented,xgboost_06,56,0.08553853815073748,0.09657997229140412
xgboost_augmented,augmented,xgboost_06,57,0.08548056660938883,0.09653452863290692
xgboost_augmented,augmented,xgboost_06,58,0.08542626003996903,0.09647474669836194
xgboost_augmented,augmented,xgboost_06,59,0.08537509611269746,0.09641931896538108
xgboost_augmented,augmented,xgboost_06,60,0.08532584565309727,0.09636237249086736
xgboost_augmented,augmented,xgboost_06,61,0.08526683076648588,0.09627337387511861
xgboost_augmented,augmented,xgboost_06,62,0.08521932149979505,0.09623556539177121
xgboost_augmented,augmented,xgboost_06,63,0.0851710015445604,0.09620912356141928
xgboost_augmented,augmented,xgboost_06,64,0.08512220139100724,0.09616232930917906
xgboost_augmented,augmented,xgboost_06,65,0.08508203634239983,0.09611996429083401
xgboost_augmented,augmented,xgboost_06,66,0.08503491304682224,0.09607665016790878
xgboost_augmented,augmented,xgboost_06,67,0.08499459055585062,0.09604661907012345
xgboost_augmented,augmented,xgboost_06,68,0.08495846316953257,0.09599671813387708
xgboost_augmented,augmented,xgboost_06,69,0.08492639902214312,0.09597168453371205
xgboost_augmented,augmented,xgboost_06,70,0.0848742774138616,0.09593507145798624
xgboost_augmented,augmented,xgboost_06,71,0.0848440921593713,0.09590097689512966
xgboost_augmented,augmented,xgboost_06,72,0.08481431624335771,0.0958501441570455
xgboost_augmented,augmented,xgboost_06,73,0.08478513554505013,0.09584323989924684
xgboost_augmented,augmented,xgboost_06,74,0.0847505127339408,0.09582248696214174
xgboost_augmented,augmented,xgboost_06,75,0.08471941346427411,0.09578464048424316
xgboost_augmented,augmented,xgboost_06,76,0.08468664839255048,0.09575755342674165
xgboost_augmented,augmented,xgboost_06,77,0.08465828566336978,0.09572416610114687
xgboost_augmented,augmented,xgboost_06,78,0.08463353354503494,0.09570507673895934
xgboost_augmented,augmented,xgboost_06,79,0.08460030562720004,0.0956964183262533
xgboost_augmented,augmented,xgboost_06,80,0.08457455398255116,0.0956844232509083
xgboost_augmented,augmented,xgboost_06,81,0.08455287731601988,0.09567448382625282
xgboost_augmented,augmented,xgboost_06,82,0.0845328619342575,0.09563742710663807
xgboost_augmented,augmented,xgboost_06,83,0.08449770134426599,0.09560229854956862
xgboost_augmented,augmented,xgboost_06,84,0.08447450867922725,0.09558386079965016
xgboost_augmented,augmented,xgboost_06,85,0.08444102472849259,0.09556496551209956
xgboost_augmented,augmented,xgboost_06,86,0.08442264800151389,0.09556201002679024
xgboost_augmented,augmented,xgboost_06,87,0.08439127781629367,0.09552643612214712
xgboost_augmented,augmented,xgboost_06,88,0.08437437787262006,0.09549952175246063
xgboost_augmented,augmented,xgboost_06,89,0.08434569720606801,0.09547067989154834
xgboost_augmented,augmented,xgboost_06,90,0.08432934864297528,0.09544932070669744
xgboost_augmented,augmented,xgboost_06,91,0.08431542516715883,0.09543985077806157
xgboost_augmented,augmented,xgboost_06,92,0.08428769590127762,0.09543624406860737
xgboost_augmented,augmented,xgboost_06,93,0.08426204121869083,0.09543209006679658
xgboost_augmented,augmented,xgboost_06,94,0.08423809026247747,0.09537731491551776
xgboost_augmented,augmented,xgboost_06,95,0.08422455011927647,0.09535543523204328
xgboost_augmented,augmented,xgboost_06,96,0.08420892865544381,0.09534224049262287
xgboost_augmented,augmented,xgboost_06,97,0.08418677514290687,0.09532945948244365
xgboost_augmented,augmented,xgboost_06,98,0.08416523522929642,0.09527620462720031
xgboost_augmented,augmented,xgboost_06,99,0.08414788861293078,0.09525234374995066
xgboost_augmented,augmented,xgboost_06,100,0.08413145014467491,0.09525133083529469
xgboost_augmented,augmented,xgboost_06,101,0.08411246027793458,0.09522327726265835
xgboost_augmented,augmented,xgboost_06,102,0.08409786293920077,0.09521217582535978
xgboost_augmented,augmented,xgboost_06,103,0.08408690975493519,0.09520508517003594
xgboost_augmented,augmented,xgboost_06,104,0.08406958584733927,0.09514898622714646
xgboost_augmented,augmented,xgboost_06,105,0.08404933644752348,0.09516357032647102
xgboost_augmented,augmented,xgboost_06,106,0.08403151289664754,0.09515219200455151
xgboost_augmented,augmented,xgboost_06,107,0.08401771215661402,0.09509796474586787
xgboost_augmented,augmented,xgboost_06,108,0.08400107007265913,0.0950723746730054
xgboost_augmented,augmented,xgboost_06,109,0.08398849775690445,0.09506739393166966
xgboost_augmented,augmented,xgboost_06,110,0.08397322902339238,0.09506639090377568
xgboost_augmented,augmented,xgboost_06,111,0.08395356809600069,0.09506127570648845
xgboost_augmented,augmented,xgboost_06,112,0.08393540855852313,0.0950561255372801
xgboost_augmented,augmented,xgboost_06,113,0.08391353813314055,0.0950374767302851
xgboost_augmented,augmented,xgboost_06,114,0.08390168067658264,0.09502075145855748
xgboost_augmented,augmented,xgboost_06,115,0.08388703685479289,0.09502660635463128
xgboost_augmented,augmented,xgboost_06,116,0.08387137892033479,0.09499223912436891
xgboost_augmented,augmented,xgboost_06,117,0.0838611049720101,0.09500276264084559
xgboost_augmented,augmented,xgboost_06,118,0.08385021292441347,0.09499840767682301
xgboost_augmented,augmented,xgboost_06,119,0.08384359849654066,0.0949859472232606
xgboost_augmented,augmented,xgboost_06,120,0.08383430782843523,0.09499208883417858
xgboost_augmented,augmented,xgboost_06,121,0.08382037932217834,0.09497691055832247
xgboost_augmented,augmented,xgboost_06,122,0.08380708009289999,0.09495388552948164
xgboost_augmented,augmented,xgboost_06,123,0.0837942934832899,0.09493115399976063
xgboost_augmented,augmented,xgboost_06,124,0.08376981689918123,0.09492845067583643
xgboost_augmented,augmented,xgboost_06,125,0.08375835713155923,0.09489582649782262
xgboost_augmented,augmented,xgboost_06,126,0.08374755471560696,0.09489525928163167
xgboost_augmented,augmented,xgboost_06,127,0.08373520126435129,0.09487210559613701
xgboost_augmented,augmented,xgboost_06,128,0.08372487735197846,0.09486997323964423
xgboost_augmented,augmented,xgboost_06,129,0.08371993974566824,0.09487557918588516
xgboost_augmented,augmented,xgboost_06,130,0.08370265445565016,0.09484029164105787
xgboost_augmented,augmented,xgboost_06,131,0.0836928262841073,0.09484315313411876
xgboost_augmented,augmented,xgboost_06,132,0.08368118932515624,0.09481982111182179
xgboost_augmented,augmented,xgboost_06,133,0.08367134181436996,0.09479863854090792
xgboost_augmented,augmented,xgboost_06,134,0.08366302308928227,0.0947902846879839
xgboost_augmented,augmented,xgboost_06,135,0.08365075119736103,0.09479251468504245
xgboost_augmented,augmented,xgboost_06,136,0.08364216860991726,0.09478694434518536
xgboost_augmented,augmented,xgboost_06,137,0.08363776524808128,0.0947812626039042
xgboost_augmented,augmented,xgboost_06,138,0.08362597391836779,0.09478229454767798
xgboost_augmented,augmented,xgboost_06,139,0.0836125264736281,0.0947624102487071
xgboost_augmented,augmented,xgboost_06,140,0.08360265161213727,0.09474216875261522
xgboost_augmented,augmented,xgboost_06,141,0.08359630404202587,0.09474380843169353
xgboost_augmented,augmented,xgboost_06,142,0.08358858627796682,0.09474512951821891
xgboost_augmented,augmented,xgboost_06,143,0.08358059485853207,0.09474223934997539
xgboost_augmented,augmented,xgboost_06,144,0.08357212616170298,0.09473475284795711
xgboost_augmented,augmented,xgboost_06,145,0.08355934245426891,0.09470933746934632
xgboost_augmented,augmented,xgboost_06,146,0.08355205191962563,0.09470696050835692
xgboost_augmented,augmented,xgboost_06,147,0.08354104411032798,0.09469261123332562
xgboost_augmented,augmented,xgboost_06,148,0.08353344328173237,0.09468640255953513
xgboost_augmented,augmented,xgboost_06,149,0.08351457465010813,0.09469755130674179
xgboost_augmented,augmented,xgboost_06,150,0.08351222979829809,0.09469392103278303
xgboost_augmented,augmented,xgboost_06,151,0.08350577773657894,0.09469567356787362
xgboost_augmented,augmented,xgboost_06,152,0.08350183036497912,0.0946774212021703
xgboost_augmented,augmented,xgboost_06,153,0.08349776822289422,0.09469153659087517
xgboost_augmented,augmented,xgboost_06,154,0.08348489790973579,0.09468956814853452
xgboost_augmented,augmented,xgboost_06,155,0.08347635220736356,0.09468179753784585
xgboost_augmented,augmented,xgboost_06,156,0.08346535220007706,0.09466825244788556
xgboost_augmented,augmented,xgboost_06,157,0.08345053913474175,0.09469252225735685
xgboost_augmented,augmented,xgboost_06,158,0.0834422934829246,0.09469248586732817
xgboost_augmented,augmented,xgboost_06,159,0.08343545196130583,0.09468034266430655
xgboost_augmented,augmented,xgboost_06,160,0.08342583280969237,0.09469344242850637
xgboost_augmented,augmented,xgboost_06,161,0.08342098905965636,0.09469653752833396
xgboost_augmented,augmented,xgboost_06,162,0.0834149695727207,0.0946906026331679
xgboost_augmented,augmented,xgboost_06,163,0.08340257297949712,0.09468954803602866
xgboost_augmented,augmented,xgboost_06,164,0.08339725340371151,0.09469210532709388
xgboost_augmented,augmented,xgboost_06,165,0.08338903751587777,0.09469657118945836
xgboost_augmented,augmented,xgboost_06,166,0.08338421935563187,0.0946809701654879
xgboost_augmented,augmented,xgboost_06,167,0.08337966080015992,0.09468446017492065
xgboost_augmented,augmented,xgboost_06,168,0.08337249224159206,0.0947031065849729
xgboost_augmented,augmented,xgboost_06,169,0.08336604780400207,0.09469713365664383
xgboost_augmented,augmented,xgboost_06,170,0.08335974590225846,0.09469806866138383
xgboost_augmented,augmented,xgboost_06,171,0.08334846842246094,0.09469450708653696
xgboost_augmented,augmented,xgboost_06,172,0.08334230999758388,0.09468142158013483
xgboost_augmented,augmented,xgboost_06,173,0.08334089710383047,0.09468641958284313
xgboost_augmented,augmented,xgboost_06,174,0.08333480658209003,0.09469981221094785
xgboost_augmented,augmented,xgboost_06,175,0.08332269127228345,0.09469631344753422
xgboost_augmented,augmented,xgboost_06,176,0.0833184226365186,0.0946923730238522
xgboost_augmented,augmented,xgboost_06,177,0.08331281573907817,0.09469289522616049
xgboost_augmented,augmented,xgboost_06,178,0.08330525620321191,0.09466550723086807
xgboost_augmented,augmented,xgboost_06,179,0.0832915109870397,0.09467590755877921
xgboost_augmented,augmented,xgboost_06,180,0.08328648822114276,0.09466937169678853
xgboost_augmented,augmented,xgboost_06,181,0.08327908941257449,0.09467746635946836
xgboost_augmented,augmented,xgboost_06,182,0.08327428598072364,0.09467457398608767
xgboost_augmented,augmented,xgboost_06,183,0.08327109501669325,0.094686388253598
xgboost_augmented,augmented,xgboost_06,184,0.08326629617730369,0.0946858835157505
xgboost_augmented,augmented,xgboost_06,185,0.08325909120727401,0.09468896964208638
xgboost_augmented,augmented,xgboost_06,186,0.08325836624858657,0.09468957941504294
xgboost_augmented,augmented,xgboost_06,187,0.0832446474377051,0.09468254890856516
xgboost_augmented,augmented,xgboost_06,188,0.08323833840232443,0.09465501606672488
xgboost_augmented,augmented,xgboost_06,189,0.08323274203850185,0.094649151394334
xgboost_augmented,augmented,xgboost_06,190,0.08323011404094563,0.09464842802860612
xgboost_augmented,augmented,xgboost_06,191,0.08322486412704437,0.09465156790212063
xgboost_augmented,augmented,xgboost_06,192,0.08322058266933054,0.09465383588921729
xgboost_augmented,augmented,xgboost_06,193,0.08321030594844205,0.09465106729436092
xgboost_augmented,augmented,xgboost_06,194,0.0832079362312198,0.09464804841518133
xgboost_augmented,augmented,xgboost_06,195,0.08320352502542248,0.09464961538841725
xgboost_augmented,augmented,xgboost_06,196,0.08319959312335763,0.0947352053078817
xgboost_augmented,augmented,xgboost_06,197,0.08319611159321422,0.0947408720866991
xgboost_augmented,augmented,xgboost_06,198,0.08318863587413772,0.09475681730111674
xgboost_augmented,augmented,xgboost_06,199,0.08318552481614125,0.09476159010190295
xgboost_augmented,augmented,xgboost_06,200,0.08317560351011401,0.09476673222179648
xgboost_augmented,augmented,xgboost_06,201,0.08317190154592098,0.09477062374859876
xgboost_augmented,augmented,xgboost_06,202,0.0831666001424175,0.09476423073361424
xgboost_augmented,augmented,xgboost_06,203,0.08316243225906693,0.09476913727991917
xgboost_augmented,augmented,xgboost_06,204,0.0831578876520297,0.09476336294794921
xgboost_augmented,augmented,xgboost_06,205,0.08315083370132226,0.09475783810662856
xgboost_augmented,augmented,xgboost_06,206,0.08314638094649023,0.09475389756046677
xgboost_augmented,augmented,xgboost_06,207,0.08314299112575892,0.09475297896763886
xgboost_augmented,augmented,xgboost_06,208,0.08313711553146,0.09476233704417025
xgboost_augmented,augmented,xgboost_06,209,0.08313185683248696,0.0947853914330524
xgboost_augmented,augmented,xgboost_06,210,0.08313114589030546,0.0947887742379674
xgboost_augmented,augmented,xgboost_06,211,0.08311837386918629,0.09478125150463015
xgboost_augmented,augmented,xgboost_06,212,0.08311300908528112,0.0947721960389858
xgboost_augmented,augmented,xgboost_06,213,0.08311008967336962,0.094779981031707
xgboost_augmented,augmented,xgboost_06,214,0.08310650318541175,0.0947754002123698
xgboost_augmented,augmented,xgboost_06,215,0.08310677652062394,0.09477292227026375
xgboost_augmented,augmented,xgboost_06,216,0.08310007841583542,0.0947734653341225
xgboost_augmented,augmented,xgboost_06,217,0.0830896287369447,0.09477889982988234
xgboost_augmented,augmented,xgboost_06,218,0.08308184001551117,0.09478351851652714
xgboost_augmented,augmented,xgboost_06,219,0.08307854659900085,0.09477985800034683
xgboost_augmented,augmented,xgboost_06,220,0.08307469610772948,0.09477566394865661
xgboost_augmented,augmented,xgboost_06,221,0.08306546213727788,0.09477153757512108
xgboost_augmented,augmented,xgboost_06,222,0.08305810855786444,0.09477759394024973
xgboost_augmented,augmented,xgboost_06,223,0.08305376469874694,0.0947827718381492
xgboost_augmented,augmented,xgboost_06,224,0.08304982489930499,0.09478615070653705
xgboost_augmented,augmented,xgboost_07,1,0.11128690292287806,0.13166008085395545
xgboost_augmented,augmented,xgboost_07,2,0.10936575441292978,0.12890072413559098
xgboost_augmented,augmented,xgboost_07,3,0.10772032123239444,0.12657600218300535
xgboost_augmented,augmented,xgboost_07,4,0.10607173129717695,0.1241710557954491
xgboost_augmented,augmented,xgboost_07,5,0.10459581121677503,0.1220864203202803
xgboost_augmented,augmented,xgboost_07,6,0.10327671545441419,0.12021708213217103
xgboost_augmented,augmented,xgboost_07,7,0.10197580901148007,0.1183171912203877
xgboost_augmented,augmented,xgboost_07,8,0.10077569007328484,0.1166915822218061
xgboost_augmented,augmented,xgboost_07,9,0.09972472480658645,0.11524987994580518
xgboost_augmented,augmented,xgboost_07,10,0.0986796419840133,0.11375352592058435
xgboost_augmented,augmented,xgboost_07,11,0.09774127096262016,0.1124503476454201
xgboost_augmented,augmented,xgboost_07,12,0.0968644277584596,0.11120284017842869
xgboost_augmented,augmented,xgboost_07,13,0.09603608244576432,0.11016571914822541
xgboost_augmented,augmented,xgboost_07,14,0.09532832143075683,0.10912371459114294
xgboost_augmented,augmented,xgboost_07,15,0.09463809806146609,0.10815889555356643
xgboost_augmented,augmented,xgboost_07,16,0.09398794046935427,0.10733534050795733
xgboost_augmented,augmented,xgboost_07,17,0.09339319762704093,0.1065677890772453
xgboost_augmented,augmented,xgboost_07,18,0.09285547619877692,0.10585617725628954
xgboost_augmented,augmented,xgboost_07,19,0.09234019832060264,0.10519436720434237
xgboost_augmented,augmented,xgboost_07,20,0.09187241346741803,0.10455332136089789
xgboost_augmented,augmented,xgboost_07,21,0.09144147635480047,0.10394174889405004
xgboost_augmented,augmented,xgboost_07,22,0.09103305536499989,0.10342338995957642
xgboost_augmented,augmented,xgboost_07,23,0.09065261181921541,0.10293491220765888
xgboost_augmented,augmented,xgboost_07,24,0.0903069645898509,0.10248326475665961
xgboost_augmented,augmented,xgboost_07,25,0.08998739074116457,0.10199747044081113
xgboost_augmented,augmented,xgboost_07,26,0.08967328684036767,0.10157417263151186
xgboost_augmented,augmented,xgboost_07,27,0.08938175516614859,0.10120526890811103
xgboost_augmented,augmented,xgboost_07,28,0.0891077724967558,0.10086254076374052
xgboost_augmented,augmented,xgboost_07,29,0.08885655883555238,0.1004834883737402
xgboost_augmented,augmented,xgboost_07,30,0.08862995333769352,0.10016600277161017
xgboost_augmented,augmented,xgboost_07,31,0.08841253578633501,0.09990736538864474
xgboost_augmented,augmented,xgboost_07,32,0.08819872529281672,0.09962453832943882
xgboost_augmented,augmented,xgboost_07,33,0.0879993943577572,0.09942136286936028
xgboost_augmented,augmented,xgboost_07,34,0.08782252663005773,0.09917119362948519
xgboost_augmented,augmented,xgboost_07,35,0.08764104686910439,0.09892333318051996
xgboost_augmented,augmented,xgboost_07,36,0.08748021842517391,0.09869314283598904
xgboost_augmented,augmented,xgboost_07,37,0.08733274978700235,0.09848375097812245
xgboost_augmented,augmented,xgboost_07,38,0.08721350063451916,0.09835972539393056
xgboost_augmented,augmented,xgboost_07,39,0.08707624508474211,0.0981915877054615
xgboost_augmented,augmented,xgboost_07,40,0.08695044283726391,0.09799905021788134
xgboost_augmented,augmented,xgboost_07,41,0.08683180967107569,0.097837057105544
xgboost_augmented,augmented,xgboost_07,42,0.08672138255287626,0.0977171316558864
xgboost_augmented,augmented,xgboost_07,43,0.0866095255925694,0.09756696146174108
xgboost_augmented,augmented,xgboost_07,44,0.08651898898543434,0.09740913043349986
xgboost_augmented,augmented,xgboost_07,45,0.08641411225486444,0.09729749458729278
xgboost_augmented,augmented,xgboost_07,46,0.0863177471352545,0.09716761305861538
xgboost_augmented,augmented,xgboost_07,47,0.08620681483090445,0.09706476380325717
xgboost_augmented,augmented,xgboost_07,48,0.08610224925658273,0.09694716550042731
xgboost_augmented,augmented,xgboost_07,49,0.08601689731523138,0.09685487488879178
xgboost_augmented,augmented,xgboost_07,50,0.0859340651050346,0.09677541233498393
xgboost_augmented,augmented,xgboost_07,51,0.08584657997625883,0.09667716795213291
xgboost_augmented,augmented,xgboost_07,52,0.08576406719967652,0.09660915663293608
xgboost_augmented,augmented,xgboost_07,53,0.08570102335772513,0.09653233936381686
xgboost_augmented,augmented,xgboost_07,54,0.08564004148726126,0.09645617084154202
xgboost_augmented,augmented,xgboost_07,55,0.08557361642246947,0.09641226165138034
xgboost_augmented,augmented,xgboost_07,56,0.08550420512235016,0.09634619718336039
xgboost_augmented,augmented,xgboost_07,57,0.08544189469418402,0.09631334322403531
xgboost_augmented,augmented,xgboost_07,58,0.0853963846161133,0.09626660884709883
xgboost_augmented,augmented,xgboost_07,59,0.0853426436765226,0.09619166520004847
xgboost_augmented,augmented,xgboost_07,60,0.08529373461314109,0.09616620656890677
xgboost_augmented,augmented,xgboost_07,61,0.08523402157767837,0.09613892007574011
xgboost_augmented,augmented,xgboost_07,62,0.08518700881143476,0.09610745244228108
xgboost_augmented,augmented,xgboost_07,63,0.08513224037673742,0.09603466868860908
xgboost_augmented,augmented,xgboost_07,64,0.08509770643627093,0.09597087571070727
xgboost_augmented,augmented,xgboost_07,65,0.08505077161641006,0.09595233492146055
xgboost_augmented,augmented,xgboost_07,66,0.0850041338414672,0.09593318562555006
xgboost_augmented,augmented,xgboost_07,67,0.08497231942280443,0.09588113784835671
xgboost_augmented,augmented,xgboost_07,68,0.08494320719865545,0.0958426697499351
xgboost_augmented,augmented,xgboost_07,69,0.08490109136693962,0.09578427558681825
xgboost_augmented,augmented,xgboost_07,70,0.08485922993378187,0.09574358438029193
xgboost_augmented,augmented,xgboost_07,71,0.08482102817109151,0.0957228797761833
xgboost_augmented,augmented,xgboost_07,72,0.08478192010206678,0.09570742947891754
xgboost_augmented,augmented,xgboost_07,73,0.08474496742472057,0.0956724974265236
xgboost_augmented,augmented,xgboost_07,74,0.0847177280119586,0.09565010128450263
xgboost_augmented,augmented,xgboost_07,75,0.0846883019701024,0.09562566279783305
xgboost_augmented,augmented,xgboost_07,76,0.084653126409765,0.09560560618788866
xgboost_augmented,augmented,xgboost_07,77,0.0846237801570901,0.09557108601274665
xgboost_augmented,augmented,xgboost_07,78,0.084600833801387,0.09555401338878876
xgboost_augmented,augmented,xgboost_07,79,0.08457818167500457,0.09554958892144992
xgboost_augmented,augmented,xgboost_07,80,0.084545384204742,0.09554704941790623
xgboost_augmented,augmented,xgboost_07,81,0.0845160249303582,0.09554050671434897
xgboost_augmented,augmented,xgboost_07,82,0.08448587711002335,0.09551230395747569
xgboost_augmented,augmented,xgboost_07,83,0.08445889439982927,0.09548085419465394
xgboost_augmented,augmented,xgboost_07,84,0.08443354080147526,0.0954612048307973
xgboost_augmented,augmented,xgboost_07,85,0.08441298897803028,0.09544736946881448
xgboost_augmented,augmented,xgboost_07,86,0.08438737875787904,0.09543027484839385
xgboost_augmented,augmented,xgboost_07,87,0.08436000124533669,0.09540028521709112
xgboost_augmented,augmented,xgboost_07,88,0.08433568476294469,0.09536543150147457
xgboost_augmented,augmented,xgboost_07,89,0.08431732805519955,0.09534384160210939
xgboost_augmented,augmented,xgboost_07,90,0.08429821549507786,0.09535484677532918
xgboost_augmented,augmented,xgboost_07,91,0.08427378944092344,0.09534729646223221
xgboost_augmented,augmented,xgboost_07,92,0.08425096657619681,0.09533708097057401
xgboost_augmented,augmented,xgboost_07,93,0.08423135345214815,0.0952738269413614
xgboost_augmented,augmented,xgboost_07,94,0.08420892339361534,0.09527129738299892
xgboost_augmented,augmented,xgboost_07,95,0.08419072267996013,0.09524575089525568
xgboost_augmented,augmented,xgboost_07,96,0.08417501710643878,0.09518358080968439
xgboost_augmented,augmented,xgboost_07,97,0.08415955317621344,0.09517301446553242
xgboost_augmented,augmented,xgboost_07,98,0.08413430495914802,0.09514566819572279
xgboost_augmented,augmented,xgboost_07,99,0.0841198927516724,0.09515541045378549
xgboost_augmented,augmented,xgboost_07,100,0.08410158284061647,0.09515200424545754
xgboost_augmented,augmented,xgboost_07,101,0.08408766289027024,0.09513027797898019
xgboost_augmented,augmented,xgboost_07,102,0.08407545105436445,0.09513811086291823
xgboost_augmented,augmented,xgboost_07,103,0.08405279897023314,0.0950494912718891
xgboost_augmented,augmented,xgboost_07,104,0.08403123185319518,0.09498623251046964
xgboost_augmented,augmented,xgboost_07,105,0.08401911844050573,0.09496570648937647
xgboost_augmented,augmented,xgboost_07,106,0.0840021675958866,0.09488132004841093
xgboost_augmented,augmented,xgboost_07,107,0.08398607906862551,0.09488723347389007
xgboost_augmented,augmented,xgboost_07,108,0.08397623174207094,0.09487942050287979
xgboost_augmented,augmented,xgboost_07,109,0.08396136441360662,0.09487982825004392
xgboost_augmented,augmented,xgboost_07,110,0.08395224735033066,0.09487292112932783
xgboost_augmented,augmented,xgboost_07,111,0.08393917780692212,0.09485728595418855
xgboost_augmented,augmented,xgboost_07,112,0.08392701551655575,0.0948375127039953
xgboost_augmented,augmented,xgboost_07,113,0.08391590404014897,0.09482018070325289
xgboost_augmented,augmented,xgboost_07,114,0.0838977403711806,0.09479925535475843
xgboost_augmented,augmented,xgboost_07,115,0.08388723485897828,0.09477919911626495
xgboost_augmented,augmented,xgboost_07,116,0.08387068058415215,0.09477348625371608
xgboost_augmented,augmented,xgboost_07,117,0.0838578134140071,0.0947574916420945
xgboost_augmented,augmented,xgboost_07,118,0.08383844976192835,0.09474869710610755
xgboost_augmented,augmented,xgboost_07,119,0.08382392708067117,0.0947355660623064
xgboost_augmented,augmented,xgboost_07,120,0.08380135364024653,0.09473546670226017
xgboost_augmented,augmented,xgboost_07,121,0.08378773900056852,0.09470851642080529
xgboost_augmented,augmented,xgboost_07,122,0.08377587104454874,0.09470459724943055
xgboost_augmented,augmented,xgboost_07,123,0.08375744785238956,0.09469173825762765
xgboost_augmented,augmented,xgboost_07,124,0.0837405579209057,0.09464658009256179
xgboost_augmented,augmented,xgboost_07,125,0.0837262080368317,0.09463490148248302
xgboost_augmented,augmented,xgboost_07,126,0.0837145811974737,0.09462378395244686
xgboost_augmented,augmented,xgboost_07,127,0.0837067979605296,0.09464374534948218
xgboost_augmented,augmented,xgboost_07,128,0.08370090608125524,0.09463451410055677
xgboost_augmented,augmented,xgboost_07,129,0.08368548682839246,0.09463716674970155
xgboost_augmented,augmented,xgboost_07,130,0.08366679911088983,0.09460041091484912
xgboost_augmented,augmented,xgboost_07,131,0.08365297196096128,0.09458562552097516
xgboost_augmented,augmented,xgboost_07,132,0.08364252919756067,0.09458710112944817
xgboost_augmented,augmented,xgboost_07,133,0.08363286284143243,0.09458514339675299
xgboost_augmented,augmented,xgboost_07,134,0.08362155076158424,0.09456127086825551
xgboost_augmented,augmented,xgboost_07,135,0.08361302879561065,0.09452513354090927
xgboost_augmented,augmented,xgboost_07,136,0.08359725365764735,0.09453644076301326
xgboost_augmented,augmented,xgboost_07,137,0.08358963683688495,0.09447059281476755
xgboost_augmented,augmented,xgboost_07,138,0.08357792240970494,0.09443922272033017
xgboost_augmented,augmented,xgboost_07,139,0.08356784562875887,0.0944378665971963
xgboost_augmented,augmented,xgboost_07,140,0.08355840853376241,0.09443470411093399
xgboost_augmented,augmented,xgboost_07,141,0.08354771311568532,0.09441828396663256
xgboost_augmented,augmented,xgboost_07,142,0.0835368567239357,0.09439708959202933
xgboost_augmented,augmented,xgboost_07,143,0.0835259986077147,0.09438966885738116
xgboost_augmented,augmented,xgboost_07,144,0.08351658472115853,0.0943704280059051
xgboost_augmented,augmented,xgboost_07,145,0.08350410117586582,0.09437693266175724
xgboost_augmented,augmented,xgboost_07,146,0.08349738941208078,0.09437196785194213
xgboost_augmented,augmented,xgboost_07,147,0.08349412385410089,0.09436249648965368
xgboost_augmented,augmented,xgboost_07,148,0.08348869130467616,0.09435947331653671
xgboost_augmented,augmented,xgboost_07,149,0.08347786837084295,0.09434152600943525
xgboost_augmented,augmented,xgboost_07,150,0.08346859624543913,0.09434901112769546
xgboost_augmented,augmented,xgboost_07,151,0.08346011074717191,0.09434911701138744
xgboost_augmented,augmented,xgboost_07,152,0.08345035415632786,0.09436060425605154
xgboost_augmented,augmented,xgboost_07,153,0.08344529501742842,0.0943617338403911
xgboost_augmented,augmented,xgboost_07,154,0.08344103954147102,0.09435920126178048
xgboost_augmented,augmented,xgboost_07,155,0.08342992458250717,0.09435031290516721
xgboost_augmented,augmented,xgboost_07,156,0.08342284289565911,0.09432814752742967
xgboost_augmented,augmented,xgboost_07,157,0.08341513236990193,0.09432566587081453
xgboost_augmented,augmented,xgboost_07,158,0.08340848056484045,0.09433052394471923
xgboost_augmented,augmented,xgboost_07,159,0.08340672189020187,0.09432965654730376
xgboost_augmented,augmented,xgboost_07,160,0.08340350629368208,0.09432039614957388
xgboost_augmented,augmented,xgboost_07,161,0.08339508400455509,0.0943301855889221
xgboost_augmented,augmented,xgboost_07,162,0.08338856298600954,0.09431458731491692
xgboost_augmented,augmented,xgboost_07,163,0.08338407717612126,0.09431860466265939
xgboost_augmented,augmented,xgboost_07,164,0.08337434137763994,0.09431743142199434
xgboost_augmented,augmented,xgboost_07,165,0.0833610938809679,0.09431441412427044
xgboost_augmented,augmented,xgboost_07,166,0.08335650319704513,0.09430929902439035
xgboost_augmented,augmented,xgboost_07,167,0.08335381422436126,0.09430952892805601
xgboost_augmented,augmented,xgboost_07,168,0.0833473844766468,0.09428171721208219
xgboost_augmented,augmented,xgboost_07,169,0.0833337832571141,0.09428791295918053
xgboost_augmented,augmented,xgboost_07,170,0.0833274442644602,0.09429270992984977
xgboost_augmented,augmented,xgboost_07,171,0.08332698797283879,0.09429396230058998
xgboost_augmented,augmented,xgboost_07,172,0.08331362007466754,0.09426899528716837
xgboost_augmented,augmented,xgboost_07,173,0.08331089996450804,0.09425604687084747
xgboost_augmented,augmented,xgboost_07,174,0.083301056890841,0.09425637815190262
xgboost_augmented,augmented,xgboost_07,175,0.08329373816107277,0.0942641657780014
xgboost_augmented,augmented,xgboost_07,176,0.08328590364551118,0.09427362129426685
xgboost_augmented,augmented,xgboost_07,177,0.08328300071276774,0.09427892525392906
xgboost_augmented,augmented,xgboost_07,178,0.08327134008973243,0.09425850318367937
xgboost_augmented,augmented,xgboost_07,179,0.0832549692932552,0.09424922754906588
xgboost_augmented,augmented,xgboost_07,180,0.08324692777037974,0.09426945132658594
xgboost_augmented,augmented,xgboost_07,181,0.08323872736824113,0.09428998850123536
xgboost_augmented,augmented,xgboost_07,182,0.0832357243377951,0.09429780557437746
xgboost_augmented,augmented,xgboost_07,183,0.08323014319746397,0.09429635511311833
xgboost_augmented,augmented,xgboost_07,184,0.08322736169761034,0.09429139119864657
xgboost_augmented,augmented,xgboost_07,185,0.08322602453915827,0.0942955735242472
xgboost_augmented,augmented,xgboost_07,186,0.08322218791753712,0.09429555837436558
xgboost_augmented,augmented,xgboost_07,187,0.08321713840433811,0.09432516617983527
xgboost_augmented,augmented,xgboost_07,188,0.0832068582694754,0.09441457480530163
xgboost_augmented,augmented,xgboost_07,189,0.08320171651911659,0.09441800303340986
xgboost_augmented,augmented,xgboost_07,190,0.08319900502770274,0.0944161870323652
xgboost_augmented,augmented,xgboost_07,191,0.08319324867865496,0.09442396958514412
xgboost_augmented,augmented,xgboost_07,192,0.08318529325081912,0.09441972872136274
xgboost_augmented,augmented,xgboost_07,193,0.08317964127110966,0.09441792388453023
xgboost_augmented,augmented,xgboost_07,194,0.08317835416421729,0.09441821202939144
xgboost_augmented,augmented,xgboost_07,195,0.08317340620337495,0.09441289264229369
xgboost_augmented,augmented,xgboost_07,196,0.08316787371821024,0.09441334159756705
xgboost_augmented,augmented,xgboost_07,197,0.0831585890380265,0.09439381267920564
xgboost_augmented,augmented,xgboost_07,198,0.0831491484958628,0.09440481246695141
xgboost_augmented,augmented,xgboost_07,199,0.0831498885014537,0.09451166402121314
xgboost_augmented,augmented,xgboost_07,200,0.08314495190248948,0.09451881538863952
xgboost_augmented,augmented,xgboost_07,201,0.08313973332483066,0.09451744821750512
xgboost_augmented,augmented,xgboost_07,202,0.08313569646579395,0.09452236246549296
xgboost_augmented,augmented,xgboost_07,203,0.0831195616503316,0.09453509042902263
xgboost_augmented,augmented,xgboost_07,204,0.08311152484477491,0.0945341995106036
xgboost_augmented,augmented,xgboost_07,205,0.0831107175029165,0.09453527995498433
xgboost_augmented,augmented,xgboost_07,206,0.08309934775219441,0.09453308664356067
xgboost_augmented,augmented,xgboost_07,207,0.08309837670090388,0.09455474192254784
xgboost_augmented,augmented,xgboost_07,208,0.08309738355465841,0.09454723434724081
xgboost_augmented,augmented,xgboost_07,209,0.08309349989942283,0.09453568871658677
xgboost_augmented,augmented,xgboost_08,1,0.11146440993493088,0.13182360339678623
xgboost_augmented,augmented,xgboost_08,2,0.10951917722010279,0.129009585920107
xgboost_augmented,augmented,xgboost_08,3,0.10772449902916828,0.1264052119929439
xgboost_augmented,augmented,xgboost_08,4,0.10607529166555069,0.12414033939267877
xgboost_augmented,augmented,xgboost_08,5,0.10455093685632942,0.12204509144850745
xgboost_augmented,augmented,xgboost_08,6,0.103238404299649,0.12020694512634696
xgboost_augmented,augmented,xgboost_08,7,0.10194422145496457,0.11833013152421075
xgboost_augmented,augmented,xgboost_08,8,0.1007466982168101,0.11656173565564759
xgboost_augmented,augmented,xgboost_08,9,0.09964918340109098,0.11499721359630535
xgboost_augmented,augmented,xgboost_08,10,0.09863100590691119,0.11359437649222391
xgboost_augmented,augmented,xgboost_08,11,0.09773516675835016,0.11238007712269323
xgboost_augmented,augmented,xgboost_08,12,0.09690293234839163,0.11125398663206454
xgboost_augmented,augmented,xgboost_08,13,0.09608134068333511,0.11008529775025169
xgboost_augmented,augmented,xgboost_08,14,0.09532063296928941,0.1091076456956081
xgboost_augmented,augmented,xgboost_08,15,0.09464176505028375,0.1081050059927743
xgboost_augmented,augmented,xgboost_08,16,0.09400292569238831,0.10723546221912476
xgboost_augmented,augmented,xgboost_08,17,0.09340772738241046,0.10650331506710953
xgboost_augmented,augmented,xgboost_08,18,0.0928637106117979,0.1058254397002488
xgboost_augmented,augmented,xgboost_08,19,0.09235533188892088,0.10514172897327514
xgboost_augmented,augmented,xgboost_08,20,0.09188718216011645,0.1045192264635725
xgboost_augmented,augmented,xgboost_08,21,0.09145240639018057,0.10392731619149603
xgboost_augmented,augmented,xgboost_08,22,0.09104404691101943,0.10340517119269205
xgboost_augmented,augmented,xgboost_08,23,0.09067118476984416,0.10287631683824826
xgboost_augmented,augmented,xgboost_08,24,0.09031174777562424,0.10242212496332845
xgboost_augmented,augmented,xgboost_08,25,0.09005745604515476,0.10205512947237039
xgboost_augmented,augmented,xgboost_08,26,0.08974188425834279,0.10166945911618971
xgboost_augmented,augmented,xgboost_08,27,0.08944988745503793,0.10128648864622591
xgboost_augmented,augmented,xgboost_08,28,0.08917605649157809,0.10091557625421911
xgboost_augmented,augmented,xgboost_08,29,0.08891874778003107,0.1005946359916697
xgboost_augmented,augmented,xgboost_08,30,0.08868656732082567,0.10025598342771253
xgboost_augmented,augmented,xgboost_08,31,0.08852027596023504,0.10000224087624511
xgboost_augmented,augmented,xgboost_08,32,0.08830681383211215,0.09976450655133491
xgboost_augmented,augmented,xgboost_08,33,0.08810429418015552,0.09947539276738902
xgboost_augmented,augmented,xgboost_08,34,0.08790941749909022,0.09925017563839539
xgboost_augmented,augmented,xgboost_08,35,0.08772444962181528,0.09904098909121091
xgboost_augmented,augmented,xgboost_08,36,0.08755886992302929,0.09883625639459878
xgboost_augmented,augmented,xgboost_08,37,0.0873913702624193,0.09861351753440747
xgboost_augmented,augmented,xgboost_08,38,0.08724608635733834,0.09843770557667758
xgboost_augmented,augmented,xgboost_08,39,0.08710281625353339,0.09826997609558064
xgboost_augmented,augmented,xgboost_08,40,0.08697579863944685,0.0980857829779571
xgboost_augmented,augmented,xgboost_08,41,0.08685052704085508,0.09793889963040864
xgboost_augmented,augmented,xgboost_08,42,0.0867272106478355,0.09778239455980196
xgboost_augmented,augmented,xgboost_08,43,0.08661501647305672,0.09765278310602114
xgboost_augmented,augmented,xgboost_08,44,0.0865208022841119,0.09754066371786044
xgboost_augmented,augmented,xgboost_08,45,0.0864092439808257,0.09738887391426848
xgboost_augmented,augmented,xgboost_08,46,0.08631080433741598,0.09729071931698122
xgboost_augmented,augmented,xgboost_08,47,0.08621898813033406,0.09720190259709359
xgboost_augmented,augmented,xgboost_08,48,0.08612839866257223,0.09709408748225491
xgboost_augmented,augmented,xgboost_08,49,0.08604483328956902,0.09702754529113564
xgboost_augmented,augmented,xgboost_08,50,0.08596380843231903,0.09694820267259513
xgboost_augmented,augmented,xgboost_08,51,0.0858951109312667,0.09682820703225532
xgboost_augmented,augmented,xgboost_08,52,0.08582010600898271,0.09676863012544791
xgboost_augmented,augmented,xgboost_08,53,0.08574357069807595,0.09672101196676376
xgboost_augmented,augmented,xgboost_08,54,0.08567626438381612,0.0966610244369624
xgboost_augmented,augmented,xgboost_08,55,0.08560614919450209,0.0966199264276323
xgboost_augmented,augmented,xgboost_08,56,0.08553853815073748,0.09657997229140412
xgboost_augmented,augmented,xgboost_08,57,0.08548056660938883,0.09653452863290692
xgboost_augmented,augmented,xgboost_08,58,0.08542626003996903,0.09647474669836194
xgboost_augmented,augmented,xgboost_08,59,0.08537509611269746,0.09641931896538108
xgboost_augmented,augmented,xgboost_08,60,0.08532584565309727,0.09636237249086736
xgboost_augmented,augmented,xgboost_08,61,0.08526683076648588,0.09627337387511861
xgboost_augmented,augmented,xgboost_08,62,0.08521932149979505,0.09623556539177121
xgboost_augmented,augmented,xgboost_08,63,0.0851710015445604,0.09620912356141928
xgboost_augmented,augmented,xgboost_08,64,0.08512220139100724,0.09616232930917906
xgboost_augmented,augmented,xgboost_08,65,0.08508203634239983,0.09611996429083401
xgboost_augmented,augmented,xgboost_08,66,0.08503491304682224,0.09607665016790878
xgboost_augmented,augmented,xgboost_08,67,0.08499459055585062,0.09604661907012345
xgboost_augmented,augmented,xgboost_08,68,0.08495846316953257,0.09599671813387708
xgboost_augmented,augmented,xgboost_08,69,0.08492639902214312,0.09597168453371205
xgboost_augmented,augmented,xgboost_08,70,0.0848742774138616,0.09593507145798624
xgboost_augmented,augmented,xgboost_08,71,0.0848440921593713,0.09590097689512966
xgboost_augmented,augmented,xgboost_08,72,0.08481431624335771,0.0958501441570455
xgboost_augmented,augmented,xgboost_08,73,0.08478513554505013,0.09584323989924684
xgboost_augmented,augmented,xgboost_08,74,0.0847505127339408,0.09582248696214174
xgboost_augmented,augmented,xgboost_08,75,0.08471941346427411,0.09578464048424316
xgboost_augmented,augmented,xgboost_08,76,0.08468664839255048,0.09575755342674165
xgboost_augmented,augmented,xgboost_08,77,0.08465828566336978,0.09572416610114687
xgboost_augmented,augmented,xgboost_08,78,0.08463353354503494,0.09570507673895934
xgboost_augmented,augmented,xgboost_08,79,0.08460030562720004,0.0956964183262533
xgboost_augmented,augmented,xgboost_08,80,0.08457455398255116,0.0956844232509083
xgboost_augmented,augmented,xgboost_08,81,0.08455287731601988,0.09567448382625282
xgboost_augmented,augmented,xgboost_08,82,0.0845328619342575,0.09563742710663807
xgboost_augmented,augmented,xgboost_08,83,0.08449770134426599,0.09560229854956862
xgboost_augmented,augmented,xgboost_08,84,0.08447450867922725,0.09558386079965016
xgboost_augmented,augmented,xgboost_08,85,0.08444102472849259,0.09556496551209956
xgboost_augmented,augmented,xgboost_08,86,0.08442264800151389,0.09556201002679024
xgboost_augmented,augmented,xgboost_08,87,0.08439127781629367,0.09552643612214712
xgboost_augmented,augmented,xgboost_08,88,0.08437437787262006,0.09549952175246063
xgboost_augmented,augmented,xgboost_08,89,0.08434569720606801,0.09547067989154834
xgboost_augmented,augmented,xgboost_08,90,0.08432934864297528,0.09544932070669744
xgboost_augmented,augmented,xgboost_08,91,0.08431530675967744,0.09543913841971656
xgboost_augmented,augmented,xgboost_08,92,0.08428684251331924,0.09543336751918574
xgboost_augmented,augmented,xgboost_08,93,0.08426117532046064,0.09542921708194974
xgboost_augmented,augmented,xgboost_08,94,0.08423723723786662,0.09537450065551736
xgboost_augmented,augmented,xgboost_08,95,0.08422372043699139,0.09535265721652497
xgboost_augmented,augmented,xgboost_08,96,0.08420810336501752,0.09533948510489593
xgboost_augmented,augmented,xgboost_08,97,0.08418595414343624,0.09532668448767494
xgboost_augmented,augmented,xgboost_08,98,0.08416443705129525,0.09527347530421987
xgboost_augmented,augmented,xgboost_08,99,0.0841471101796814,0.09524962865192278
xgboost_augmented,augmented,xgboost_08,100,0.08413068829962192,0.09524864788212435
xgboost_augmented,augmented,xgboost_08,101,0.08411171948633454,0.09522060819947033
xgboost_augmented,augmented,xgboost_08,102,0.08409715131973752,0.09520955462054347
xgboost_augmented,augmented,xgboost_08,103,0.0840861952675723,0.09520249632670462
xgboost_augmented,augmented,xgboost_08,104,0.0840688766479861,0.09514641805895065
xgboost_augmented,augmented,xgboost_08,105,0.08404863725759149,0.09516097200242885
xgboost_augmented,augmented,xgboost_08,106,0.08403084138871816,0.09514964525765246
xgboost_augmented,augmented,xgboost_08,107,0.08401704962698606,0.09509545414892713
xgboost_augmented,augmented,xgboost_08,108,0.08400040326179566,0.09506986719108731
xgboost_augmented,augmented,xgboost_08,109,0.08398784004895911,0.09506489696270232
xgboost_augmented,augmented,xgboost_08,110,0.08397258337979506,0.09506390232962392
xgboost_augmented,augmented,xgboost_08,111,0.083958180587637,0.09505888242096507
xgboost_augmented,augmented,xgboost_08,112,0.08394612774357375,0.09505707060052956
xgboost_augmented,augmented,xgboost_08,113,0.08392684394053207,0.09502139457346397
xgboost_augmented,augmented,xgboost_08,114,0.08391499529956063,0.0950047666314016
xgboost_augmented,augmented,xgboost_08,115,0.08389470017428988,0.0950127851166837
xgboost_augmented,augmented,xgboost_08,116,0.08388346854886738,0.09497923213927867
xgboost_augmented,augmented,xgboost_08,117,0.0838606199171909,0.09497044429504939
xgboost_augmented,augmented,xgboost_08,118,0.08384560524362615,0.09493899978644647
xgboost_augmented,augmented,xgboost_08,119,0.08383696857015294,0.09493643664756808
xgboost_augmented,augmented,xgboost_08,120,0.08381384875710807,0.09493676647854808
xgboost_augmented,augmented,xgboost_08,121,0.08380039904257477,0.09492204843863979
xgboost_augmented,augmented,xgboost_08,122,0.08378864662002777,0.0948953940252915
xgboost_augmented,augmented,xgboost_08,123,0.08377586232884221,0.09487242125481696
xgboost_augmented,augmented,xgboost_08,124,0.08376376432718619,0.09484011779877391
xgboost_augmented,augmented,xgboost_08,125,0.0837508317523176,0.09484161650201589
xgboost_augmented,augmented,xgboost_08,126,0.08374351847532037,0.09483098207390883
xgboost_augmented,augmented,xgboost_08,127,0.08373293985060574,0.09482870534724805
xgboost_augmented,augmented,xgboost_08,128,0.08372294846614153,0.09483501928643963
xgboost_augmented,augmented,xgboost_08,129,0.08371541716623694,0.09482344170950321
xgboost_augmented,augmented,xgboost_08,130,0.08370402517578063,0.09480161564558773
xgboost_augmented,augmented,xgboost_08,131,0.0836956417066095,0.09480639245022107
xgboost_augmented,augmented,xgboost_08,132,0.08367823467759168,0.0947736941076397
xgboost_augmented,augmented,xgboost_08,133,0.08367250704657152,0.0947755071669135
xgboost_augmented,augmented,xgboost_08,134,0.08366226232235491,0.0947743118449149
xgboost_augmented,augmented,xgboost_08,135,0.0836480801539251,0.0947451487234719
xgboost_augmented,augmented,xgboost_08,136,0.08363922929782162,0.094736634928526
xgboost_augmented,augmented,xgboost_08,137,0.08362918209795138,0.09471471778417115
xgboost_augmented,augmented,xgboost_08,138,0.08361671311207938,0.09472685402164205
xgboost_augmented,augmented,xgboost_08,139,0.08360374628079648,0.09470754350287477
xgboost_augmented,augmented,xgboost_08,140,0.08359325947118192,0.09471109774974618
xgboost_augmented,augmented,xgboost_08,141,0.08358362732927706,0.09470225379286167
xgboost_augmented,augmented,xgboost_08,142,0.08357333288645397,0.0946868567205118
xgboost_augmented,augmented,xgboost_08,143,0.08356485811729124,0.09467152465558085
xgboost_augmented,augmented,xgboost_08,144,0.08355910618520015,0.09465686284190677
xgboost_augmented,augmented,xgboost_08,145,0.08355473459568986,0.09465054601021207
xgboost_augmented,augmented,xgboost_08,146,0.0835455178911076,0.09464012096809124
xgboost_augmented,augmented,xgboost_08,147,0.0835341687159254,0.09462327237579074
xgboost_augmented,augmented,xgboost_08,148,0.0835287816582504,0.09461711006491538
xgboost_augmented,augmented,xgboost_08,149,0.08351938962746693,0.09461569323883048
xgboost_augmented,augmented,xgboost_08,150,0.08351540965422789,0.09461111254849193
xgboost_augmented,augmented,xgboost_08,151,0.08350898828920655,0.0946104320276141
xgboost_augmented,augmented,xgboost_08,152,0.08349650644310677,0.0945984941396623
xgboost_augmented,augmented,xgboost_08,153,0.08348923448998555,0.09460728399672175
xgboost_augmented,augmented,xgboost_08,154,0.08347663370682099,0.09460526147310976
xgboost_augmented,augmented,xgboost_08,155,0.08346708760485473,0.09460375072635878
xgboost_augmented,augmented,xgboost_08,156,0.08345770780998167,0.09461055000445888
xgboost_augmented,augmented,xgboost_08,157,0.08344867508889589,0.09460874000981176
xgboost_augmented,augmented,xgboost_08,158,0.0834395588279096,0.09460900077047968
xgboost_augmented,augmented,xgboost_08,159,0.08343245487469468,0.09459157458743837
xgboost_augmented,augmented,xgboost_08,160,0.08342635703288864,0.09458395009736287
xgboost_augmented,augmented,xgboost_08,161,0.08341961980594649,0.09458603420384958
xgboost_augmented,augmented,xgboost_08,162,0.08341334445264785,0.09459852101287554
xgboost_augmented,augmented,xgboost_08,163,0.08340563732967016,0.09460967292374574
xgboost_augmented,augmented,xgboost_08,164,0.08339929716063572,0.09460992872692932
xgboost_augmented,augmented,xgboost_08,165,0.08339540533685154,0.09462499711349123
xgboost_augmented,augmented,xgboost_08,166,0.08338874155829398,0.09462748473513406
xgboost_augmented,augmented,xgboost_08,167,0.08338102294307362,0.09468988508065299
xgboost_augmented,augmented,xgboost_08,168,0.08337413012249423,0.09467724566234444
xgboost_augmented,augmented,xgboost_08,169,0.0833695868520848,0.0946829088387274
xgboost_augmented,augmented,xgboost_08,170,0.08336575520601375,0.09467985499577529
xgboost_augmented,augmented,xgboost_08,171,0.08335284261917188,0.09467704299394067
xgboost_augmented,augmented,xgboost_08,172,0.08335091594793728,0.09467490280689168
xgboost_augmented,augmented,xgboost_08,173,0.08334702589836884,0.09467269726215927
xgboost_augmented,augmented,xgboost_08,174,0.0833331570114423,0.09465996588586954
xgboost_augmented,augmented,xgboost_08,175,0.08332471511557178,0.09467287569987888
xgboost_augmented,augmented,xgboost_08,176,0.08332127600073128,0.09467147130329602
xgboost_augmented,augmented,xgboost_08,177,0.08331597104506475,0.09467055840797091
xgboost_augmented,augmented,xgboost_08,178,0.08331224802185148,0.09466787513637827
xgboost_augmented,augmented,xgboost_08,179,0.0833007342320883,0.09466788549024323
xgboost_augmented,augmented,xgboost_08,180,0.08329455659673742,0.0946435597482635
xgboost_augmented,augmented,xgboost_08,181,0.08329069683691392,0.09463567182590674
xgboost_augmented,augmented,xgboost_08,182,0.08328539376075988,0.09463720954490781
xgboost_augmented,augmented,xgboost_08,183,0.08327373369833425,0.09464819717355978
xgboost_augmented,augmented,xgboost_08,184,0.08326916782863485,0.09464422063389286
xgboost_augmented,augmented,xgboost_08,185,0.08326558399467283,0.09464145369408032
xgboost_augmented,augmented,xgboost_08,186,0.08326249693542914,0.0946460844664815
xgboost_augmented,augmented,xgboost_08,187,0.08325340048106665,0.09465354802002957
xgboost_augmented,augmented,xgboost_08,188,0.08324742749858331,0.09464442939569614
xgboost_augmented,augmented,xgboost_08,189,0.08323672463392805,0.09465324259900296
xgboost_augmented,augmented,xgboost_08,190,0.08323257752732174,0.09465422127975046
xgboost_augmented,augmented,xgboost_09,1,0.11120241560331584,0.13156211040141821
xgboost_augmented,augmented,xgboost_09,2,0.10918741463107069,0.12869813116832712
xgboost_augmented,augmented,xgboost_09,3,0.10743938545929202,0.1261642788669606
xgboost_augmented,augmented,xgboost_09,4,0.10570871313349346,0.12371111029591314
xgboost_augmented,augmented,xgboost_09,5,0.10416754676989773,0.121579636063345
xgboost_augmented,augmented,xgboost_09,6,0.10277881210491285,0.11961350620654433
xgboost_augmented,augmented,xgboost_09,7,0.1014257100981789,0.11766512463738554
xgboost_augmented,augmented,xgboost_09,8,0.10018081296987326,0.11587832042407598
xgboost_augmented,augmented,xgboost_09,9,0.09908664283107547,0.11431433114192217
xgboost_augmented,augmented,xgboost_09,10,0.09801030925776047,0.11282164399079735
xgboost_augmented,augmented,xgboost_09,11,0.09703974374989041,0.11145551930819655
xgboost_augmented,augmented,xgboost_09,12,0.09612193886444671,0.11013036505764844
xgboost_augmented,augmented,xgboost_09,13,0.0952761413676988,0.10900456549218412
xgboost_augmented,augmented,xgboost_09,14,0.09453339266719596,0.10800252280786367
xgboost_augmented,augmented,xgboost_09,15,0.0938111117493332,0.10698808458738901
xgboost_augmented,augmented,xgboost_09,16,0.09313495612478338,0.10611955539045961
xgboost_augmented,augmented,xgboost_09,17,0.09252732589360238,0.10532351070958587
xgboost_augmented,augmented,xgboost_09,18,0.09197145429584148,0.1045564276297014
xgboost_augmented,augmented,xgboost_09,19,0.09145367147199485,0.10386761533429147
xgboost_augmented,augmented,xgboost_09,20,0.09096106959382749,0.10322621217463103
xgboost_augmented,augmented,xgboost_09,21,0.09051080257492092,0.102665761576208
xgboost_augmented,augmented,xgboost_09,22,0.09008583002808805,0.10216735004536283
xgboost_augmented,augmented,xgboost_09,23,0.08968835718272347,0.10169001859268641
xgboost_augmented,augmented,xgboost_09,24,0.08933069032327513,0.10123850067262334
xgboost_augmented,augmented,xgboost_09,25,0.08900760881520128,0.10080436861418565
xgboost_augmented,augmented,xgboost_09,26,0.08868750122429932,0.10038730305158076
xgboost_augmented,augmented,xgboost_09,27,0.08838958455023711,0.1000000319677696
xgboost_augmented,augmented,xgboost_09,28,0.08810651383141396,0.09972354662596482
xgboost_augmented,augmented,xgboost_09,29,0.08785628770999807,0.09933926688469841
xgboost_augmented,augmented,xgboost_09,30,0.08762353338945962,0.09904638591848905
xgboost_augmented,augmented,xgboost_09,31,0.08740185456528493,0.0987752415966917
xgboost_augmented,augmented,xgboost_09,32,0.08718590136460064,0.09849082863329137
xgboost_augmented,augmented,xgboost_09,33,0.08698916818574254,0.09828216443346031
xgboost_augmented,augmented,xgboost_09,34,0.08680502934880058,0.09804755858242059
xgboost_augmented,augmented,xgboost_09,35,0.08661990687112059,0.09787277247957803
xgboost_augmented,augmented,xgboost_09,36,0.0864616906820838,0.09767436545739859
xgboost_augmented,augmented,xgboost_09,37,0.08631201732225324,0.09748100518499826
xgboost_augmented,augmented,xgboost_09,38,0.08618429069355682,0.09734869050607937
xgboost_augmented,augmented,xgboost_09,39,0.0860424768987512,0.09714851451796744
xgboost_augmented,augmented,xgboost_09,40,0.08591774087858318,0.09698059825999654
xgboost_augmented,augmented,xgboost_09,41,0.0857971898742612,0.0968427811254722
xgboost_augmented,augmented,xgboost_09,42,0.0856823060636005,0.09671106561153389
xgboost_augmented,augmented,xgboost_09,43,0.085573506560998,0.09662526374077782
xgboost_augmented,augmented,xgboost_09,44,0.08547942126831329,0.09647915047664997
xgboost_augmented,augmented,xgboost_09,45,0.08538647990005797,0.09639916750695819
xgboost_augmented,augmented,xgboost_09,46,0.08528768595226302,0.09631111755526363
xgboost_augmented,augmented,xgboost_09,47,0.08519212540898953,0.09622288580486436
xgboost_augmented,augmented,xgboost_09,48,0.08509559851751011,0.0961276749318205
xgboost_augmented,augmented,xgboost_09,49,0.08501089750385366,0.09606515829696968
xgboost_augmented,augmented,xgboost_09,50,0.08492479846678937,0.09600956402210047
xgboost_augmented,augmented,xgboost_09,51,0.08483742703091474,0.09593318526099413
xgboost_augmented,augmented,xgboost_09,52,0.08476294307349579,0.09585274538800756
xgboost_augmented,augmented,xgboost_09,53,0.0846972563222642,0.09575486326180745
xgboost_augmented,augmented,xgboost_09,54,0.08464049635783376,0.09570554947511399
xgboost_augmented,augmented,xgboost_09,55,0.0845829032394249,0.09564187255387015
xgboost_augmented,augmented,xgboost_09,56,0.08452887807557118,0.09557235465373863
xgboost_augmented,augmented,xgboost_09,57,0.08445617632205667,0.09554842978463667
xgboost_augmented,augmented,xgboost_09,58,0.08441149169703689,0.09547085110709895
xgboost_augmented,augmented,xgboost_09,59,0.0843659386839806,0.09541939592473074
xgboost_augmented,augmented,xgboost_09,60,0.08430616502439947,0.09539447765424296
xgboost_augmented,augmented,xgboost_09,61,0.08424331103114542,0.09536777065357557
xgboost_augmented,augmented,xgboost_09,62,0.08419842168326089,0.09533967966518957
xgboost_augmented,augmented,xgboost_09,63,0.08415062273414932,0.09527404238877955
xgboost_augmented,augmented,xgboost_09,64,0.08411964107719769,0.09523273120962834
xgboost_augmented,augmented,xgboost_09,65,0.08407658376660025,0.09521888297222689
xgboost_augmented,augmented,xgboost_09,66,0.0840346187739774,0.0951934185272454
xgboost_augmented,augmented,xgboost_09,67,0.08400693942432594,0.09515282672589605
xgboost_augmented,augmented,xgboost_09,68,0.08397515609104715,0.0951410569096387
xgboost_augmented,augmented,xgboost_09,69,0.08393671718263762,0.09511454465379945
xgboost_augmented,augmented,xgboost_09,70,0.0839039704852732,0.09510959757597001
xgboost_augmented,augmented,xgboost_09,71,0.08386630283566937,0.09509768216274123
xgboost_augmented,augmented,xgboost_09,72,0.08383518445787645,0.09507219568707288
xgboost_augmented,augmented,xgboost_09,73,0.08380074188174122,0.09505962609075364
xgboost_augmented,augmented,xgboost_09,74,0.08377534500386244,0.09504617813163269
xgboost_augmented,augmented,xgboost_09,75,0.0837486140768103,0.09503845641180635
xgboost_augmented,augmented,xgboost_09,76,0.08371829511334511,0.09503318153801633
xgboost_augmented,augmented,xgboost_09,77,0.08368479311443346,0.09501221743238689
xgboost_augmented,augmented,xgboost_09,78,0.08366453737442281,0.0950174995126755
xgboost_augmented,augmented,xgboost_09,79,0.08364585169496463,0.09500652431026613
xgboost_augmented,augmented,xgboost_09,80,0.08361358619062552,0.09499593864853581
xgboost_augmented,augmented,xgboost_09,81,0.08358389897892862,0.09498931958969055
xgboost_augmented,augmented,xgboost_09,82,0.08355522409731837,0.09497621390032851
xgboost_augmented,augmented,xgboost_09,83,0.08353089383450304,0.09492865711892357
xgboost_augmented,augmented,xgboost_09,84,0.08350387311756667,0.09493125316323751
xgboost_augmented,augmented,xgboost_09,85,0.08348096079739244,0.09491523940691333
xgboost_augmented,augmented,xgboost_09,86,0.08345738893255315,0.0948916797933987
xgboost_augmented,augmented,xgboost_09,87,0.08343426964481841,0.09486975982661867
xgboost_augmented,augmented,xgboost_09,88,0.0834145306107365,0.09483610561975264
xgboost_augmented,augmented,xgboost_09,89,0.083397093318486,0.0948251930251868
xgboost_augmented,augmented,xgboost_09,90,0.08337934735202956,0.09481774373257051
xgboost_augmented,augmented,xgboost_09,91,0.08335784775816914,0.09481624803704038
xgboost_augmented,augmented,xgboost_09,92,0.08333894600146133,0.09481324669967062
xgboost_augmented,augmented,xgboost_09,93,0.08331900030072269,0.0947894050934896
xgboost_augmented,augmented,xgboost_09,94,0.08329307911734224,0.09480878638888628
xgboost_augmented,augmented,xgboost_09,95,0.08327633973406867,0.09479318711862042
xgboost_augmented,augmented,xgboost_09,96,0.08326113433527654,0.09485918755329285
xgboost_augmented,augmented,xgboost_09,97,0.08324711060981599,0.09485657154114209
xgboost_augmented,augmented,xgboost_09,98,0.08322336659651663,0.09484090222473769
xgboost_augmented,augmented,xgboost_09,99,0.08321377777903587,0.09484935968914726
xgboost_augmented,augmented,xgboost_09,100,0.08319630549215024,0.0948635710805488
xgboost_augmented,augmented,xgboost_09,101,0.08318583723128604,0.09486886080209532
xgboost_augmented,augmented,xgboost_09,102,0.08317475557492664,0.09486579746877939
xgboost_augmented,augmented,xgboost_09,103,0.08315263884746091,0.09484867714114786
xgboost_augmented,augmented,xgboost_09,104,0.08313232936734428,0.09482521998953901
xgboost_augmented,augmented,xgboost_09,105,0.08312290471843042,0.09482455011537437
xgboost_augmented,augmented,xgboost_09,106,0.08310338218438011,0.09482816771675201
xgboost_augmented,augmented,xgboost_09,107,0.08309009414517672,0.09481146904256414
xgboost_augmented,augmented,xgboost_09,108,0.08308161673784725,0.0948287525838187
xgboost_augmented,augmented,xgboost_09,109,0.08306585060138737,0.09483491616098688
xgboost_augmented,augmented,xgboost_09,110,0.08305136736019034,0.09483054229634369
xgboost_augmented,augmented,xgboost_09,111,0.08303197239013585,0.09483050481490375
xgboost_augmented,augmented,xgboost_09,112,0.08302150471148839,0.09482650303425133
xgboost_augmented,augmented,xgboost_09,113,0.08300134548572016,0.0948129256397209
xgboost_augmented,augmented,xgboost_09,114,0.08298642418299322,0.09480442155891199
xgboost_augmented,augmented,xgboost_09,115,0.08298144744240174,0.09480244905580934
xgboost_augmented,augmented,xgboost_09,116,0.08296933621494348,0.09490448365489171
xgboost_augmented,augmented,xgboost_09,117,0.08295588680573768,0.09485473929604658
xgboost_augmented,augmented,xgboost_09,118,0.0829375945513137,0.09484271780844852
xgboost_augmented,augmented,xgboost_09,119,0.08292897307415761,0.0948446604864127
xgboost_augmented,augmented,xgboost_09,120,0.08291629626550119,0.09486064007928248
xgboost_augmented,augmented,xgboost_09,121,0.08290425337172562,0.09484294923189122
xgboost_augmented,augmented,xgboost_09,122,0.08289530256588876,0.0948384227475603
xgboost_augmented,augmented,xgboost_09,123,0.08288222265750568,0.09484719200871372
xgboost_augmented,augmented,xgboost_10,1,0.11134117077083765,0.13168154542204877
xgboost_augmented,augmented,xgboost_10,2,0.1093175903819985,0.12875882348479212
xgboost_augmented,augmented,xgboost_10,3,0.10744317749984948,0.12609427937778206
xgboost_augmented,augmented,xgboost_10,4,0.10571298748952943,0.12363647165017368
xgboost_augmented,augmented,xgboost_10,5,0.10412157474905899,0.12138133513446467
xgboost_augmented,augmented,xgboost_10,6,0.10274293302787667,0.11941714857391905
xgboost_augmented,augmented,xgboost_10,7,0.10139391509098368,0.11748851678773073
xgboost_augmented,augmented,xgboost_10,8,0.10015553348424541,0.115757745945507
xgboost_augmented,augmented,xgboost_10,9,0.09900366268029034,0.11418194485195698
xgboost_augmented,augmented,xgboost_10,10,0.09796124975667159,0.11274969747305309
xgboost_augmented,augmented,xgboost_10,11,0.0970255382842147,0.11143211949391518
xgboost_augmented,augmented,xgboost_10,12,0.09616062982054913,0.11025459095605017
xgboost_augmented,augmented,xgboost_10,13,0.09531113528824267,0.10903575495216403
xgboost_augmented,augmented,xgboost_10,14,0.09453501907415225,0.1079746730982162
xgboost_augmented,augmented,xgboost_10,15,0.09381284885938265,0.10697103817999234
xgboost_augmented,augmented,xgboost_10,16,0.09315452348612147,0.10609708182505691
xgboost_augmented,augmented,xgboost_10,17,0.09254929680576493,0.10531991298352707
xgboost_augmented,augmented,xgboost_10,18,0.09198768930024957,0.1046322247376752
xgboost_augmented,augmented,xgboost_10,19,0.09147561389300383,0.10392100992991764
xgboost_augmented,augmented,xgboost_10,20,0.09098472439697042,0.10331977420618266
xgboost_augmented,augmented,xgboost_10,21,0.09053249076923515,0.10269903725040466
xgboost_augmented,augmented,xgboost_10,22,0.09012048441098074,0.10217566860831952
xgboost_augmented,augmented,xgboost_10,23,0.08973624218501476,0.10171458052729779
xgboost_augmented,augmented,xgboost_10,24,0.08937504699659715,0.10123503393472155
xgboost_augmented,augmented,xgboost_10,25,0.08909703060076875,0.10088774242055643
xgboost_augmented,augmented,xgboost_10,26,0.08877363425659741,0.10046813863649641
xgboost_augmented,augmented,xgboost_10,27,0.08848053516989333,0.10004985239507191
xgboost_augmented,augmented,xgboost_10,28,0.0881961912990525,0.09975165274367288
xgboost_augmented,augmented,xgboost_10,29,0.08794523753320477,0.09945503678431075
xgboost_augmented,augmented,xgboost_10,30,0.08770383447644006,0.09912214237897746
xgboost_augmented,augmented,xgboost_10,31,0.08753553111855152,0.09886165314324794
xgboost_augmented,augmented,xgboost_10,32,0.08731659350643962,0.09862288608327197
xgboost_augmented,augmented,xgboost_10,33,0.0871200260332283,0.09835264939668883
xgboost_augmented,augmented,xgboost_10,34,0.08692547400704005,0.09813717008727683
xgboost_augmented,augmented,xgboost_10,35,0.0867379650539439,0.0979263848917345
xgboost_augmented,augmented,xgboost_10,36,0.08656488215925548,0.09770882938599756
xgboost_augmented,augmented,xgboost_10,37,0.08639510672523915,0.0975684293864581
xgboost_augmented,augmented,xgboost_10,38,0.086246104070627,0.09737755499578594
xgboost_augmented,augmented,xgboost_10,39,0.08610981676527021,0.09725326102521326
xgboost_augmented,augmented,xgboost_10,40,0.08597950823516286,0.09714549813476746
xgboost_augmented,augmented,xgboost_10,41,0.08584598577859823,0.09701872808159978
xgboost_augmented,augmented,xgboost_10,42,0.08572831161740854,0.09688023217238044
xgboost_augmented,augmented,xgboost_10,43,0.08561184121926914,0.09676114542991211
xgboost_augmented,augmented,xgboost_10,44,0.08550881253446374,0.0966277565465615
xgboost_augmented,augmented,xgboost_10,45,0.08540286758482284,0.09650323134873938
xgboost_augmented,augmented,xgboost_10,46,0.0853057475589724,0.09640322708828017
xgboost_augmented,augmented,xgboost_10,47,0.0852067268212844,0.0963224512242209
xgboost_augmented,augmented,xgboost_10,48,0.08511643302181865,0.09621037778678139
xgboost_augmented,augmented,xgboost_10,49,0.08503544468189901,0.09614821297423341
xgboost_augmented,augmented,xgboost_10,50,0.08495120128969069,0.09607295474173673
xgboost_augmented,augmented,xgboost_10,51,0.08487873444375998,0.09595982002492792
xgboost_augmented,augmented,xgboost_10,52,0.08480431379930345,0.09588530681087618
xgboost_augmented,augmented,xgboost_10,53,0.08473826232875707,0.09583543331987493
xgboost_augmented,augmented,xgboost_10,54,0.08466742890891439,0.09579734462301445
xgboost_augmented,augmented,xgboost_10,55,0.08459762432793828,0.0957530916365472
xgboost_augmented,augmented,xgboost_10,56,0.08453122245753318,0.09568525120407355
xgboost_augmented,augmented,xgboost_10,57,0.08447584596163397,0.09563723070701682
xgboost_augmented,augmented,xgboost_10,58,0.08441906510511131,0.09558757615103558
xgboost_augmented,augmented,xgboost_10,59,0.08437531405720242,0.09551137667422598
xgboost_augmented,augmented,xgboost_10,60,0.08432897009255991,0.0954750131163533
xgboost_augmented,augmented,xgboost_10,61,0.08426908419954668,0.0954357392507782
xgboost_augmented,augmented,xgboost_10,62,0.08420895499747826,0.09538668021196162
xgboost_augmented,augmented,xgboost_10,63,0.08415636944521857,0.09532423737160646
xgboost_augmented,augmented,xgboost_10,64,0.08411132522076199,0.0953145914871899
xgboost_augmented,augmented,xgboost_10,65,0.08407058528842885,0.09529033442639513
xgboost_augmented,augmented,xgboost_10,66,0.08402581071316603,0.0952888064267963
xgboost_augmented,augmented,xgboost_10,67,0.08398604680472437,0.09526540091576431
xgboost_augmented,augmented,xgboost_10,68,0.08395366859138736,0.09523122142691971
xgboost_augmented,augmented,xgboost_10,69,0.08392157632359486,0.09520034998896518
xgboost_augmented,augmented,xgboost_10,70,0.08388850449506535,0.09518819955437233
xgboost_augmented,augmented,xgboost_10,71,0.08386089990376355,0.09517398724355769
xgboost_augmented,augmented,xgboost_10,72,0.0838376606063455,0.09514648025096474
xgboost_augmented,augmented,xgboost_10,73,0.08380617243808101,0.09511634307191516
xgboost_augmented,augmented,xgboost_10,74,0.08377028923160035,0.09510629712409047
xgboost_augmented,augmented,xgboost_10,75,0.0837454186021425,0.09508303466779132
xgboost_augmented,augmented,xgboost_10,76,0.08370803094191001,0.09508133076594184
xgboost_augmented,augmented,xgboost_10,77,0.08367431077525152,0.09508528515557624
xgboost_augmented,augmented,xgboost_10,78,0.0836506914860352,0.09506699463585987
xgboost_augmented,augmented,xgboost_10,79,0.0836181173877492,0.09507032617829315
xgboost_augmented,augmented,xgboost_10,80,0.08359166123244709,0.09503351727485264
xgboost_augmented,augmented,xgboost_10,81,0.08356664525046216,0.09503902373668711
xgboost_augmented,augmented,xgboost_10,82,0.08354078341379607,0.09505146503865193
xgboost_augmented,augmented,xgboost_10,83,0.08351475792956985,0.09502238842929107
xgboost_augmented,augmented,xgboost_10,84,0.08349610347509887,0.09500119164307762
xgboost_augmented,augmented,xgboost_10,85,0.0834758176021599,0.09499469127188598
xgboost_augmented,augmented,xgboost_10,86,0.08345721405724113,0.09499162875932236
xgboost_augmented,augmented,xgboost_10,87,0.08343664183577715,0.0949705385031731
xgboost_augmented,augmented,xgboost_10,88,0.08341851575880403,0.09495862567931942
xgboost_augmented,augmented,xgboost_10,89,0.08340108079650382,0.0949097815948679
xgboost_augmented,augmented,xgboost_10,90,0.08338523082748524,0.0949113416998349
xgboost_augmented,augmented,xgboost_10,91,0.08336753338429591,0.09487334595320462
xgboost_augmented,augmented,xgboost_10,92,0.08334385807220974,0.09488343840334823
xgboost_augmented,augmented,xgboost_10,93,0.08332757487312423,0.09487333268013419
xgboost_augmented,augmented,xgboost_10,94,0.08331460229304169,0.09486228814590529
xgboost_augmented,augmented,xgboost_10,95,0.08330150982036919,0.09485477923523038
xgboost_augmented,augmented,xgboost_10,96,0.0832859050326658,0.09485886696959761
xgboost_augmented,augmented,xgboost_10,97,0.08327253606861691,0.0948560985971354
xgboost_augmented,augmented,xgboost_10,98,0.08325249809746528,0.09484734304606822
xgboost_augmented,augmented,xgboost_10,99,0.08322972000844635,0.09484220520080616
xgboost_augmented,augmented,xgboost_10,100,0.08321080035757951,0.09482137829294486
xgboost_augmented,augmented,xgboost_10,101,0.08318788744655173,0.09483231697783129
xgboost_augmented,augmented,xgboost_10,102,0.08317112303960486,0.09483199770041968
xgboost_augmented,augmented,xgboost_10,103,0.08315886381642719,0.09483014219307008
xgboost_augmented,augmented,xgboost_10,104,0.0831446037135617,0.0948061056966397
xgboost_augmented,augmented,xgboost_10,105,0.0831333786409739,0.09479901771706617
xgboost_augmented,augmented,xgboost_10,106,0.08312207605802645,0.09479321447184902
xgboost_augmented,augmented,xgboost_10,107,0.08311086816223158,0.0947918669403508
xgboost_augmented,augmented,xgboost_10,108,0.08309561185463957,0.09477587148779346
xgboost_augmented,augmented,xgboost_10,109,0.08308686966942296,0.09487833880010411
xgboost_augmented,augmented,xgboost_10,110,0.08307003797878172,0.094860611891637
xgboost_augmented,augmented,xgboost_10,111,0.08305268665373414,0.09487889149586166
xgboost_augmented,augmented,xgboost_10,112,0.08303631130686616,0.09489747723768847
xgboost_augmented,augmented,xgboost_10,113,0.08302085181812362,0.09485830299191197
xgboost_augmented,augmented,xgboost_10,114,0.08301155590486146,0.09484967216122221
xgboost_augmented,augmented,xgboost_10,115,0.08300112819715158,0.09485109651109976
xgboost_augmented,augmented,xgboost_10,116,0.08299108278985404,0.09486506079161997
xgboost_augmented,augmented,xgboost_10,117,0.08297704717494822,0.09485855749796343
xgboost_augmented,augmented,xgboost_10,118,0.08296830995685556,0.09485266117276522
xgboost_augmented,augmented,xgboost_10,119,0.08295218181183286,0.09485008189789895
xgboost_augmented,augmented,xgboost_10,120,0.08293652082437071,0.09486934741018001
xgboost_augmented,augmented,xgboost_10,121,0.08292578834725223,0.09484556678876628
xgboost_augmented,augmented,xgboost_10,122,0.0829068748015208,0.09484865643366869
xgboost_augmented,augmented,xgboost_10,123,0.0828948267794712,0.09484439984672018
xgboost_augmented,augmented,xgboost_10,124,0.08288275275357662,0.09485364255308203
xgboost_augmented,augmented,xgboost_10,125,0.08287268727426171,0.09494913825500736
xgboost_augmented,augmented,xgboost_10,126,0.08285855274345066,0.09494166350716003
xgboost_augmented,augmented,xgboost_10,127,0.08284723649374258,0.09494329178170512
xgboost_augmented,augmented,xgboost_10,128,0.08283643955550876,0.09496668460047399
xgboost_augmented,augmented,xgboost_10,129,0.08282083401896155,0.09496517683410567
xgboost_augmented,augmented,xgboost_10,130,0.08281275171154374,0.09496301999582643
xgboost_augmented,augmented,xgboost_10,131,0.08280399168471114,0.09496109135853104
xgboost_augmented,augmented,xgboost_10,132,0.08279325327125103,0.0949439982053603
xgboost_augmented,augmented,xgboost_10,133,0.08278155984732821,0.09494331127817661
xgboost_augmented,augmented,xgboost_10,134,0.08277524782436649,0.09495791239328738
xgboost_augmented,augmented,xgboost_10,135,0.0827635892686264,0.09495514933872846
xgboost_augmented,augmented,xgboost_10,136,0.0827553902030554,0.0950277316000281
xgboost_augmented,augmented,xgboost_10,137,0.0827458178692567,0.09501673680775169
xgboost_augmented,augmented,xgboost_10,138,0.08273607676413784,0.09503435623878556
xgboost_augmented,augmented,xgboost_11,1,0.11120241560331584,0.13156211040141821
xgboost_augmented,augmented,xgboost_11,2,0.10918741463107069,0.12869813116832712
xgboost_augmented,augmented,xgboost_11,3,0.10743938545929202,0.1261642788669606
xgboost_augmented,augmented,xgboost_11,4,0.10570871313349346,0.12371111029591314
xgboost_augmented,augmented,xgboost_11,5,0.10416754676989773,0.121579636063345
xgboost_augmented,augmented,xgboost_11,6,0.10277881210491285,0.11961350620654433
xgboost_augmented,augmented,xgboost_11,7,0.1014257100981789,0.11766512463738554
xgboost_augmented,augmented,xgboost_11,8,0.10018081296987326,0.11587832042407598
xgboost_augmented,augmented,xgboost_11,9,0.09908664283107547,0.11431433114192217
xgboost_augmented,augmented,xgboost_11,10,0.09801030925776047,0.11282164399079735
xgboost_augmented,augmented,xgboost_11,11,0.09703974374989041,0.11145551930819655
xgboost_augmented,augmented,xgboost_11,12,0.09612193886444671,0.11013036505764844
xgboost_augmented,augmented,xgboost_11,13,0.0952761413676988,0.10900456549218412
xgboost_augmented,augmented,xgboost_11,14,0.09453339266719596,0.10800252280786367
xgboost_augmented,augmented,xgboost_11,15,0.0938111117493332,0.10698808458738901
xgboost_augmented,augmented,xgboost_11,16,0.09313495612478338,0.10611955539045961
xgboost_augmented,augmented,xgboost_11,17,0.09252732589360238,0.10532351070958587
xgboost_augmented,augmented,xgboost_11,18,0.09197145429584148,0.1045564276297014
xgboost_augmented,augmented,xgboost_11,19,0.09145367147199485,0.10386761533429147
xgboost_augmented,augmented,xgboost_11,20,0.09096106959382749,0.10322621217463103
xgboost_augmented,augmented,xgboost_11,21,0.09051080257492092,0.102665761576208
xgboost_augmented,augmented,xgboost_11,22,0.09008583002808805,0.10216735004536283
xgboost_augmented,augmented,xgboost_11,23,0.08968835718272347,0.10169001859268641
xgboost_augmented,augmented,xgboost_11,24,0.08933069032327513,0.10123850067262334
xgboost_augmented,augmented,xgboost_11,25,0.08900760881520128,0.10080436861418565
xgboost_augmented,augmented,xgboost_11,26,0.08868750122429932,0.10038730305158076
xgboost_augmented,augmented,xgboost_11,27,0.08838958455023711,0.1000000319677696
xgboost_augmented,augmented,xgboost_11,28,0.08810651383141396,0.09972354662596482
xgboost_augmented,augmented,xgboost_11,29,0.08785628770999807,0.09933926688469841
xgboost_augmented,augmented,xgboost_11,30,0.08762353338945962,0.09904638591848905
xgboost_augmented,augmented,xgboost_11,31,0.08740185456528493,0.0987752415966917
xgboost_augmented,augmented,xgboost_11,32,0.08718590136460064,0.09849082863329137
xgboost_augmented,augmented,xgboost_11,33,0.08698916818574254,0.09828216443346031
xgboost_augmented,augmented,xgboost_11,34,0.08680502934880058,0.09804755858242059
xgboost_augmented,augmented,xgboost_11,35,0.08661990687112059,0.09787277247957803
xgboost_augmented,augmented,xgboost_11,36,0.0864616906820838,0.09767436545739859
xgboost_augmented,augmented,xgboost_11,37,0.08631201732225324,0.09748100518499826
xgboost_augmented,augmented,xgboost_11,38,0.08618429069355682,0.09734869050607937
xgboost_augmented,augmented,xgboost_11,39,0.0860424768987512,0.09714851451796744
xgboost_augmented,augmented,xgboost_11,40,0.08591774087858318,0.09698059825999654
xgboost_augmented,augmented,xgboost_11,41,0.0857971898742612,0.0968427811254722
xgboost_augmented,augmented,xgboost_11,42,0.0856823060636005,0.09671106561153389
xgboost_augmented,augmented,xgboost_11,43,0.085573506560998,0.09662526374077782
xgboost_augmented,augmented,xgboost_11,44,0.08547942126831329,0.09647915047664997
xgboost_augmented,augmented,xgboost_11,45,0.08538647990005797,0.09639916750695819
xgboost_augmented,augmented,xgboost_11,46,0.08528768595226302,0.09631111755526363
xgboost_augmented,augmented,xgboost_11,47,0.08519212540898953,0.09622288580486436
xgboost_augmented,augmented,xgboost_11,48,0.08509559851751011,0.0961276749318205
xgboost_augmented,augmented,xgboost_11,49,0.08501089750385366,0.09606515829696968
xgboost_augmented,augmented,xgboost_11,50,0.08492479846678937,0.09600956402210047
xgboost_augmented,augmented,xgboost_11,51,0.08483742703091474,0.09593318526099413
xgboost_augmented,augmented,xgboost_11,52,0.08476294307349579,0.09585274538800756
xgboost_augmented,augmented,xgboost_11,53,0.0846972563222642,0.09575486326180745
xgboost_augmented,augmented,xgboost_11,54,0.08464049635783376,0.09570554947511399
xgboost_augmented,augmented,xgboost_11,55,0.0845829032394249,0.09564187255387015
xgboost_augmented,augmented,xgboost_11,56,0.08452887807557118,0.09557235465373863
xgboost_augmented,augmented,xgboost_11,57,0.08445617632205667,0.09554842978463667
xgboost_augmented,augmented,xgboost_11,58,0.08441149169703689,0.09547085110709895
xgboost_augmented,augmented,xgboost_11,59,0.0843659386839806,0.09541939592473074
xgboost_augmented,augmented,xgboost_11,60,0.08430616502439947,0.09539447765424296
xgboost_augmented,augmented,xgboost_11,61,0.08424331103114542,0.09536777065357557
xgboost_augmented,augmented,xgboost_11,62,0.08419842168326089,0.09533967966518957
xgboost_augmented,augmented,xgboost_11,63,0.084150824344064,0.09527440025533958
xgboost_augmented,augmented,xgboost_11,64,0.08411984408952432,0.09523308905287083
xgboost_augmented,augmented,xgboost_11,65,0.08407679994123207,0.0952192430020528
xgboost_augmented,augmented,xgboost_11,66,0.08403482933167879,0.0951937778073999
xgboost_augmented,augmented,xgboost_11,67,0.08400716609860018,0.09515319364893816
xgboost_augmented,augmented,xgboost_11,68,0.08397538657833391,0.09514142231027116
xgboost_augmented,augmented,xgboost_11,69,0.08393714209907577,0.09511417579966393
xgboost_augmented,augmented,xgboost_11,70,0.08390440202063112,0.09510927818485405
xgboost_augmented,augmented,xgboost_11,71,0.08386672966309767,0.09509737673080802
xgboost_augmented,augmented,xgboost_11,72,0.0838356081599261,0.09507188929184952
xgboost_augmented,augmented,xgboost_11,73,0.08380117582595428,0.09505931167304316
xgboost_augmented,augmented,xgboost_11,74,0.08377578462747981,0.0950452738433629
xgboost_augmented,augmented,xgboost_11,75,0.08374905520419414,0.09503754480358433
xgboost_augmented,augmented,xgboost_11,76,0.08371874591936364,0.09503226796610649
xgboost_augmented,augmented,xgboost_11,77,0.08368524367031577,0.0950113022598408
xgboost_augmented,augmented,xgboost_11,78,0.0836653892568994,0.09501514551432236
xgboost_augmented,augmented,xgboost_11,79,0.08364651533332321,0.09500211004710868
xgboost_augmented,augmented,xgboost_11,80,0.0836155095047022,0.0949912436667773
xgboost_augmented,augmented,xgboost_11,81,0.08358574987549974,0.09498462940332189
xgboost_augmented,augmented,xgboost_11,82,0.08355697427981418,0.09497139494748792
xgboost_augmented,augmented,xgboost_11,83,0.08353261465539409,0.09492386703043855
xgboost_augmented,augmented,xgboost_11,84,0.08350554143684503,0.09492639548848898
xgboost_augmented,augmented,xgboost_11,85,0.08348266096341742,0.09491049824012997
xgboost_augmented,augmented,xgboost_11,86,0.08345908093499496,0.09488679360455914
xgboost_augmented,augmented,xgboost_11,87,0.08343597178560147,0.094864876109689
xgboost_augmented,augmented,xgboost_11,88,0.0834163096633218,0.09483118208699648
xgboost_augmented,augmented,xgboost_11,89,0.08339889660810351,0.09482026457242985
xgboost_augmented,augmented,xgboost_11,90,0.08337988474652895,0.09481167311302897
xgboost_augmented,augmented,xgboost_11,91,0.08335843211770011,0.09481036923961134
xgboost_augmented,augmented,xgboost_11,92,0.08333992458747357,0.09480638553055327
xgboost_augmented,augmented,xgboost_11,93,0.08332005735824724,0.09478263518997294
xgboost_augmented,augmented,xgboost_11,94,0.08329418439172305,0.09480211515504121
xgboost_augmented,augmented,xgboost_11,95,0.08327764571911361,0.09478615506478572
xgboost_augmented,augmented,xgboost_11,96,0.0832626106728083,0.09485243066497472
xgboost_augmented,augmented,xgboost_11,97,0.0832485567271787,0.09484986943650481
xgboost_augmented,augmented,xgboost_11,98,0.08322537563097028,0.09482691985156214
xgboost_augmented,augmented,xgboost_11,99,0.08321388740466547,0.09483371622173943
xgboost_augmented,augmented,xgboost_11,100,0.083196835527583,0.09484548473522329
xgboost_augmented,augmented,xgboost_11,101,0.08318585272582861,0.09485087348811398
xgboost_augmented,augmented,xgboost_11,102,0.08317083872430935,0.09485500816031157
xgboost_augmented,augmented,xgboost_11,103,0.08314871162879957,0.09483830211076097
xgboost_augmented,augmented,xgboost_11,104,0.08312850958537986,0.09482340980622041
xgboost_augmented,augmented,xgboost_11,105,0.08311881278293078,0.09481985995295006
xgboost_augmented,augmented,xgboost_11,106,0.08310339893053668,0.09475277452008178
xgboost_augmented,augmented,xgboost_11,107,0.08308893221737937,0.09473572715867182
xgboost_augmented,augmented,xgboost_11,108,0.08308021333016097,0.0947531897158207
xgboost_augmented,augmented,xgboost_11,109,0.08306421823479718,0.09475843742768622
xgboost_augmented,augmented,xgboost_11,110,0.08305325206066151,0.09475288284434286
xgboost_augmented,augmented,xgboost_11,111,0.08303884254308318,0.09475174202170157
xgboost_augmented,augmented,xgboost_11,112,0.08302786847388761,0.09474771014286983
xgboost_augmented,augmented,xgboost_11,113,0.08301570693522393,0.09475214814052421
xgboost_augmented,augmented,xgboost_11,114,0.0830010350044666,0.09475303932659349
xgboost_augmented,augmented,xgboost_11,115,0.08299501898753903,0.09475308057870518
xgboost_augmented,augmented,xgboost_11,116,0.08298192203877636,0.09482975227341832
xgboost_augmented,augmented,xgboost_11,117,0.08296956133742221,0.09478804442682037
xgboost_augmented,augmented,xgboost_11,118,0.08295222753936426,0.09477657791809288
xgboost_augmented,augmented,xgboost_11,119,0.08294272778346888,0.09478314930259948
xgboost_augmented,augmented,xgboost_11,120,0.08292877105346823,0.09478648143674667
xgboost_augmented,augmented,xgboost_11,121,0.08291735202085486,0.0947708777972002
xgboost_augmented,augmented,xgboost_11,122,0.082906391362265,0.09475672193501394
xgboost_augmented,augmented,xgboost_11,123,0.08289846808039433,0.09475884999443528
xgboost_augmented,augmented,xgboost_11,124,0.08288253548161958,0.09475793846443983
xgboost_augmented,augmented,xgboost_11,125,0.08287382379923919,0.09475079138405589
xgboost_augmented,augmented,xgboost_11,126,0.0828654829076345,0.0947573858709786
xgboost_augmented,augmented,xgboost_11,127,0.08285534617037235,0.09476767316135166
xgboost_augmented,augmented,xgboost_11,128,0.08285183530441421,0.09477493278521767
xgboost_augmented,augmented,xgboost_11,129,0.08283602217343121,0.09477074061597997
xgboost_augmented,augmented,xgboost_11,130,0.08282701522672833,0.0947681652733785
xgboost_augmented,augmented,xgboost_11,131,0.08281674213380813,0.09477089428696278
xgboost_augmented,augmented,xgboost_11,132,0.08280406152860027,0.0947657203400072
xgboost_augmented,augmented,xgboost_11,133,0.08279723089470824,0.09476463091461299
xgboost_augmented,augmented,xgboost_11,134,0.08278803775655719,0.09476050200285048
xgboost_augmented,augmented,xgboost_11,135,0.08277896698566548,0.09475457902821222
xgboost_augmented,augmented,xgboost_11,136,0.08277143827018084,0.09474960808249948
xgboost_augmented,augmented,xgboost_11,137,0.08276235006492692,0.09475299631162569
xgboost_augmented,augmented,xgboost_12,1,0.11134117077083765,0.13168154542204877
xgboost_augmented,augmented,xgboost_12,2,0.1093175903819985,0.12875882348479212
xgboost_augmented,augmented,xgboost_12,3,0.10744317749984948,0.12609427937778206
xgboost_augmented,augmented,xgboost_12,4,0.10571298748952943,0.12363647165017368
xgboost_augmented,augmented,xgboost_12,5,0.10412157474905899,0.12138133513446467
xgboost_augmented,augmented,xgboost_12,6,0.10274293302787667,0.11941714857391905
xgboost_augmented,augmented,xgboost_12,7,0.10139391509098368,0.11748851678773073
xgboost_augmented,augmented,xgboost_12,8,0.10015553348424541,0.115757745945507
xgboost_augmented,augmented,xgboost_12,9,0.09900366268029034,0.11418194485195698
xgboost_augmented,augmented,xgboost_12,10,0.09796124975667159,0.11274969747305309
xgboost_augmented,augmented,xgboost_12,11,0.0970255382842147,0.11143211949391518
xgboost_augmented,augmented,xgboost_12,12,0.09616062982054913,0.11025459095605017
xgboost_augmented,augmented,xgboost_12,13,0.09531113528824267,0.10903575495216403
xgboost_augmented,augmented,xgboost_12,14,0.09453501907415225,0.1079746730982162
xgboost_augmented,augmented,xgboost_12,15,0.09381284885938265,0.10697103817999234
xgboost_augmented,augmented,xgboost_12,16,0.09315452348612147,0.10609708182505691
xgboost_augmented,augmented,xgboost_12,17,0.09254929680576493,0.10531991298352707
xgboost_augmented,augmented,xgboost_12,18,0.09198768930024957,0.1046322247376752
xgboost_augmented,augmented,xgboost_12,19,0.09147561389300383,0.10392100992991764
xgboost_augmented,augmented,xgboost_12,20,0.09098472439697042,0.10331977420618266
xgboost_augmented,augmented,xgboost_12,21,0.09053249076923515,0.10269903725040466
xgboost_augmented,augmented,xgboost_12,22,0.09012048441098074,0.10217566860831952
xgboost_augmented,augmented,xgboost_12,23,0.08973624218501476,0.10171458052729779
xgboost_augmented,augmented,xgboost_12,24,0.08937504699659715,0.10123503393472155
xgboost_augmented,augmented,xgboost_12,25,0.08909703060076875,0.10088774242055643
xgboost_augmented,augmented,xgboost_12,26,0.08877363425659741,0.10046813863649641
xgboost_augmented,augmented,xgboost_12,27,0.08848053516989333,0.10004985239507191
xgboost_augmented,augmented,xgboost_12,28,0.0881961912990525,0.09975165274367288
xgboost_augmented,augmented,xgboost_12,29,0.08794523753320477,0.09945503678431075
xgboost_augmented,augmented,xgboost_12,30,0.08770383447644006,0.09912214237897746
xgboost_augmented,augmented,xgboost_12,31,0.08753553111855152,0.09886165314324794
xgboost_augmented,augmented,xgboost_12,32,0.08731659350643962,0.09862288608327197
xgboost_augmented,augmented,xgboost_12,33,0.0871200260332283,0.09835264939668883
xgboost_augmented,augmented,xgboost_12,34,0.08692547400704005,0.09813717008727683
xgboost_augmented,augmented,xgboost_12,35,0.0867379650539439,0.0979263848917345
xgboost_augmented,augmented,xgboost_12,36,0.08656488215925548,0.09770882938599756
xgboost_augmented,augmented,xgboost_12,37,0.08639510672523915,0.0975684293864581
xgboost_augmented,augmented,xgboost_12,38,0.086246104070627,0.09737755499578594
xgboost_augmented,augmented,xgboost_12,39,0.08610981676527021,0.09725326102521326
xgboost_augmented,augmented,xgboost_12,40,0.08597950823516286,0.09714549813476746
xgboost_augmented,augmented,xgboost_12,41,0.08584598577859823,0.09701872808159978
xgboost_augmented,augmented,xgboost_12,42,0.08572831161740854,0.09688023217238044
xgboost_augmented,augmented,xgboost_12,43,0.08561184121926914,0.09676114542991211
xgboost_augmented,augmented,xgboost_12,44,0.08550881253446374,0.0966277565465615
xgboost_augmented,augmented,xgboost_12,45,0.08540286758482284,0.09650323134873938
xgboost_augmented,augmented,xgboost_12,46,0.0853057475589724,0.09640322708828017
xgboost_augmented,augmented,xgboost_12,47,0.0852067268212844,0.0963224512242209
xgboost_augmented,augmented,xgboost_12,48,0.08511643302181865,0.09621037778678139
xgboost_augmented,augmented,xgboost_12,49,0.08503544468189901,0.09614821297423341
xgboost_augmented,augmented,xgboost_12,50,0.08495120128969069,0.09607295474173673
xgboost_augmented,augmented,xgboost_12,51,0.08487873444375998,0.09595982002492792
xgboost_augmented,augmented,xgboost_12,52,0.08480431379930345,0.09588530681087618
xgboost_augmented,augmented,xgboost_12,53,0.08473826232875707,0.09583543331987493
xgboost_augmented,augmented,xgboost_12,54,0.08466742890891439,0.09579734462301445
xgboost_augmented,augmented,xgboost_12,55,0.08459762432793828,0.0957530916365472
xgboost_augmented,augmented,xgboost_12,56,0.08453122245753318,0.09568525120407355
xgboost_augmented,augmented,xgboost_12,57,0.08447584596163397,0.09563723070701682
xgboost_augmented,augmented,xgboost_12,58,0.08441906510511131,0.09558757615103558
xgboost_augmented,augmented,xgboost_12,59,0.08437531405720242,0.09551137667422598
xgboost_augmented,augmented,xgboost_12,60,0.08432897009255991,0.0954750131163533
xgboost_augmented,augmented,xgboost_12,61,0.08426908419954668,0.0954357392507782
xgboost_augmented,augmented,xgboost_12,62,0.08420895499747826,0.09538668021196162
xgboost_augmented,augmented,xgboost_12,63,0.08415636944521857,0.09532423737160646
xgboost_augmented,augmented,xgboost_12,64,0.08411132522076199,0.0953145914871899
xgboost_augmented,augmented,xgboost_12,65,0.08407032372394352,0.09529022790184692
xgboost_augmented,augmented,xgboost_12,66,0.08402557439056114,0.09528871043475548
xgboost_augmented,augmented,xgboost_12,67,0.0839858186937919,0.09526532501592051
xgboost_augmented,augmented,xgboost_12,68,0.08395344735432585,0.09523113191163882
xgboost_augmented,augmented,xgboost_12,69,0.08392121434286844,0.09520049827998994
xgboost_augmented,augmented,xgboost_12,70,0.08388814194707862,0.09518835154461185
xgboost_augmented,augmented,xgboost_12,71,0.08386045612981691,0.09517414477284106
xgboost_augmented,augmented,xgboost_12,72,0.0838358917787403,0.09514491215547821
xgboost_augmented,augmented,xgboost_12,73,0.08380447842013469,0.09511489201994504
xgboost_augmented,augmented,xgboost_12,74,0.08376866384622422,0.09510483156021161
xgboost_augmented,augmented,xgboost_12,75,0.08373774830582507,0.09509153750186405
xgboost_augmented,augmented,xgboost_12,76,0.08370053987367208,0.09508975675167346
xgboost_augmented,augmented,xgboost_12,77,0.08366688321768954,0.09509357851478029
xgboost_augmented,augmented,xgboost_12,78,0.08364364631492255,0.0950766208457893
xgboost_augmented,augmented,xgboost_12,79,0.08362279333598364,0.09506786568710868
xgboost_augmented,augmented,xgboost_12,80,0.0835851668552448,0.09507490314497113
xgboost_augmented,augmented,xgboost_12,81,0.08356092307967616,0.09506829374384945
xgboost_augmented,augmented,xgboost_12,82,0.08354171756328314,0.09504912808090689
xgboost_augmented,augmented,xgboost_12,83,0.08352133843419224,0.09502868946648704
xgboost_augmented,augmented,xgboost_12,84,0.08350214828336154,0.09501666431277007
xgboost_augmented,augmented,xgboost_12,85,0.08347669675800103,0.0950193839084504
xgboost_augmented,augmented,xgboost_12,86,0.08345552958615057,0.09500665490879459
xgboost_augmented,augmented,xgboost_12,87,0.0834372257158603,0.09500842979061246
xgboost_augmented,augmented,xgboost_12,88,0.0834183556659047,0.09499262404228315
xgboost_augmented,augmented,xgboost_12,89,0.08339166580293236,0.09498802907810043
xgboost_augmented,augmented,xgboost_12,90,0.08337398028749717,0.0950201101527661
xgboost_augmented,augmented,xgboost_12,91,0.08335154377257895,0.09500889493803635
xgboost_augmented,augmented,xgboost_12,92,0.08333149541945002,0.09496951764300295
xgboost_augmented,augmented,xgboost_12,93,0.08330489934844233,0.09499846995721808
xgboost_augmented,augmented,xgboost_12,94,0.08328855784300088,0.09498097976590189
xgboost_augmented,augmented,xgboost_12,95,0.08326942244425652,0.09494286365187762
xgboost_augmented,augmented,xgboost_12,96,0.0832510687028164,0.09493494376255358
xgboost_augmented,augmented,xgboost_12,97,0.0832260187272829,0.0949401116764093
xgboost_augmented,augmented,xgboost_12,98,0.08320566133301938,0.09493705167474348
xgboost_augmented,augmented,xgboost_12,99,0.0831913228030594,0.09494460075201089
xgboost_augmented,augmented,xgboost_12,100,0.0831776832569218,0.09503649764687128
xgboost_augmented,augmented,xgboost_12,101,0.08315582765508957,0.09503044727748429
xgboost_augmented,augmented,xgboost_12,102,0.0831411798937747,0.09501037556855571
xgboost_augmented,augmented,xgboost_12,103,0.08313095202615739,0.09502289626172705
xgboost_augmented,augmented,xgboost_12,104,0.08312112891397472,0.09500849178881517
xgboost_augmented,augmented,xgboost_12,105,0.08310520374209707,0.09502248392740122
xgboost_augmented,augmented,xgboost_12,106,0.08309213724413915,0.09500109444654799
xgboost_augmented,augmented,xgboost_12,107,0.08308019801876673,0.09501167707536848
xgboost_augmented,augmented,xgboost_12,108,0.0830650416624429,0.09498455917340101
xgboost_augmented,augmented,xgboost_12,109,0.0830489605220848,0.09497723505660632
xgboost_augmented,augmented,xgboost_12,110,0.0830359841373858,0.09493997798843225
xgboost_augmented,augmented,xgboost_12,111,0.08302454330825361,0.09492770630301152
xgboost_augmented,augmented,xgboost_12,112,0.08301370300927297,0.09491745340651025
xgboost_augmented,augmented,xgboost_12,113,0.08300101404153455,0.09492525783277068
xgboost_augmented,augmented,xgboost_12,114,0.08299252881200127,0.09492301333145055
xgboost_augmented,augmented,xgboost_12,115,0.08298265394653812,0.09493230725879892
xgboost_augmented,augmented,xgboost_12,116,0.08297285332681391,0.09494443189667161
xgboost_augmented,augmented,xgboost_12,117,0.0829619180279803,0.09493907691284298
xgboost_augmented,augmented,xgboost_12,118,0.08295247554238576,0.0949313906858215
xgboost_augmented,augmented,xgboost_12,119,0.08294371965646319,0.09492579442576157
xgboost_augmented,augmented,xgboost_12,120,0.08292612097579312,0.09494654778020048
xgboost_augmented,augmented,xgboost_12,121,0.08291593023426526,0.09493835708624117
xgboost_augmented,augmented,xgboost_12,122,0.08290186152220255,0.09493751468773501
xgboost_augmented,augmented,xgboost_12,123,0.08289104001708292,0.09491879187814158
xgboost_augmented,augmented,xgboost_12,124,0.08287419240421193,0.0949143462650541
xgboost_augmented,augmented,xgboost_12,125,0.0828683613882984,0.09496557966603282
xgboost_augmented,augmented,xgboost_12,126,0.08286183905109078,0.0949831588921131
xgboost_augmented,augmented,xgboost_12,127,0.08284803461610109,0.09498199905050841
xgboost_augmented,augmented,xgboost_12,128,0.08283661472314792,0.09495595028642241
xgboost_augmented,augmented,xgboost_12,129,0.08282204541149758,0.09496213262355381
xgboost_augmented,augmented,xgboost_12,130,0.08281459814665007,0.09495787885965726
xgboost_augmented,augmented,xgboost_12,131,0.08280370484286524,0.09500644861025113
xgboost_augmented,augmented,xgboost_12,132,0.08279402469051465,0.09499079349297448
xgboost_augmented,augmented,xgboost_12,133,0.08278780039353369,0.09498512405946777
xgboost_augmented,augmented,xgboost_12,134,0.08278208795561065,0.09504439978101746
xgboost_augmented,augmented,xgboost_12,135,0.08277332025743236,0.09504610223015918
xgboost_augmented,augmented,xgboost_12,136,0.08276743799269379,0.09505631847600185
xgboost_augmented,augmented,xgboost_12,137,0.08275862557755008,0.09504949650354257
xgboost_augmented,augmented,xgboost_12,138,0.08273927459331211,0.0950570673502401
xgboost_augmented,augmented,xgboost_12,139,0.0827328287181009,0.09506652981626051
xgboost_augmented,augmented,xgboost_12,140,0.08272217862510133,0.0950715395297641
xgboost_augmented,augmented,xgboost_12,141,0.0827146588333287,0.09507385292927274
xgboost_augmented,augmented,xgboost_12,142,0.08270666384478832,0.09507538053234804
xgboost_augmented,augmented,xgboost_12,143,0.08269720188657646,0.09507252544183212
xgboost_augmented,augmented,xgboost_12,144,0.08268975509913043,0.09506715349800386
xgboost_augmented,augmented,xgboost_12,145,0.08268116259931665,0.0950784321469708
xgboost_augmented,augmented,xgboost_12,146,0.08267455738320974,0.09507566571462815
xgboost_augmented,augmented,xgboost_12,147,0.08266530816082844,0.09506078533400018
xgboost_augmented,augmented,xgboost_12,148,0.08265751398788782,0.09505833931197559
xgboost_augmented,augmented,xgboost_12,149,0.08264271620078383,0.09504874914945745
xgboost_augmented,augmented,xgboost_12,150,0.08263781385158325,0.09503912237526864
xgboost_augmented,augmented,xgboost_12,151,0.0826278510197534,0.0950266609477602
xgboost_augmented,augmented,xgboost_12,152,0.08261406601073627,0.09502995812584471
xgboost_augmented,augmented,xgboost_12,153,0.08260459521256232,0.09504312320460305
xgboost_augmented,augmented,xgboost_12,154,0.08259493176802933,0.09509960661347273
