model,feature_group,candidate,boosting_round,training_mae,validation_mae
xgboost_augmented,augmented,xgboost_01,1,0.11141430065581714,0.13194291594467464
xgboost_augmented,augmented,xgboost_01,2,0.10961345942425199,0.12944687997802204
xgboost_augmented,augmented,xgboost_01,3,0.10811285584713141,0.12715784894513849
xgboost_augmented,augmented,xgboost_01,4,0.10656875798536818,0.12494236418894891
xgboost_augmented,augmented,xgboost_01,5,0.10518877410153478,0.12295435965417219
xgboost_augmented,augmented,xgboost_01,6,0.10398958159056294,0.121171383467236
xgboost_augmented,augmented,xgboost_01,7,0.10276766213015823,0.11939596178917485
xgboost_augmented,augmented,xgboost_01,8,0.10162737797175196,0.11789181574412881
xgboost_augmented,augmented,xgboost_01,9,0.10065692043166688,0.1167594701200142
xgboost_augmented,augmented,xgboost_01,10,0.09968371406664477,0.1153510249622125
xgboost_augmented,augmented,xgboost_01,11,0.09880370108988494,0.11406019876908768
xgboost_augmented,augmented,xgboost_01,12,0.09798121408912806,0.11281757896495533
xgboost_augmented,augmented,xgboost_01,13,0.09720438164902939,0.11182146567486749
xgboost_augmented,augmented,xgboost_01,14,0.09653369177000826,0.11092444355798282
xgboost_augmented,augmented,xgboost_01,15,0.09587626806860977,0.10999851398719586
xgboost_augmented,augmented,xgboost_01,16,0.09526584687651563,0.10907771807253713
xgboost_augmented,augmented,xgboost_01,17,0.09469687991744824,0.108327080950849
xgboost_augmented,augmented,xgboost_01,18,0.09418732024218687,0.10767533985336522
xgboost_augmented,augmented,xgboost_01,19,0.09370155191429165,0.10706517246306978
xgboost_augmented,augmented,xgboost_01,20,0.09325810935263981,0.10647103675401802
xgboost_augmented,augmented,xgboost_01,21,0.09284169407011811,0.10584823345056668
xgboost_augmented,augmented,xgboost_01,22,0.0924502706332416,0.10535849371030155
xgboost_augmented,augmented,xgboost_01,23,0.09209185128038021,0.10489602839487215
xgboost_augmented,augmented,xgboost_01,24,0.09175644526456803,0.10449270493474908
xgboost_augmented,augmented,xgboost_01,25,0.09144378007244322,0.10408363218406341
xgboost_augmented,augmented,xgboost_01,26,0.0911365160120379,0.1037243113341932
xgboost_augmented,augmented,xgboost_01,27,0.09084573775720534,0.10337345956826349
xgboost_augmented,augmented,xgboost_01,28,0.09059084831076726,0.10291019807896755
xgboost_augmented,augmented,xgboost_01,29,0.09034199887025927,0.10254335440349284
xgboost_augmented,augmented,xgboost_01,30,0.09012747119791596,0.10223146914500081
xgboost_augmented,augmented,xgboost_01,31,0.08991082624548179,0.10188624404294563
xgboost_augmented,augmented,xgboost_01,32,0.08968959844694716,0.10165864650798423
xgboost_augmented,augmented,xgboost_01,33,0.0894844612152829,0.10139971606028218
xgboost_augmented,augmented,xgboost_01,34,0.08930526467046215,0.10111170907994149
xgboost_augmented,augmented,xgboost_01,35,0.0891277263307134,0.10084943341933465
xgboost_augmented,augmented,xgboost_01,36,0.08895667169630007,0.10064972392128557
xgboost_augmented,augmented,xgboost_01,37,0.08880464806243327,0.10038352588477206
xgboost_augmented,augmented,xgboost_01,38,0.088681530694457,0.10020946724038696
xgboost_augmented,augmented,xgboost_01,39,0.08853814232358641,0.10001360035546175
xgboost_augmented,augmented,xgboost_01,40,0.08841161739693454,0.09978655848824122
xgboost_augmented,augmented,xgboost_01,41,0.08828256427434024,0.09958652898705347
xgboost_augmented,augmented,xgboost_01,42,0.08815192397013348,0.0994358414879099
xgboost_augmented,augmented,xgboost_01,43,0.08803727989900105,0.09930763922020971
xgboost_augmented,augmented,xgboost_01,44,0.08793491847059169,0.09915183535351424
xgboost_augmented,augmented,xgboost_01,45,0.08784317560328733,0.0989495783384605
xgboost_augmented,augmented,xgboost_01,46,0.08772713426622768,0.09881809235335215
xgboost_augmented,augmented,xgboost_01,47,0.08762736076353385,0.0986996449964884
xgboost_augmented,augmented,xgboost_01,48,0.08752684926554746,0.09857942848903227
xgboost_augmented,augmented,xgboost_01,49,0.08745891853764094,0.09845044738631246
xgboost_augmented,augmented,xgboost_01,50,0.08736457977044564,0.098340752174024
xgboost_augmented,augmented,xgboost_01,51,0.08727753983331593,0.0982478131587883
xgboost_augmented,augmented,xgboost_01,52,0.08721564965305054,0.09811823405646343
xgboost_augmented,augmented,xgboost_01,53,0.08714103642064623,0.09799778952741807
xgboost_augmented,augmented,xgboost_01,54,0.087070226129376,0.09789838508182182
xgboost_augmented,augmented,xgboost_01,55,0.08699902036858713,0.09785442957149382
xgboost_augmented,augmented,xgboost_01,56,0.08692734279867302,0.09775490923985881
xgboost_augmented,augmented,xgboost_01,57,0.08686658829739985,0.09769210792706369
xgboost_augmented,augmented,xgboost_01,58,0.08680868086194422,0.09760048519494031
xgboost_augmented,augmented,xgboost_01,59,0.08675691191919226,0.09751432770037033
xgboost_augmented,augmented,xgboost_01,60,0.08669086903862225,0.0974701575507148
xgboost_augmented,augmented,xgboost_01,61,0.08663380292683717,0.09744609773937783
xgboost_augmented,augmented,xgboost_01,62,0.08659350130126495,0.09740371782037303
xgboost_augmented,augmented,xgboost_01,63,0.08653656232602924,0.09735248792780643
xgboost_augmented,augmented,xgboost_01,64,0.08648862119671492,0.09728611603595877
xgboost_augmented,augmented,xgboost_01,65,0.08643967919386586,0.09726059388846704
xgboost_augmented,augmented,xgboost_01,66,0.08638955786129791,0.09718238072927907
xgboost_augmented,augmented,xgboost_01,67,0.08635202355046014,0.09711676791121263
xgboost_augmented,augmented,xgboost_01,68,0.08631827611931465,0.09706236617565697
xgboost_augmented,augmented,xgboost_01,69,0.0862689025227867,0.0970106651389219
xgboost_augmented,augmented,xgboost_01,70,0.08622354399335079,0.09693815612453184
xgboost_augmented,augmented,xgboost_01,71,0.08618810253670556,0.09691878582523535
xgboost_augmented,augmented,xgboost_01,72,0.08614777546648365,0.0968988261663596
xgboost_augmented,augmented,xgboost_01,73,0.08611140726964382,0.09682766626567563
xgboost_augmented,augmented,xgboost_01,74,0.08607319759281436,0.09678765828899867
xgboost_augmented,augmented,xgboost_01,75,0.08604117901800547,0.09674909657479408
xgboost_augmented,augmented,xgboost_01,76,0.08601076727208834,0.09672525818731101
xgboost_augmented,augmented,xgboost_01,77,0.08597705515080623,0.0966697573449439
xgboost_augmented,augmented,xgboost_01,78,0.08594390820575558,0.09665578615679075
xgboost_augmented,augmented,xgboost_01,79,0.0859154196180615,0.09664156651875283
xgboost_augmented,augmented,xgboost_01,80,0.08588990735765836,0.09662792397501781
xgboost_augmented,augmented,xgboost_01,81,0.08585185739680856,0.09658663758617168
xgboost_augmented,augmented,xgboost_01,82,0.08581338621926164,0.09652947697415898
xgboost_augmented,augmented,xgboost_01,83,0.08577611538191322,0.09648903517980469
xgboost_augmented,augmented,xgboost_01,84,0.08573664691615752,0.09647607954006117
xgboost_augmented,augmented,xgboost_01,85,0.08571156116726233,0.09642705090856939
xgboost_augmented,augmented,xgboost_01,86,0.08568335615245994,0.09641293468118528
xgboost_augmented,augmented,xgboost_01,87,0.0856505931313899,0.09637922929670836
xgboost_augmented,augmented,xgboost_01,88,0.0856288573622016,0.09637132241731758
xgboost_augmented,augmented,xgboost_01,89,0.08560427149041204,0.09635023477135372
xgboost_augmented,augmented,xgboost_01,90,0.08557362287226443,0.09631704821140136
xgboost_augmented,augmented,xgboost_01,91,0.08554839837558796,0.09629386337154312
xgboost_augmented,augmented,xgboost_01,92,0.08552191417406299,0.09626478191401455
xgboost_augmented,augmented,xgboost_01,93,0.08549820197627334,0.09624335412821108
xgboost_augmented,augmented,xgboost_01,94,0.08545138510918279,0.09623109353629769
xgboost_augmented,augmented,xgboost_01,95,0.08542698078501071,0.09619362696467214
xgboost_augmented,augmented,xgboost_01,96,0.08540184894162539,0.09617031354400477
xgboost_augmented,augmented,xgboost_01,97,0.0853816829720799,0.09614549081613104
xgboost_augmented,augmented,xgboost_01,98,0.08534944212496694,0.09610178326614485
xgboost_augmented,augmented,xgboost_01,99,0.08533422022320289,0.09609364965590346
xgboost_augmented,augmented,xgboost_01,100,0.08531662585641964,0.09605523864508601
xgboost_augmented,augmented,xgboost_01,101,0.08529898326086316,0.09604838120464378
xgboost_augmented,augmented,xgboost_01,102,0.08528599004430162,0.09602077967083732
xgboost_augmented,augmented,xgboost_01,103,0.08525870451116922,0.09598449412768419
xgboost_augmented,augmented,xgboost_01,104,0.08523386755939978,0.09590393818675698
xgboost_augmented,augmented,xgboost_01,105,0.08521209011851613,0.09587340569317938
xgboost_augmented,augmented,xgboost_01,106,0.08519340234314393,0.09574069938929429
xgboost_augmented,augmented,xgboost_01,107,0.08517811311711963,0.09572627444220397
xgboost_augmented,augmented,xgboost_01,108,0.08516213418972819,0.09570689923732345
xgboost_augmented,augmented,xgboost_01,109,0.08514724107117222,0.09570396881799272
xgboost_augmented,augmented,xgboost_01,110,0.08513358275597058,0.09568007641191986
xgboost_augmented,augmented,xgboost_01,111,0.08511416065594653,0.09565160198227175
xgboost_augmented,augmented,xgboost_01,112,0.08509457826542999,0.09559318463926438
xgboost_augmented,augmented,xgboost_01,113,0.08508090085146117,0.09557370865071409
xgboost_augmented,augmented,xgboost_01,114,0.08505960284500555,0.09555374015198372
xgboost_augmented,augmented,xgboost_01,115,0.0850438992169915,0.09554738287940202
xgboost_augmented,augmented,xgboost_01,116,0.08502538397876552,0.0955358622836365
xgboost_augmented,augmented,xgboost_01,117,0.08500844969935144,0.09547274106034606
xgboost_augmented,augmented,xgboost_01,118,0.08498440588066783,0.0954343353963908
xgboost_augmented,augmented,xgboost_01,119,0.08497081929991208,0.09541982091283321
xgboost_augmented,augmented,xgboost_01,120,0.08495231936339027,0.09539199214747587
xgboost_augmented,augmented,xgboost_01,121,0.08494156681187705,0.09538641790343531
xgboost_augmented,augmented,xgboost_01,122,0.08492880287606817,0.09536630775805059
xgboost_augmented,augmented,xgboost_01,123,0.08491564850918593,0.09534990312480192
xgboost_augmented,augmented,xgboost_01,124,0.08488186922133291,0.09534557756570065
xgboost_augmented,augmented,xgboost_01,125,0.0848708648678092,0.09532437098022865
xgboost_augmented,augmented,xgboost_01,126,0.08485313205998656,0.09530864429452916
xgboost_augmented,augmented,xgboost_01,127,0.08483787261579105,0.09525332000366826
xgboost_augmented,augmented,xgboost_01,128,0.08483007526219023,0.0952452607620856
xgboost_augmented,augmented,xgboost_01,129,0.0848197253652021,0.0952265888121822
xgboost_augmented,augmented,xgboost_01,130,0.08478622765878088,0.09521940438449683
xgboost_augmented,augmented,xgboost_01,131,0.08476907820527987,0.09519545074368264
xgboost_augmented,augmented,xgboost_01,132,0.08475603640833398,0.09518357545041127
xgboost_augmented,augmented,xgboost_01,133,0.08474570981027696,0.09518817847644513
xgboost_augmented,augmented,xgboost_01,134,0.08473158672247579,0.09517965180006319
xgboost_augmented,augmented,xgboost_01,135,0.08471755066173647,0.09514892524451034
xgboost_augmented,augmented,xgboost_01,136,0.08470528596607661,0.09512708164756042
xgboost_augmented,augmented,xgboost_01,137,0.08469487254619464,0.09505332730858937
xgboost_augmented,augmented,xgboost_01,138,0.08468051515339961,0.09502668577642641
xgboost_augmented,augmented,xgboost_01,139,0.08466494729410222,0.09500070825444307
xgboost_augmented,augmented,xgboost_01,140,0.0846505060242103,0.09500134748885972
xgboost_augmented,augmented,xgboost_01,141,0.0846349788250492,0.09496963296077071
xgboost_augmented,augmented,xgboost_01,142,0.08462114870171358,0.09495563426381334
xgboost_augmented,augmented,xgboost_01,143,0.0846033448143373,0.09493935158079334
xgboost_augmented,augmented,xgboost_01,144,0.08459661370766754,0.09493437884188662
xgboost_augmented,augmented,xgboost_01,145,0.08458935054816463,0.09494888976588393
xgboost_augmented,augmented,xgboost_01,146,0.08457971487669685,0.09493653241846836
xgboost_augmented,augmented,xgboost_01,147,0.08456496304908408,0.09493559260605293
xgboost_augmented,augmented,xgboost_01,148,0.08455511126208788,0.09492088812867851
xgboost_augmented,augmented,xgboost_01,149,0.08454170412975542,0.09491540314392738
xgboost_augmented,augmented,xgboost_01,150,0.08452263508175027,0.09488741199886241
xgboost_augmented,augmented,xgboost_01,151,0.08451330170574395,0.0948777675309237
xgboost_augmented,augmented,xgboost_01,152,0.0845026237819149,0.09490807124835146
xgboost_augmented,augmented,xgboost_01,153,0.08449770760844495,0.09490145231010552
xgboost_augmented,augmented,xgboost_01,154,0.08449792496201523,0.09489989994819127
xgboost_augmented,augmented,xgboost_01,155,0.08448434498088944,0.09486566832784786
xgboost_augmented,augmented,xgboost_01,156,0.08447627318596394,0.09486669617826524
xgboost_augmented,augmented,xgboost_01,157,0.08446798892002969,0.09485565181603453
xgboost_augmented,augmented,xgboost_01,158,0.08445546265067592,0.09480200665188696
xgboost_augmented,augmented,xgboost_01,159,0.08444993910764038,0.09479798214365415
xgboost_augmented,augmented,xgboost_01,160,0.0844446506579551,0.09479911688881702
xgboost_augmented,augmented,xgboost_01,161,0.08443044771536905,0.09478022499008212
xgboost_augmented,augmented,xgboost_01,162,0.0844208884712301,0.09477304163700936
xgboost_augmented,augmented,xgboost_01,163,0.08441322590075746,0.09478004768150806
xgboost_augmented,augmented,xgboost_01,164,0.08440652279369591,0.09477935585137298
xgboost_augmented,augmented,xgboost_01,165,0.08439981325083283,0.09477075739382698
xgboost_augmented,augmented,xgboost_01,166,0.08439246702937256,0.09475068954407652
xgboost_augmented,augmented,xgboost_01,167,0.08438647227703314,0.09473582604221287
xgboost_augmented,augmented,xgboost_01,168,0.08437495840294829,0.0947269956611507
xgboost_augmented,augmented,xgboost_01,169,0.08435899071308908,0.09472077188662094
xgboost_augmented,augmented,xgboost_01,170,0.08435113311851884,0.09472183401357026
xgboost_augmented,augmented,xgboost_01,171,0.08434695892762475,0.0947177623186613
xgboost_augmented,augmented,xgboost_01,172,0.08434117238492021,0.09473269294720729
xgboost_augmented,augmented,xgboost_01,173,0.08433679185255852,0.09472799533194586
xgboost_augmented,augmented,xgboost_01,174,0.08433172047173002,0.09472313366500895
xgboost_augmented,augmented,xgboost_01,175,0.08432199447421299,0.09472845248972776
xgboost_augmented,augmented,xgboost_01,176,0.08431173215012056,0.09473909838830905
xgboost_augmented,augmented,xgboost_01,177,0.08430427672006481,0.09473118323908972
xgboost_augmented,augmented,xgboost_01,178,0.08429010146628248,0.09470755508404462
xgboost_augmented,augmented,xgboost_01,179,0.0842731520773406,0.09471641799457836
xgboost_augmented,augmented,xgboost_01,180,0.08426694682565085,0.09473204765386598
xgboost_augmented,augmented,xgboost_01,181,0.08426070720779623,0.09472289678476062
xgboost_augmented,augmented,xgboost_01,182,0.08425470883811148,0.0947148169374936
xgboost_augmented,augmented,xgboost_01,183,0.08424400479394598,0.09470912631837279
xgboost_augmented,augmented,xgboost_01,184,0.08424189062289307,0.09470284740927082
xgboost_augmented,augmented,xgboost_01,185,0.08423678640903731,0.09468039461967019
xgboost_augmented,augmented,xgboost_01,186,0.0842332854380853,0.09467517756736002
xgboost_augmented,augmented,xgboost_01,187,0.08422855170371926,0.09469474122973241
xgboost_augmented,augmented,xgboost_01,188,0.08421434244013792,0.09466510886763448
xgboost_augmented,augmented,xgboost_01,189,0.08421303242625071,0.09466191305446583
xgboost_augmented,augmented,xgboost_01,190,0.08420183226830791,0.09464738036667973
xgboost_augmented,augmented,xgboost_01,191,0.08419711892248147,0.09465032358997214
xgboost_augmented,augmented,xgboost_01,192,0.08418694056534479,0.09465563494781315
xgboost_augmented,augmented,xgboost_01,193,0.08417921076263749,0.09466303840692275
xgboost_augmented,augmented,xgboost_01,194,0.0841713469506835,0.09464032461520483
xgboost_augmented,augmented,xgboost_01,195,0.08416135545622795,0.09462682538633112
xgboost_augmented,augmented,xgboost_01,196,0.08415976458549747,0.09462646614792253
xgboost_augmented,augmented,xgboost_01,197,0.08414842365698628,0.09460549472973727
xgboost_augmented,augmented,xgboost_01,198,0.08414427884409784,0.09462375769852742
xgboost_augmented,augmented,xgboost_01,199,0.08414314067340338,0.09464389818930753
xgboost_augmented,augmented,xgboost_01,200,0.08413426701325455,0.09463945857346608
xgboost_augmented,augmented,xgboost_01,201,0.08412705803310067,0.0946371021027016
xgboost_augmented,augmented,xgboost_01,202,0.084121974218257,0.09464306156628004
xgboost_augmented,augmented,xgboost_01,203,0.08410505374529702,0.09464877444512612
xgboost_augmented,augmented,xgboost_01,204,0.08409999207166181,0.09464660443795318
xgboost_augmented,augmented,xgboost_01,205,0.08409618025526609,0.09464439555191768
xgboost_augmented,augmented,xgboost_01,206,0.08409128423458415,0.0946315627094814
xgboost_augmented,augmented,xgboost_01,207,0.0840938062392338,0.09462922689191389
xgboost_augmented,augmented,xgboost_01,208,0.08409215656924783,0.09462659177129046
xgboost_augmented,augmented,xgboost_01,209,0.08409027618368665,0.09462645052542198
xgboost_augmented,augmented,xgboost_01,210,0.08408378303676214,0.09461186240683062
xgboost_augmented,augmented,xgboost_01,211,0.08407780491008537,0.0946076524181038
xgboost_augmented,augmented,xgboost_01,212,0.08407487088786526,0.09460652790821238
xgboost_augmented,augmented,xgboost_01,213,0.08406976010871613,0.09462203534247537
xgboost_augmented,augmented,xgboost_01,214,0.084062951928432,0.09464349813856107
xgboost_augmented,augmented,xgboost_01,215,0.08405796637204338,0.09464291996099551
xgboost_augmented,augmented,xgboost_01,216,0.08405321458901886,0.09464371941912493
xgboost_augmented,augmented,xgboost_01,217,0.08404387181545007,0.09464714615052293
xgboost_augmented,augmented,xgboost_01,218,0.08403743052601943,0.09464134206825627
xgboost_augmented,augmented,xgboost_01,219,0.08403213767674136,0.0946385334037131
xgboost_augmented,augmented,xgboost_01,220,0.08403193143051933,0.09463655382887719
xgboost_augmented,augmented,xgboost_01,221,0.08402701592590496,0.09462666397793691
xgboost_augmented,augmented,xgboost_01,222,0.08402412373063198,0.09463238731657977
xgboost_augmented,augmented,xgboost_01,223,0.08401444642015025,0.09461981303970331
xgboost_augmented,augmented,xgboost_01,224,0.08400705564823126,0.09462264526887638
xgboost_augmented,augmented,xgboost_01,225,0.08400022796616932,0.09462195417336916
xgboost_augmented,augmented,xgboost_01,226,0.08399620014550044,0.09461139591488732
xgboost_augmented,augmented,xgboost_01,227,0.08399336139707338,0.09461899421535465
xgboost_augmented,augmented,xgboost_02,1,0.11162901340976458,0.1320728649069233
xgboost_augmented,augmented,xgboost_02,2,0.10979211228517614,0.1295149917717432
xgboost_augmented,augmented,xgboost_02,3,0.10810440218820785,0.1271445371217094
xgboost_augmented,augmented,xgboost_02,4,0.10655460238744179,0.1250307745765205
xgboost_augmented,augmented,xgboost_02,5,0.10514236008584027,0.1229845402620132
xgboost_augmented,augmented,xgboost_02,6,0.10395268021738349,0.12117249872858904
xgboost_augmented,augmented,xgboost_02,7,0.102732169642865,0.11942133348250128
xgboost_augmented,augmented,xgboost_02,8,0.10159821302131307,0.11786740338024886
xgboost_augmented,augmented,xgboost_02,9,0.10055572250623296,0.11651212671416367
xgboost_augmented,augmented,xgboost_02,10,0.09961572886296938,0.11510429866306071
xgboost_augmented,augmented,xgboost_02,11,0.09877298098417757,0.1141219660363964
xgboost_augmented,augmented,xgboost_02,12,0.09800155176692756,0.11312151117896445
xgboost_augmented,augmented,xgboost_02,13,0.09723601811614398,0.11195810876063614
xgboost_augmented,augmented,xgboost_02,14,0.09652829289739923,0.11091214430095098
xgboost_augmented,augmented,xgboost_02,15,0.09586666936027577,0.11005172876372626
xgboost_augmented,augmented,xgboost_02,16,0.09527041196757878,0.10914280352897632
xgboost_augmented,augmented,xgboost_02,17,0.0947103958914776,0.10836274460181725
xgboost_augmented,augmented,xgboost_02,18,0.09419640705366564,0.10773677993824046
xgboost_augmented,augmented,xgboost_02,19,0.09371026306486173,0.10711835234878898
xgboost_augmented,augmented,xgboost_02,20,0.09326094322112345,0.10655421180218591
xgboost_augmented,augmented,xgboost_02,21,0.09283402365198265,0.10602699409478814
xgboost_augmented,augmented,xgboost_02,22,0.09243629864174155,0.10554125720201551
xgboost_augmented,augmented,xgboost_02,23,0.0920947423036663,0.10496416351014415
xgboost_augmented,augmented,xgboost_02,24,0.09174763867890433,0.10454887136223259
xgboost_augmented,augmented,xgboost_02,25,0.09152479777589358,0.10410531100624341
xgboost_augmented,augmented,xgboost_02,26,0.09120709698069558,0.10372175602925579
xgboost_augmented,augmented,xgboost_02,27,0.0909191069945015,0.10337179833199482
xgboost_augmented,augmented,xgboost_02,28,0.09064566572311174,0.10303345774818773
xgboost_augmented,augmented,xgboost_02,29,0.09038911661658645,0.10272735712588683
xgboost_augmented,augmented,xgboost_02,30,0.09015551427115226,0.10235120914400081
xgboost_augmented,augmented,xgboost_02,31,0.09000000580240679,0.10207316350617565
xgboost_augmented,augmented,xgboost_02,32,0.08977932080711591,0.10181093058937618
xgboost_augmented,augmented,xgboost_02,33,0.08957084325069598,0.10154230782815073
xgboost_augmented,augmented,xgboost_02,34,0.08938679626084334,0.10126196517903538
xgboost_augmented,augmented,xgboost_02,35,0.08920023794154829,0.10103855310525679
xgboost_augmented,augmented,xgboost_02,36,0.08904070437582608,0.10073809272440787
xgboost_augmented,augmented,xgboost_02,37,0.08887841706062503,0.10054292848293851
xgboost_augmented,augmented,xgboost_02,38,0.08871442410559272,0.10033077303521253
xgboost_augmented,augmented,xgboost_02,39,0.08856143728085779,0.10013292302617091
xgboost_augmented,augmented,xgboost_02,40,0.08842140157826725,0.09992010418969026
xgboost_augmented,augmented,xgboost_02,41,0.08829590359068654,0.09973100310163681
xgboost_augmented,augmented,xgboost_02,42,0.0881722588129555,0.09951694428530616
xgboost_augmented,augmented,xgboost_02,43,0.08804712487475062,0.09938959797638947
xgboost_augmented,augmented,xgboost_02,44,0.0879472982367075,0.09922102066542944
xgboost_augmented,augmented,xgboost_02,45,0.0878298459869721,0.09909027109822958
xgboost_augmented,augmented,xgboost_02,46,0.08773218418851617,0.09891329728869747
xgboost_augmented,augmented,xgboost_02,47,0.08763277250985249,0.09880399533936965
xgboost_augmented,augmented,xgboost_02,48,0.08754851994316398,0.0986890394857655
xgboost_augmented,augmented,xgboost_02,49,0.08746709498842387,0.09856346378967654
xgboost_augmented,augmented,xgboost_02,50,0.08738044352115147,0.09846501701986193
xgboost_augmented,augmented,xgboost_02,51,0.0873112286294556,0.09833301486479296
xgboost_augmented,augmented,xgboost_02,52,0.0872385789144166,0.09825465034995354
xgboost_augmented,augmented,xgboost_02,53,0.08717420989924562,0.09817287841803503
xgboost_augmented,augmented,xgboost_02,54,0.0870994235126904,0.09810367527722846
xgboost_augmented,augmented,xgboost_02,55,0.08702730165546657,0.09802685784927419
xgboost_augmented,augmented,xgboost_02,56,0.08696873674387495,0.09791992136426064
xgboost_augmented,augmented,xgboost_02,57,0.08691652498793777,0.09787202721015612
xgboost_augmented,augmented,xgboost_02,58,0.08685520989804939,0.0977965406913033
xgboost_augmented,augmented,xgboost_02,59,0.0867946956549038,0.09770373774155611
xgboost_augmented,augmented,xgboost_02,60,0.0867486473647566,0.09764552892479474
xgboost_augmented,augmented,xgboost_02,61,0.08669861985114707,0.0975637555033117
xgboost_augmented,augmented,xgboost_02,62,0.08663346658648782,0.09752120097831087
xgboost_augmented,augmented,xgboost_02,63,0.08657667536778932,0.09746268069990123
xgboost_augmented,augmented,xgboost_02,64,0.08652930032563326,0.09741681033294351
xgboost_augmented,augmented,xgboost_02,65,0.08647470786131614,0.09733035349996523
xgboost_augmented,augmented,xgboost_02,66,0.0864293482952233,0.09730885079891986
xgboost_augmented,augmented,xgboost_02,67,0.08638873928440502,0.09725220716445696
xgboost_augmented,augmented,xgboost_02,68,0.08635126417532177,0.0971960403108642
xgboost_augmented,augmented,xgboost_02,69,0.0863115556252579,0.09716328360184953
xgboost_augmented,augmented,xgboost_02,70,0.08626207414815558,0.09710596034561304
xgboost_augmented,augmented,xgboost_02,71,0.08621708893782128,0.09704597383589134
xgboost_augmented,augmented,xgboost_02,72,0.08618467182363738,0.0969846133095824
xgboost_augmented,augmented,xgboost_02,73,0.08615310138676746,0.09695621410031
xgboost_augmented,augmented,xgboost_02,74,0.08612042465769823,0.09692542202823864
xgboost_augmented,augmented,xgboost_02,75,0.08607682604464427,0.09687868474626271
xgboost_augmented,augmented,xgboost_02,76,0.08602836157492315,0.09685068452515902
xgboost_augmented,augmented,xgboost_02,77,0.08599129836691885,0.0968062603808082
xgboost_augmented,augmented,xgboost_02,78,0.08596328011759596,0.09677128996128392
xgboost_augmented,augmented,xgboost_02,79,0.08593557772712437,0.09671641277119984
xgboost_augmented,augmented,xgboost_02,80,0.085902324349563,0.09670996295707168
xgboost_augmented,augmented,xgboost_02,81,0.08587153659849896,0.0966592233494899
xgboost_augmented,augmented,xgboost_02,82,0.08584073828709414,0.0966379242256055
xgboost_augmented,augmented,xgboost_02,83,0.08581450877278299,0.09663462560628397
xgboost_augmented,augmented,xgboost_02,84,0.08578473923066884,0.09662154193344276
xgboost_augmented,augmented,xgboost_02,85,0.0857529489029048,0.0965786126661263
xgboost_augmented,augmented,xgboost_02,86,0.08572517594874039,0.09656780677399893
xgboost_augmented,augmented,xgboost_02,87,0.08570169877252828,0.09652947102831184
xgboost_augmented,augmented,xgboost_02,88,0.08567419164521616,0.09649875604164325
xgboost_augmented,augmented,xgboost_02,89,0.08564063107296005,0.09646630168802557
xgboost_augmented,augmented,xgboost_02,90,0.08561109694312588,0.09643629192741836
xgboost_augmented,augmented,xgboost_02,91,0.08558117741136476,0.09639489616940959
xgboost_augmented,augmented,xgboost_02,92,0.08556003577567797,0.09635231502981964
xgboost_augmented,augmented,xgboost_02,93,0.0855370057129658,0.09633189531012834
xgboost_augmented,augmented,xgboost_02,94,0.08550745061640781,0.09631742157534955
xgboost_augmented,augmented,xgboost_02,95,0.0854845547018233,0.0962776136597743
xgboost_augmented,augmented,xgboost_02,96,0.0854575213941454,0.09625128368641601
xgboost_augmented,augmented,xgboost_02,97,0.08543243224138737,0.0962352377862372
xgboost_augmented,augmented,xgboost_02,98,0.08540760695447626,0.09621384517494165
xgboost_augmented,augmented,xgboost_02,99,0.08538135087835867,0.09613103453829125
xgboost_augmented,augmented,xgboost_02,100,0.08536144349691223,0.0960969270950015
xgboost_augmented,augmented,xgboost_02,101,0.08533915794242349,0.09607230291998588
xgboost_augmented,augmented,xgboost_02,102,0.08531305513700461,0.09603477816031873
xgboost_augmented,augmented,xgboost_02,103,0.08529691472594804,0.09601804814936396
xgboost_augmented,augmented,xgboost_02,104,0.08527112330013048,0.09598427556010347
xgboost_augmented,augmented,xgboost_02,105,0.08524974203800637,0.09589458444703715
xgboost_augmented,augmented,xgboost_02,106,0.08522715525582969,0.0958855094263767
xgboost_augmented,augmented,xgboost_02,107,0.08521238767739907,0.09586012005634974
xgboost_augmented,augmented,xgboost_02,108,0.08519141577274059,0.09583441017897365
xgboost_augmented,augmented,xgboost_02,109,0.08517720184907812,0.09581833845336651
xgboost_augmented,augmented,xgboost_02,110,0.08515751970906955,0.09578928320625638
xgboost_augmented,augmented,xgboost_02,111,0.08513768230118464,0.09578016115161207
xgboost_augmented,augmented,xgboost_02,112,0.08511754911886428,0.09574055293584206
xgboost_augmented,augmented,xgboost_02,113,0.08510083991170306,0.0957149102093434
xgboost_augmented,augmented,xgboost_02,114,0.08508752416588067,0.09568877832299387
xgboost_augmented,augmented,xgboost_02,115,0.08507361672327837,0.09569150339303066
xgboost_augmented,augmented,xgboost_02,116,0.08505624684698267,0.09565982888523539
xgboost_augmented,augmented,xgboost_02,117,0.08503970735809015,0.09566152924018627
xgboost_augmented,augmented,xgboost_02,118,0.08502571250013105,0.09564318340499872
xgboost_augmented,augmented,xgboost_02,119,0.08500687079706135,0.09557494353204625
xgboost_augmented,augmented,xgboost_02,120,0.08498499816881283,0.09553878690066088
xgboost_augmented,augmented,xgboost_02,121,0.08496985765864268,0.09551301861147005
xgboost_augmented,augmented,xgboost_02,122,0.08495711776498124,0.0955084219976341
xgboost_augmented,augmented,xgboost_02,123,0.08494021459836622,0.095435990069399
xgboost_augmented,augmented,xgboost_02,124,0.08492265638267682,0.09541080335812283
xgboost_augmented,augmented,xgboost_02,125,0.08491235235047603,0.09542346972674291
xgboost_augmented,augmented,xgboost_02,126,0.08489747639709692,0.09540317563718916
xgboost_augmented,augmented,xgboost_02,127,0.08488367712772717,0.09538445966364634
xgboost_augmented,augmented,xgboost_02,128,0.08486376723739517,0.09534856726824516
xgboost_augmented,augmented,xgboost_02,129,0.08485353084143274,0.09533326113567725
xgboost_augmented,augmented,xgboost_02,130,0.08483732655620221,0.09531761108896247
xgboost_augmented,augmented,xgboost_02,131,0.08482447020751827,0.09532874247601045
xgboost_augmented,augmented,xgboost_02,132,0.08481651809841108,0.09532029095406322
xgboost_augmented,augmented,xgboost_02,133,0.08480466203999186,0.09531869378674518
xgboost_augmented,augmented,xgboost_02,134,0.08479047827273055,0.09529155821534824
xgboost_augmented,augmented,xgboost_02,135,0.08477234272684356,0.0952582707283107
xgboost_augmented,augmented,xgboost_02,136,0.08475916029890242,0.09524377494955656
xgboost_augmented,augmented,xgboost_02,137,0.08474775612014343,0.09521489113800931
xgboost_augmented,augmented,xgboost_02,138,0.0847363535367853,0.09521767148101919
xgboost_augmented,augmented,xgboost_02,139,0.08472188432912707,0.0951830859306429
xgboost_augmented,augmented,xgboost_02,140,0.08471346573095381,0.09517637744865863
xgboost_augmented,augmented,xgboost_02,141,0.08470173679340531,0.09515874935026977
xgboost_augmented,augmented,xgboost_02,142,0.0846929800241817,0.09514319288486314
xgboost_augmented,augmented,xgboost_02,143,0.08468107954669149,0.09513205111599422
xgboost_augmented,augmented,xgboost_02,144,0.08467169753808879,0.09513516012661441
xgboost_augmented,augmented,xgboost_02,145,0.0846628355512545,0.09513732647067714
xgboost_augmented,augmented,xgboost_02,146,0.08464668943208455,0.09510671201268975
xgboost_augmented,augmented,xgboost_02,147,0.08463341899621774,0.09509131780275587
xgboost_augmented,augmented,xgboost_02,148,0.08462403990583083,0.09509017274459641
xgboost_augmented,augmented,xgboost_02,149,0.08461205767258664,0.09508484426879826
xgboost_augmented,augmented,xgboost_02,150,0.08460507930692426,0.09507226074212977
xgboost_augmented,augmented,xgboost_02,151,0.08458744595978743,0.09505673693381435
xgboost_augmented,augmented,xgboost_02,152,0.0845800533590633,0.09505767147847173
xgboost_augmented,augmented,xgboost_02,153,0.08456742339148382,0.09504038719594507
xgboost_augmented,augmented,xgboost_02,154,0.08455945426020353,0.09503091389015227
xgboost_augmented,augmented,xgboost_02,155,0.08454939319796567,0.09495458243770039
xgboost_augmented,augmented,xgboost_02,156,0.08454045674480795,0.09494476076473754
xgboost_augmented,augmented,xgboost_02,157,0.08450972849459659,0.09493970380237769
xgboost_augmented,augmented,xgboost_02,158,0.08450190664555166,0.09493410311913102
xgboost_augmented,augmented,xgboost_02,159,0.08449163798571818,0.09493060980149105
xgboost_augmented,augmented,xgboost_02,160,0.08447956556148387,0.09490038861787235
xgboost_augmented,augmented,xgboost_02,161,0.08447162078526205,0.09489173158854827
xgboost_augmented,augmented,xgboost_02,162,0.08446174587625377,0.09487733962637372
xgboost_augmented,augmented,xgboost_02,163,0.08445278565639336,0.09486077621021054
xgboost_augmented,augmented,xgboost_02,164,0.08444510199304545,0.09484966396936952
xgboost_augmented,augmented,xgboost_02,165,0.08443839841676784,0.094863036912582
xgboost_augmented,augmented,xgboost_02,166,0.08443109945414089,0.09485293819165005
xgboost_augmented,augmented,xgboost_02,167,0.0844253377252083,0.09484511338423064
xgboost_augmented,augmented,xgboost_02,168,0.0844141442916024,0.09483792545891438
xgboost_augmented,augmented,xgboost_02,169,0.08440724778118273,0.09483030354780887
xgboost_augmented,augmented,xgboost_02,170,0.08439949916655841,0.09481740291489256
xgboost_augmented,augmented,xgboost_02,171,0.0843932488295301,0.09479644219895635
xgboost_augmented,augmented,xgboost_02,172,0.08438818412320388,0.09478655492974404
xgboost_augmented,augmented,xgboost_02,173,0.08438096048970783,0.0947827394685156
xgboost_augmented,augmented,xgboost_02,174,0.08437308351487689,0.09476427108311151
xgboost_augmented,augmented,xgboost_02,175,0.08436636287191805,0.09476909868475333
xgboost_augmented,augmented,xgboost_02,176,0.0843577686044188,0.09470108651158297
xgboost_augmented,augmented,xgboost_02,177,0.08435219934248867,0.0946979752435492
xgboost_augmented,augmented,xgboost_02,178,0.08434750924374243,0.09470657687742041
xgboost_augmented,augmented,xgboost_02,179,0.08433910302297867,0.0946792150950537
xgboost_augmented,augmented,xgboost_02,180,0.08433106862239509,0.09468644401623942
xgboost_augmented,augmented,xgboost_02,181,0.08432473520592516,0.09468828603175997
xgboost_augmented,augmented,xgboost_02,182,0.08431782872659001,0.09467660307458985
xgboost_augmented,augmented,xgboost_02,183,0.08431035121184118,0.09466115473160967
xgboost_augmented,augmented,xgboost_02,184,0.08430243671353761,0.09465044252722372
xgboost_augmented,augmented,xgboost_02,185,0.08429713542718768,0.09464213003685627
xgboost_augmented,augmented,xgboost_02,186,0.08429159650880946,0.09463589534269783
xgboost_augmented,augmented,xgboost_02,187,0.08428589782645263,0.09464801810313252
xgboost_augmented,augmented,xgboost_02,188,0.08427915012153529,0.0945865167428983
xgboost_augmented,augmented,xgboost_02,189,0.08427332825036968,0.0945748187475451
xgboost_augmented,augmented,xgboost_02,190,0.08427147377247503,0.09457028644975049
xgboost_augmented,augmented,xgboost_02,191,0.0842683288855408,0.0945722767569226
xgboost_augmented,augmented,xgboost_02,192,0.0842630146537988,0.09457008773467253
xgboost_augmented,augmented,xgboost_02,193,0.08425827883682002,0.09456201315152804
xgboost_augmented,augmented,xgboost_02,194,0.0842517474015694,0.09454571353195132
xgboost_augmented,augmented,xgboost_02,195,0.08425092271117514,0.0945451781618776
xgboost_augmented,augmented,xgboost_02,196,0.08424279607571883,0.09448932980907197
xgboost_augmented,augmented,xgboost_02,197,0.0842368540320045,0.09446553886764134
xgboost_augmented,augmented,xgboost_02,198,0.08422834063030753,0.0944712313245854
xgboost_augmented,augmented,xgboost_02,199,0.0842252985038891,0.09446710857755404
xgboost_augmented,augmented,xgboost_02,200,0.08421831408163194,0.09445881163346638
xgboost_augmented,augmented,xgboost_02,201,0.08421265389629884,0.09447124998287913
xgboost_augmented,augmented,xgboost_02,202,0.08420658136492598,0.09447515586789496
xgboost_augmented,augmented,xgboost_02,203,0.08420204871046992,0.09447506665285872
xgboost_augmented,augmented,xgboost_02,204,0.0841964551035024,0.09446738228986137
xgboost_augmented,augmented,xgboost_02,205,0.08419413858545753,0.09446558522466439
xgboost_augmented,augmented,xgboost_02,206,0.08418767258956796,0.09446317803098105
xgboost_augmented,augmented,xgboost_02,207,0.08418546699342526,0.09445877815299022
xgboost_augmented,augmented,xgboost_02,208,0.08417968558618706,0.09444767052864587
xgboost_augmented,augmented,xgboost_02,209,0.08416687188464546,0.09443600500635085
xgboost_augmented,augmented,xgboost_02,210,0.0841623108910977,0.09444659993203922
xgboost_augmented,augmented,xgboost_02,211,0.08415833341013268,0.09444124051512014
xgboost_augmented,augmented,xgboost_02,212,0.08415663231398132,0.09444393550803859
xgboost_augmented,augmented,xgboost_02,213,0.08415048600024749,0.09445193238736406
xgboost_augmented,augmented,xgboost_02,214,0.08414803695499498,0.09445424073586747
xgboost_augmented,augmented,xgboost_02,215,0.08414006131454549,0.09444141938697222
xgboost_augmented,augmented,xgboost_02,216,0.08413499606283684,0.09443720313560568
xgboost_augmented,augmented,xgboost_02,217,0.08413137101270304,0.09442950879194936
xgboost_augmented,augmented,xgboost_02,218,0.08411977404440071,0.09443190145880577
xgboost_augmented,augmented,xgboost_02,219,0.08411363339929774,0.09442441525753362
xgboost_augmented,augmented,xgboost_02,220,0.08410935689011013,0.09442756709495156
xgboost_augmented,augmented,xgboost_02,221,0.08410380399813915,0.09443370601407274
xgboost_augmented,augmented,xgboost_02,222,0.08409934156274647,0.09443528940147727
xgboost_augmented,augmented,xgboost_02,223,0.0840946208701616,0.09443957414109495
xgboost_augmented,augmented,xgboost_02,224,0.0840915128174411,0.09445071892996129
xgboost_augmented,augmented,xgboost_02,225,0.0840810650515869,0.09442613642501797
xgboost_augmented,augmented,xgboost_02,226,0.08406871272314552,0.09440580911624478
xgboost_augmented,augmented,xgboost_02,227,0.08406404668574631,0.09441823422756342
xgboost_augmented,augmented,xgboost_02,228,0.08406044487655367,0.09441241354508927
xgboost_augmented,augmented,xgboost_02,229,0.0840527273833953,0.09440290302625895
xgboost_augmented,augmented,xgboost_02,230,0.08405366130284853,0.09440480259661199
xgboost_augmented,augmented,xgboost_02,231,0.08404806802841291,0.09439741878566325
xgboost_augmented,augmented,xgboost_02,232,0.08403817717466502,0.0944007063939664
xgboost_augmented,augmented,xgboost_02,233,0.08403829295839439,0.09440005916113234
xgboost_augmented,augmented,xgboost_02,234,0.0840375660508894,0.09439864466304047
xgboost_augmented,augmented,xgboost_02,235,0.08403255163789312,0.09439430181022299
xgboost_augmented,augmented,xgboost_02,236,0.08403027723445805,0.09440574869398177
xgboost_augmented,augmented,xgboost_02,237,0.08402607140428113,0.09438585685630003
xgboost_augmented,augmented,xgboost_02,238,0.08402121479404745,0.09436069783685823
xgboost_augmented,augmented,xgboost_02,239,0.08401708789430698,0.09435344407597435
xgboost_augmented,augmented,xgboost_02,240,0.08401768727242355,0.0943528952550653
xgboost_augmented,augmented,xgboost_02,241,0.08401348554469733,0.09435730304196427
xgboost_augmented,augmented,xgboost_02,242,0.08400946434466355,0.09435237393619086
xgboost_augmented,augmented,xgboost_02,243,0.08400388192421998,0.09434512312071335
xgboost_augmented,augmented,xgboost_02,244,0.08399791357903709,0.09436559504737205
xgboost_augmented,augmented,xgboost_02,245,0.08399392660059957,0.09435782375972257
xgboost_augmented,augmented,xgboost_02,246,0.08398769119669164,0.09435275791212666
xgboost_augmented,augmented,xgboost_02,247,0.08398508606649728,0.09435190538277652
xgboost_augmented,augmented,xgboost_02,248,0.083985575654554,0.09435629636675585
xgboost_augmented,augmented,xgboost_02,249,0.08398348311273078,0.09437587800105891
xgboost_augmented,augmented,xgboost_02,250,0.08398290723857156,0.09437457315356987
xgboost_augmented,augmented,xgboost_02,251,0.08397884951819809,0.09436330168126514
xgboost_augmented,augmented,xgboost_02,252,0.08397240003873217,0.09434949245272779
xgboost_augmented,augmented,xgboost_02,253,0.08396263741696298,0.09435398757998299
xgboost_augmented,augmented,xgboost_02,254,0.08396264150782773,0.09435472759994985
xgboost_augmented,augmented,xgboost_02,255,0.08395724900153462,0.09435082540474657
xgboost_augmented,augmented,xgboost_02,256,0.08395297500048023,0.09435276018170047
xgboost_augmented,augmented,xgboost_02,257,0.08394914436229685,0.09434734720602353
xgboost_augmented,augmented,xgboost_02,258,0.08394296338898763,0.09436192921955659
xgboost_augmented,augmented,xgboost_02,259,0.0839384512229511,0.09436981491634198
xgboost_augmented,augmented,xgboost_02,260,0.08393517433736947,0.09436288855288934
xgboost_augmented,augmented,xgboost_02,261,0.08392950891304876,0.09435938611433065
xgboost_augmented,augmented,xgboost_02,262,0.08392604286941299,0.09436188335897147
xgboost_augmented,augmented,xgboost_02,263,0.08392683923124825,0.09436343469152919
xgboost_augmented,augmented,xgboost_02,264,0.08392226513630431,0.09438297682303746
xgboost_augmented,augmented,xgboost_02,265,0.08391532113135991,0.0943801384918148
xgboost_augmented,augmented,xgboost_02,266,0.08391215293291554,0.09438728017331088
xgboost_augmented,augmented,xgboost_02,267,0.08390615762086924,0.0943901814715424
xgboost_augmented,augmented,xgboost_02,268,0.08390240694535553,0.09438740230268346
xgboost_augmented,augmented,xgboost_02,269,0.08389844827344867,0.0943818863587591
xgboost_augmented,augmented,xgboost_02,270,0.08389052982514748,0.09437224220535644
xgboost_augmented,augmented,xgboost_02,271,0.08388077723825847,0.0943649182148024
xgboost_augmented,augmented,xgboost_02,272,0.08387719748336461,0.09436743457957467
xgboost_augmented,augmented,xgboost_02,273,0.0838715636084679,0.09437121318931281
xgboost_augmented,augmented,xgboost_03,1,0.11141430065581714,0.13194291594467464
xgboost_augmented,augmented,xgboost_03,2,0.10961345942425199,0.12944687997802204
xgboost_augmented,augmented,xgboost_03,3,0.10811285584713141,0.12715784894513849
xgboost_augmented,augmented,xgboost_03,4,0.10656875798536818,0.12494236418894891
xgboost_augmented,augmented,xgboost_03,5,0.10518877410153478,0.12295435965417219
xgboost_augmented,augmented,xgboost_03,6,0.10398958159056294,0.121171383467236
xgboost_augmented,augmented,xgboost_03,7,0.10276766213015823,0.11939596178917485
xgboost_augmented,augmented,xgboost_03,8,0.10162737797175196,0.11789181574412881
xgboost_augmented,augmented,xgboost_03,9,0.10065692043166688,0.1167594701200142
xgboost_augmented,augmented,xgboost_03,10,0.09968371406664477,0.1153510249622125
xgboost_augmented,augmented,xgboost_03,11,0.09880370108988494,0.11406019876908768
xgboost_augmented,augmented,xgboost_03,12,0.09798121408912806,0.11281757896495533
xgboost_augmented,augmented,xgboost_03,13,0.09720438164902939,0.11182146567486749
xgboost_augmented,augmented,xgboost_03,14,0.09653369177000826,0.11092444355798282
xgboost_augmented,augmented,xgboost_03,15,0.09587626806860977,0.10999851398719586
xgboost_augmented,augmented,xgboost_03,16,0.09526584687651563,0.10907771807253713
xgboost_augmented,augmented,xgboost_03,17,0.09469687991744824,0.108327080950849
xgboost_augmented,augmented,xgboost_03,18,0.09418732024218687,0.10767533985336522
xgboost_augmented,augmented,xgboost_03,19,0.09370155191429165,0.10706517246306978
xgboost_augmented,augmented,xgboost_03,20,0.09325810935263981,0.10647103675401802
xgboost_augmented,augmented,xgboost_03,21,0.09284169407011811,0.10584823345056668
xgboost_augmented,augmented,xgboost_03,22,0.0924502706332416,0.10535849371030155
xgboost_augmented,augmented,xgboost_03,23,0.09209185128038021,0.10489602839487215
xgboost_augmented,augmented,xgboost_03,24,0.09175644526456803,0.10449270493474908
xgboost_augmented,augmented,xgboost_03,25,0.09144378007244322,0.10408363218406341
xgboost_augmented,augmented,xgboost_03,26,0.0911365160120379,0.1037243113341932
xgboost_augmented,augmented,xgboost_03,27,0.09084573775720534,0.10337345956826349
xgboost_augmented,augmented,xgboost_03,28,0.09059084831076726,0.10291019807896755
xgboost_augmented,augmented,xgboost_03,29,0.09034199887025927,0.10254335440349284
xgboost_augmented,augmented,xgboost_03,30,0.09012747119791596,0.10223146914500081
xgboost_augmented,augmented,xgboost_03,31,0.08991082624548179,0.10188624404294563
xgboost_augmented,augmented,xgboost_03,32,0.08968959844694716,0.10165864650798423
xgboost_augmented,augmented,xgboost_03,33,0.0894844612152829,0.10139971606028218
xgboost_augmented,augmented,xgboost_03,34,0.08930526467046215,0.10111170907994149
xgboost_augmented,augmented,xgboost_03,35,0.0891277263307134,0.10084943341933465
xgboost_augmented,augmented,xgboost_03,36,0.08895667169630007,0.10064972392128557
xgboost_augmented,augmented,xgboost_03,37,0.08880464806243327,0.10038352588477206
xgboost_augmented,augmented,xgboost_03,38,0.088681530694457,0.10020946724038696
xgboost_augmented,augmented,xgboost_03,39,0.08853814232358641,0.10001360035546175
xgboost_augmented,augmented,xgboost_03,40,0.08841161739693454,0.09978655848824122
xgboost_augmented,augmented,xgboost_03,41,0.08828256427434024,0.09958652898705347
xgboost_augmented,augmented,xgboost_03,42,0.08815192397013348,0.0994358414879099
xgboost_augmented,augmented,xgboost_03,43,0.08803727989900105,0.09930763922020971
xgboost_augmented,augmented,xgboost_03,44,0.08793491847059169,0.09915183535351424
xgboost_augmented,augmented,xgboost_03,45,0.08784317560328733,0.0989495783384605
xgboost_augmented,augmented,xgboost_03,46,0.08772713426622768,0.09881809235335215
xgboost_augmented,augmented,xgboost_03,47,0.08762736076353385,0.0986996449964884
xgboost_augmented,augmented,xgboost_03,48,0.08752684926554746,0.09857942848903227
xgboost_augmented,augmented,xgboost_03,49,0.08745891853764094,0.09845044738631246
xgboost_augmented,augmented,xgboost_03,50,0.08736457977044564,0.098340752174024
xgboost_augmented,augmented,xgboost_03,51,0.08727753983331593,0.0982478131587883
xgboost_augmented,augmented,xgboost_03,52,0.08721564965305054,0.09811823405646343
xgboost_augmented,augmented,xgboost_03,53,0.08714103642064623,0.09799778952741807
xgboost_augmented,augmented,xgboost_03,54,0.087070226129376,0.09789838508182182
xgboost_augmented,augmented,xgboost_03,55,0.08699902036858713,0.09785442957149382
xgboost_augmented,augmented,xgboost_03,56,0.08692734279867302,0.09775490923985881
xgboost_augmented,augmented,xgboost_03,57,0.08686658829739985,0.09769210792706369
xgboost_augmented,augmented,xgboost_03,58,0.08680868086194422,0.09760048519494031
xgboost_augmented,augmented,xgboost_03,59,0.08675691191919226,0.09751432770037033
xgboost_augmented,augmented,xgboost_03,60,0.08669086903862225,0.0974701575507148
xgboost_augmented,augmented,xgboost_03,61,0.08663380292683717,0.09744609773937783
xgboost_augmented,augmented,xgboost_03,62,0.08659350130126495,0.09740371782037303
xgboost_augmented,augmented,xgboost_03,63,0.08653656232602924,0.09735248792780643
xgboost_augmented,augmented,xgboost_03,64,0.08648862119671492,0.09728611603595877
xgboost_augmented,augmented,xgboost_03,65,0.08643967919386586,0.09726059388846704
xgboost_augmented,augmented,xgboost_03,66,0.08638955786129791,0.09718238072927907
xgboost_augmented,augmented,xgboost_03,67,0.08635202355046014,0.09711676791121263
xgboost_augmented,augmented,xgboost_03,68,0.08631827611931465,0.09706236617565697
xgboost_augmented,augmented,xgboost_03,69,0.0862689025227867,0.0970106651389219
xgboost_augmented,augmented,xgboost_03,70,0.08622354399335079,0.09693815612453184
xgboost_augmented,augmented,xgboost_03,71,0.08618810253670556,0.09691878582523535
xgboost_augmented,augmented,xgboost_03,72,0.08614777546648365,0.0968988261663596
xgboost_augmented,augmented,xgboost_03,73,0.08611140726964382,0.09682766626567563
xgboost_augmented,augmented,xgboost_03,74,0.08607319759281436,0.09678765828899867
xgboost_augmented,augmented,xgboost_03,75,0.08604117901800547,0.09674909657479408
xgboost_augmented,augmented,xgboost_03,76,0.08601076727208834,0.09672525818731101
xgboost_augmented,augmented,xgboost_03,77,0.08597705515080623,0.0966697573449439
xgboost_augmented,augmented,xgboost_03,78,0.08594390820575558,0.09665578615679075
xgboost_augmented,augmented,xgboost_03,79,0.0859154196180615,0.09664156651875283
xgboost_augmented,augmented,xgboost_03,80,0.08588990735765836,0.09662792397501781
xgboost_augmented,augmented,xgboost_03,81,0.08585185739680856,0.09658663758617168
xgboost_augmented,augmented,xgboost_03,82,0.08581338621926164,0.09652947697415898
xgboost_augmented,augmented,xgboost_03,83,0.08577611538191322,0.09648903517980469
xgboost_augmented,augmented,xgboost_03,84,0.08573664691615752,0.09647607954006117
xgboost_augmented,augmented,xgboost_03,85,0.08571156116726233,0.09642705090856939
xgboost_augmented,augmented,xgboost_03,86,0.08568335615245994,0.09641293468118528
xgboost_augmented,augmented,xgboost_03,87,0.0856505931313899,0.09637922929670836
xgboost_augmented,augmented,xgboost_03,88,0.0856288573622016,0.09637132241731758
xgboost_augmented,augmented,xgboost_03,89,0.08560427149041204,0.09635023477135372
xgboost_augmented,augmented,xgboost_03,90,0.08557362287226443,0.09631704821140136
xgboost_augmented,augmented,xgboost_03,91,0.08554839837558796,0.09629386337154312
xgboost_augmented,augmented,xgboost_03,92,0.08552191417406299,0.09626478191401455
xgboost_augmented,augmented,xgboost_03,93,0.08549820197627334,0.09624335412821108
xgboost_augmented,augmented,xgboost_03,94,0.08545138510918279,0.09623109353629769
xgboost_augmented,augmented,xgboost_03,95,0.08542698078501071,0.09619362696467214
xgboost_augmented,augmented,xgboost_03,96,0.08540184894162539,0.09617031354400477
xgboost_augmented,augmented,xgboost_03,97,0.0853816829720799,0.09614549081613104
xgboost_augmented,augmented,xgboost_03,98,0.08534944212496694,0.09610178326614485
xgboost_augmented,augmented,xgboost_03,99,0.08533422022320289,0.09609364965590346
xgboost_augmented,augmented,xgboost_03,100,0.08531662585641964,0.09605523864508601
xgboost_augmented,augmented,xgboost_03,101,0.08529898326086316,0.09604838120464378
xgboost_augmented,augmented,xgboost_03,102,0.08528599004430162,0.09602077967083732
xgboost_augmented,augmented,xgboost_03,103,0.08525870451116922,0.09598449412768419
xgboost_augmented,augmented,xgboost_03,104,0.08523386755939978,0.09590393818675698
xgboost_augmented,augmented,xgboost_03,105,0.08521209011851613,0.09587340569317938
xgboost_augmented,augmented,xgboost_03,106,0.08519340234314393,0.09574069938929429
xgboost_augmented,augmented,xgboost_03,107,0.08517811311711963,0.09572627444220397
xgboost_augmented,augmented,xgboost_03,108,0.08516213418972819,0.09570689923732345
xgboost_augmented,augmented,xgboost_03,109,0.08514724107117222,0.09570396881799272
xgboost_augmented,augmented,xgboost_03,110,0.08513358275597058,0.09568007641191986
xgboost_augmented,augmented,xgboost_03,111,0.08511416065594653,0.09565160198227175
xgboost_augmented,augmented,xgboost_03,112,0.08509457826542999,0.09559318463926438
xgboost_augmented,augmented,xgboost_03,113,0.08508090085146117,0.09557370865071409
xgboost_augmented,augmented,xgboost_03,114,0.08505960284500555,0.09555374015198372
xgboost_augmented,augmented,xgboost_03,115,0.0850438992169915,0.09554738287940202
xgboost_augmented,augmented,xgboost_03,116,0.08502538397876552,0.0955358622836365
xgboost_augmented,augmented,xgboost_03,117,0.08500844969935144,0.09547274106034606
xgboost_augmented,augmented,xgboost_03,118,0.08498440588066783,0.0954343353963908
xgboost_augmented,augmented,xgboost_03,119,0.08497081929991208,0.09541982091283321
xgboost_augmented,augmented,xgboost_03,120,0.08495231936339027,0.09539199214747587
xgboost_augmented,augmented,xgboost_03,121,0.08494156681187705,0.09538641790343531
xgboost_augmented,augmented,xgboost_03,122,0.08492880287606817,0.09536630775805059
xgboost_augmented,augmented,xgboost_03,123,0.08491564850918593,0.09534990312480192
xgboost_augmented,augmented,xgboost_03,124,0.08488186922133291,0.09534557756570065
xgboost_augmented,augmented,xgboost_03,125,0.0848708648678092,0.09532437098022865
xgboost_augmented,augmented,xgboost_03,126,0.08485313205998656,0.09530864429452916
xgboost_augmented,augmented,xgboost_03,127,0.08483787261579105,0.09525332000366826
xgboost_augmented,augmented,xgboost_03,128,0.08483007526219023,0.0952452607620856
xgboost_augmented,augmented,xgboost_03,129,0.0848197253652021,0.0952265888121822
xgboost_augmented,augmented,xgboost_03,130,0.08478622765878088,0.09521940438449683
xgboost_augmented,augmented,xgboost_03,131,0.08476907820527987,0.09519545074368264
xgboost_augmented,augmented,xgboost_03,132,0.08475603640833398,0.09518357545041127
xgboost_augmented,augmented,xgboost_03,133,0.08474570981027696,0.09518817847644513
xgboost_augmented,augmented,xgboost_03,134,0.08473158672247579,0.09517965180006319
xgboost_augmented,augmented,xgboost_03,135,0.08471755066173647,0.09514892524451034
xgboost_augmented,augmented,xgboost_03,136,0.08470528596607661,0.09512708164756042
xgboost_augmented,augmented,xgboost_03,137,0.08469487254619464,0.09505332730858937
xgboost_augmented,augmented,xgboost_03,138,0.08468051515339961,0.09502668577642641
xgboost_augmented,augmented,xgboost_03,139,0.08466494729410222,0.09500070825444307
xgboost_augmented,augmented,xgboost_03,140,0.0846505060242103,0.09500134748885972
xgboost_augmented,augmented,xgboost_03,141,0.0846349788250492,0.09496963296077071
xgboost_augmented,augmented,xgboost_03,142,0.08462114870171358,0.09495563426381334
xgboost_augmented,augmented,xgboost_03,143,0.0846033448143373,0.09493935158079334
xgboost_augmented,augmented,xgboost_03,144,0.08459661370766754,0.09493437884188662
xgboost_augmented,augmented,xgboost_03,145,0.08458935054816463,0.09494888976588393
xgboost_augmented,augmented,xgboost_03,146,0.08457971487669685,0.09493653241846836
xgboost_augmented,augmented,xgboost_03,147,0.08456496304908408,0.09493559260605293
xgboost_augmented,augmented,xgboost_03,148,0.08455511126208788,0.09492088812867851
xgboost_augmented,augmented,xgboost_03,149,0.08454170412975542,0.09491540314392738
xgboost_augmented,augmented,xgboost_03,150,0.08452263508175027,0.09488741199886241
xgboost_augmented,augmented,xgboost_03,151,0.08451330170574395,0.0948777675309237
xgboost_augmented,augmented,xgboost_03,152,0.0845026237819149,0.09490807124835146
xgboost_augmented,augmented,xgboost_03,153,0.08449770760844495,0.09490145231010552
xgboost_augmented,augmented,xgboost_03,154,0.08449792496201523,0.09489989994819127
xgboost_augmented,augmented,xgboost_03,155,0.08448434498088944,0.09486566832784786
xgboost_augmented,augmented,xgboost_03,156,0.08447627318596394,0.09486669617826524
xgboost_augmented,augmented,xgboost_03,157,0.08446798892002969,0.09485565181603453
xgboost_augmented,augmented,xgboost_03,158,0.08445546265067592,0.09480200665188696
xgboost_augmented,augmented,xgboost_03,159,0.08444993910764038,0.09479798214365415
xgboost_augmented,augmented,xgboost_03,160,0.0844446506579551,0.09479911688881702
xgboost_augmented,augmented,xgboost_03,161,0.08443044771536905,0.09478022499008212
xgboost_augmented,augmented,xgboost_03,162,0.0844208884712301,0.09477304163700936
xgboost_augmented,augmented,xgboost_03,163,0.08441322590075746,0.09478004768150806
xgboost_augmented,augmented,xgboost_03,164,0.08440652279369591,0.09477935585137298
xgboost_augmented,augmented,xgboost_03,165,0.08439981325083283,0.09477075739382698
xgboost_augmented,augmented,xgboost_03,166,0.08439246702937256,0.09475068954407652
xgboost_augmented,augmented,xgboost_03,167,0.08438647227703314,0.09473582604221287
xgboost_augmented,augmented,xgboost_03,168,0.08437495840294829,0.0947269956611507
xgboost_augmented,augmented,xgboost_03,169,0.08435899071308908,0.09472077188662094
xgboost_augmented,augmented,xgboost_03,170,0.08435113311851884,0.09472183401357026
xgboost_augmented,augmented,xgboost_03,171,0.08434695892762475,0.0947177623186613
xgboost_augmented,augmented,xgboost_03,172,0.08434117238492021,0.09473269294720729
xgboost_augmented,augmented,xgboost_03,173,0.08433679185255852,0.09472799533194586
xgboost_augmented,augmented,xgboost_03,174,0.08433172047173002,0.09472313366500895
xgboost_augmented,augmented,xgboost_03,175,0.08432199447421299,0.09472845248972776
xgboost_augmented,augmented,xgboost_03,176,0.08431173215012056,0.09473909838830905
xgboost_augmented,augmented,xgboost_03,177,0.08430427672006481,0.09473118323908972
xgboost_augmented,augmented,xgboost_03,178,0.08429010146628248,0.09470755508404462
xgboost_augmented,augmented,xgboost_03,179,0.0842731520773406,0.09471641799457836
xgboost_augmented,augmented,xgboost_03,180,0.08426694682565085,0.09473204765386598
xgboost_augmented,augmented,xgboost_03,181,0.08426070720779623,0.09472289678476062
xgboost_augmented,augmented,xgboost_03,182,0.08425470883811148,0.0947148169374936
xgboost_augmented,augmented,xgboost_03,183,0.08424400479394598,0.09470912631837279
xgboost_augmented,augmented,xgboost_03,184,0.08424189062289307,0.09470284740927082
xgboost_augmented,augmented,xgboost_03,185,0.08423678640903731,0.09468039461967019
xgboost_augmented,augmented,xgboost_03,186,0.0842332854380853,0.09467517756736002
xgboost_augmented,augmented,xgboost_03,187,0.08422855170371926,0.09469474122973241
xgboost_augmented,augmented,xgboost_03,188,0.08421434244013792,0.09466510886763448
xgboost_augmented,augmented,xgboost_03,189,0.08421303242625071,0.09466191305446583
xgboost_augmented,augmented,xgboost_03,190,0.08420183226830791,0.09464738036667973
xgboost_augmented,augmented,xgboost_03,191,0.08419711892248147,0.09465032358997214
xgboost_augmented,augmented,xgboost_03,192,0.08418694056534479,0.09465563494781315
xgboost_augmented,augmented,xgboost_03,193,0.08417921076263749,0.09466303840692275
xgboost_augmented,augmented,xgboost_03,194,0.0841713469506835,0.09464032461520483
xgboost_augmented,augmented,xgboost_03,195,0.08416135545622795,0.09462682538633112
xgboost_augmented,augmented,xgboost_03,196,0.08415976458549747,0.09462646614792253
xgboost_augmented,augmented,xgboost_03,197,0.08414842365698628,0.09460549472973727
xgboost_augmented,augmented,xgboost_03,198,0.08414427884409784,0.09462375769852742
xgboost_augmented,augmented,xgboost_03,199,0.08414314067340338,0.09464389818930753
xgboost_augmented,augmented,xgboost_03,200,0.08413426701325455,0.09463945857346608
xgboost_augmented,augmented,xgboost_03,201,0.08412705803310067,0.0946371021027016
xgboost_augmented,augmented,xgboost_03,202,0.084121974218257,0.09464306156628004
xgboost_augmented,augmented,xgboost_03,203,0.08410505374529702,0.09464877444512612
xgboost_augmented,augmented,xgboost_03,204,0.08409999207166181,0.09464660443795318
xgboost_augmented,augmented,xgboost_03,205,0.08409618025526609,0.09464439555191768
xgboost_augmented,augmented,xgboost_03,206,0.08409128423458415,0.0946315627094814
xgboost_augmented,augmented,xgboost_03,207,0.0840938062392338,0.09462922689191389
xgboost_augmented,augmented,xgboost_03,208,0.08409215656924783,0.09462659177129046
xgboost_augmented,augmented,xgboost_03,209,0.08409027618368665,0.09462645052542198
xgboost_augmented,augmented,xgboost_03,210,0.08408378303676214,0.09461186240683062
xgboost_augmented,augmented,xgboost_03,211,0.08407780491008537,0.0946076524181038
xgboost_augmented,augmented,xgboost_03,212,0.08407487088786526,0.09460652790821238
xgboost_augmented,augmented,xgboost_03,213,0.08406976010871613,0.09462203534247537
xgboost_augmented,augmented,xgboost_03,214,0.084062951928432,0.09464349813856107
xgboost_augmented,augmented,xgboost_03,215,0.08405796637204338,0.09464291996099551
xgboost_augmented,augmented,xgboost_03,216,0.08405321458901886,0.09464371941912493
xgboost_augmented,augmented,xgboost_03,217,0.08404387181545007,0.09464714615052293
xgboost_augmented,augmented,xgboost_03,218,0.08403743052601943,0.09464134206825627
xgboost_augmented,augmented,xgboost_03,219,0.08403213767674136,0.0946385334037131
xgboost_augmented,augmented,xgboost_03,220,0.08403193143051933,0.09463655382887719
xgboost_augmented,augmented,xgboost_03,221,0.08402701592590496,0.09462666397793691
xgboost_augmented,augmented,xgboost_03,222,0.08402412373063198,0.09463238731657977
xgboost_augmented,augmented,xgboost_03,223,0.08401444642015025,0.09461981303970331
xgboost_augmented,augmented,xgboost_03,224,0.08400705564823126,0.09462264526887638
xgboost_augmented,augmented,xgboost_03,225,0.08400022796616932,0.09462195417336916
xgboost_augmented,augmented,xgboost_03,226,0.08399620014550044,0.09461139591488732
xgboost_augmented,augmented,xgboost_03,227,0.08399336139707338,0.09461899421535465
xgboost_augmented,augmented,xgboost_04,1,0.11162901340976458,0.1320728649069233
xgboost_augmented,augmented,xgboost_04,2,0.10979211228517614,0.1295149917717432
xgboost_augmented,augmented,xgboost_04,3,0.10810440218820785,0.1271445371217094
xgboost_augmented,augmented,xgboost_04,4,0.10655460238744179,0.1250307745765205
xgboost_augmented,augmented,xgboost_04,5,0.10514236008584027,0.1229845402620132
xgboost_augmented,augmented,xgboost_04,6,0.10395268021738349,0.12117249872858904
xgboost_augmented,augmented,xgboost_04,7,0.102732169642865,0.11942133348250128
xgboost_augmented,augmented,xgboost_04,8,0.10159821302131307,0.11786740338024886
xgboost_augmented,augmented,xgboost_04,9,0.10055572250623296,0.11651212671416367
xgboost_augmented,augmented,xgboost_04,10,0.09961572886296938,0.11510429866306071
xgboost_augmented,augmented,xgboost_04,11,0.09877298098417757,0.1141219660363964
xgboost_augmented,augmented,xgboost_04,12,0.09800155176692756,0.11312151117896445
xgboost_augmented,augmented,xgboost_04,13,0.09723601811614398,0.11195810876063614
xgboost_augmented,augmented,xgboost_04,14,0.09652829289739923,0.11091214430095098
xgboost_augmented,augmented,xgboost_04,15,0.09586666936027577,0.11005172876372626
xgboost_augmented,augmented,xgboost_04,16,0.09527041196757878,0.10914280352897632
xgboost_augmented,augmented,xgboost_04,17,0.0947103958914776,0.10836274460181725
xgboost_augmented,augmented,xgboost_04,18,0.09419640705366564,0.10773677993824046
xgboost_augmented,augmented,xgboost_04,19,0.09371026306486173,0.10711835234878898
xgboost_augmented,augmented,xgboost_04,20,0.09326094322112345,0.10655421180218591
xgboost_augmented,augmented,xgboost_04,21,0.09283402365198265,0.10602699409478814
xgboost_augmented,augmented,xgboost_04,22,0.09243629864174155,0.10554125720201551
xgboost_augmented,augmented,xgboost_04,23,0.0920947423036663,0.10496416351014415
xgboost_augmented,augmented,xgboost_04,24,0.09174763867890433,0.10454887136223259
xgboost_augmented,augmented,xgboost_04,25,0.09152479777589358,0.10410531100624341
xgboost_augmented,augmented,xgboost_04,26,0.09120709698069558,0.10372175602925579
xgboost_augmented,augmented,xgboost_04,27,0.0909191069945015,0.10337179833199482
xgboost_augmented,augmented,xgboost_04,28,0.09064566572311174,0.10303345774818773
xgboost_augmented,augmented,xgboost_04,29,0.09038911661658645,0.10272735712588683
xgboost_augmented,augmented,xgboost_04,30,0.09015551427115226,0.10235120914400081
xgboost_augmented,augmented,xgboost_04,31,0.09000000580240679,0.10207316350617565
xgboost_augmented,augmented,xgboost_04,32,0.08977932080711591,0.10181093058937618
xgboost_augmented,augmented,xgboost_04,33,0.08957084325069598,0.10154230782815073
xgboost_augmented,augmented,xgboost_04,34,0.08938679626084334,0.10126196517903538
xgboost_augmented,augmented,xgboost_04,35,0.08920023794154829,0.10103855310525679
xgboost_augmented,augmented,xgboost_04,36,0.08904070437582608,0.10073809272440787
xgboost_augmented,augmented,xgboost_04,37,0.08887841706062503,0.10054292848293851
xgboost_augmented,augmented,xgboost_04,38,0.08871442410559272,0.10033077303521253
xgboost_augmented,augmented,xgboost_04,39,0.08856143728085779,0.10013292302617091
xgboost_augmented,augmented,xgboost_04,40,0.08842140157826725,0.09992010418969026
xgboost_augmented,augmented,xgboost_04,41,0.08829590359068654,0.09973100310163681
xgboost_augmented,augmented,xgboost_04,42,0.0881722588129555,0.09951694428530616
xgboost_augmented,augmented,xgboost_04,43,0.08804712487475062,0.09938959797638947
xgboost_augmented,augmented,xgboost_04,44,0.0879472982367075,0.09922102066542944
xgboost_augmented,augmented,xgboost_04,45,0.0878298459869721,0.09909027109822958
xgboost_augmented,augmented,xgboost_04,46,0.08773218418851617,0.09891329728869747
xgboost_augmented,augmented,xgboost_04,47,0.08763277250985249,0.09880399533936965
xgboost_augmented,augmented,xgboost_04,48,0.08754851994316398,0.0986890394857655
xgboost_augmented,augmented,xgboost_04,49,0.08746709498842387,0.09856346378967654
xgboost_augmented,augmented,xgboost_04,50,0.08738044352115147,0.09846501701986193
xgboost_augmented,augmented,xgboost_04,51,0.0873112286294556,0.09833301486479296
xgboost_augmented,augmented,xgboost_04,52,0.0872385789144166,0.09825465034995354
xgboost_augmented,augmented,xgboost_04,53,0.08717420989924562,0.09817287841803503
xgboost_augmented,augmented,xgboost_04,54,0.0870994235126904,0.09810367527722846
xgboost_augmented,augmented,xgboost_04,55,0.08702730165546657,0.09802685784927419
xgboost_augmented,augmented,xgboost_04,56,0.08696873674387495,0.09791992136426064
xgboost_augmented,augmented,xgboost_04,57,0.08691652498793777,0.09787202721015612
xgboost_augmented,augmented,xgboost_04,58,0.08685520989804939,0.0977965406913033
xgboost_augmented,augmented,xgboost_04,59,0.0867946956549038,0.09770373774155611
xgboost_augmented,augmented,xgboost_04,60,0.0867486473647566,0.09764552892479474
xgboost_augmented,augmented,xgboost_04,61,0.08669861985114707,0.0975637555033117
xgboost_augmented,augmented,xgboost_04,62,0.08663346658648782,0.09752120097831087
xgboost_augmented,augmented,xgboost_04,63,0.08657667536778932,0.09746268069990123
xgboost_augmented,augmented,xgboost_04,64,0.08652930032563326,0.09741681033294351
xgboost_augmented,augmented,xgboost_04,65,0.08647470786131614,0.09733035349996523
xgboost_augmented,augmented,xgboost_04,66,0.0864293482952233,0.09730885079891986
xgboost_augmented,augmented,xgboost_04,67,0.08638873928440502,0.09725220716445696
xgboost_augmented,augmented,xgboost_04,68,0.08635126417532177,0.0971960403108642
xgboost_augmented,augmented,xgboost_04,69,0.0863115556252579,0.09716328360184953
xgboost_augmented,augmented,xgboost_04,70,0.08626207414815558,0.09710596034561304
xgboost_augmented,augmented,xgboost_04,71,0.08621708893782128,0.09704597383589134
xgboost_augmented,augmented,xgboost_04,72,0.08618467182363738,0.0969846133095824
xgboost_augmented,augmented,xgboost_04,73,0.08615310138676746,0.09695621410031
xgboost_augmented,augmented,xgboost_04,74,0.08612042465769823,0.09692542202823864
xgboost_augmented,augmented,xgboost_04,75,0.08607682604464427,0.09687868474626271
xgboost_augmented,augmented,xgboost_04,76,0.08602836157492315,0.09685068452515902
xgboost_augmented,augmented,xgboost_04,77,0.08599129836691885,0.0968062603808082
xgboost_augmented,augmented,xgboost_04,78,0.08596328011759596,0.09677128996128392
xgboost_augmented,augmented,xgboost_04,79,0.08593557772712437,0.09671641277119984
xgboost_augmented,augmented,xgboost_04,80,0.085902324349563,0.09670996295707168
xgboost_augmented,augmented,xgboost_04,81,0.08587153659849896,0.0966592233494899
xgboost_augmented,augmented,xgboost_04,82,0.08584073828709414,0.0966379242256055
xgboost_augmented,augmented,xgboost_04,83,0.08581450877278299,0.09663462560628397
xgboost_augmented,augmented,xgboost_04,84,0.08578473923066884,0.09662154193344276
xgboost_augmented,augmented,xgboost_04,85,0.0857529489029048,0.0965786126661263
xgboost_augmented,augmented,xgboost_04,86,0.08572517594874039,0.09656780677399893
xgboost_augmented,augmented,xgboost_04,87,0.08570169877252828,0.09652947102831184
xgboost_augmented,augmented,xgboost_04,88,0.08567419164521616,0.09649875604164325
xgboost_augmented,augmented,xgboost_04,89,0.08564063107296005,0.09646630168802557
xgboost_augmented,augmented,xgboost_04,90,0.08561109694312588,0.09643629192741836
xgboost_augmented,augmented,xgboost_04,91,0.08558117741136476,0.09639489616940959
xgboost_augmented,augmented,xgboost_04,92,0.08556003577567797,0.09635231502981964
xgboost_augmented,augmented,xgboost_04,93,0.0855370057129658,0.09633189531012834
xgboost_augmented,augmented,xgboost_04,94,0.08550745061640781,0.09631742157534955
xgboost_augmented,augmented,xgboost_04,95,0.0854845547018233,0.0962776136597743
xgboost_augmented,augmented,xgboost_04,96,0.0854575213941454,0.09625128368641601
xgboost_augmented,augmented,xgboost_04,97,0.08543243224138737,0.0962352377862372
xgboost_augmented,augmented,xgboost_04,98,0.08540760695447626,0.09621384517494165
xgboost_augmented,augmented,xgboost_04,99,0.08538135087835867,0.09613103453829125
xgboost_augmented,augmented,xgboost_04,100,0.08536144349691223,0.0960969270950015
xgboost_augmented,augmented,xgboost_04,101,0.08533915794242349,0.09607230291998588
xgboost_augmented,augmented,xgboost_04,102,0.08531305513700461,0.09603477816031873
xgboost_augmented,augmented,xgboost_04,103,0.08529691472594804,0.09601804814936396
xgboost_augmented,augmented,xgboost_04,104,0.08527112330013048,0.09598427556010347
xgboost_augmented,augmented,xgboost_04,105,0.08524974203800637,0.09589458444703715
xgboost_augmented,augmented,xgboost_04,106,0.08522715525582969,0.0958855094263767
xgboost_augmented,augmented,xgboost_04,107,0.08521238767739907,0.09586012005634974
xgboost_augmented,augmented,xgboost_04,108,0.08519141577274059,0.09583441017897365
xgboost_augmented,augmented,xgboost_04,109,0.08517720184907812,0.09581833845336651
xgboost_augmented,augmented,xgboost_04,110,0.08515751970906955,0.09578928320625638
xgboost_augmented,augmented,xgboost_04,111,0.08513768230118464,0.09578016115161207
xgboost_augmented,augmented,xgboost_04,112,0.08511754911886428,0.09574055293584206
xgboost_augmented,augmented,xgboost_04,113,0.08510083991170306,0.0957149102093434
xgboost_augmented,augmented,xgboost_04,114,0.08508752416588067,0.09568877832299387
xgboost_augmented,augmented,xgboost_04,115,0.08507361672327837,0.09569150339303066
xgboost_augmented,augmented,xgboost_04,116,0.08505624684698267,0.09565982888523539
xgboost_augmented,augmented,xgboost_04,117,0.08503970735809015,0.09566152924018627
xgboost_augmented,augmented,xgboost_04,118,0.08502571250013105,0.09564318340499872
xgboost_augmented,augmented,xgboost_04,119,0.08500687079706135,0.09557494353204625
xgboost_augmented,augmented,xgboost_04,120,0.08498499816881283,0.09553878690066088
xgboost_augmented,augmented,xgboost_04,121,0.08496985765864268,0.09551301861147005
xgboost_augmented,augmented,xgboost_04,122,0.08495711776498124,0.0955084219976341
xgboost_augmented,augmented,xgboost_04,123,0.08494021459836622,0.095435990069399
xgboost_augmented,augmented,xgboost_04,124,0.08492265638267682,0.09541080335812283
xgboost_augmented,augmented,xgboost_04,125,0.08491235235047603,0.09542346972674291
xgboost_augmented,augmented,xgboost_04,126,0.08489747639709692,0.09540317563718916
xgboost_augmented,augmented,xgboost_04,127,0.08488367712772717,0.09538445966364634
xgboost_augmented,augmented,xgboost_04,128,0.08486376723739517,0.09534856726824516
xgboost_augmented,augmented,xgboost_04,129,0.08485353084143274,0.09533326113567725
xgboost_augmented,augmented,xgboost_04,130,0.08483732655620221,0.09531761108896247
xgboost_augmented,augmented,xgboost_04,131,0.08482447020751827,0.09532874247601045
xgboost_augmented,augmented,xgboost_04,132,0.08481651809841108,0.09532029095406322
xgboost_augmented,augmented,xgboost_04,133,0.08480466203999186,0.09531869378674518
xgboost_augmented,augmented,xgboost_04,134,0.08479047827273055,0.09529155821534824
xgboost_augmented,augmented,xgboost_04,135,0.08477234272684356,0.0952582707283107
xgboost_augmented,augmented,xgboost_04,136,0.08475916029890242,0.09524377494955656
xgboost_augmented,augmented,xgboost_04,137,0.08474775612014343,0.09521489113800931
xgboost_augmented,augmented,xgboost_04,138,0.0847363535367853,0.09521767148101919
xgboost_augmented,augmented,xgboost_04,139,0.08472188432912707,0.0951830859306429
xgboost_augmented,augmented,xgboost_04,140,0.08471346573095381,0.09517637744865863
xgboost_augmented,augmented,xgboost_04,141,0.08470173679340531,0.09515874935026977
xgboost_augmented,augmented,xgboost_04,142,0.0846929800241817,0.09514319288486314
xgboost_augmented,augmented,xgboost_04,143,0.08468107954669149,0.09513205111599422
xgboost_augmented,augmented,xgboost_04,144,0.08467169753808879,0.09513516012661441
xgboost_augmented,augmented,xgboost_04,145,0.0846628355512545,0.09513732647067714
xgboost_augmented,augmented,xgboost_04,146,0.08464668943208455,0.09510671201268975
xgboost_augmented,augmented,xgboost_04,147,0.08463341899621774,0.09509131780275587
xgboost_augmented,augmented,xgboost_04,148,0.08462403990583083,0.09509017274459641
xgboost_augmented,augmented,xgboost_04,149,0.08461205767258664,0.09508484426879826
xgboost_augmented,augmented,xgboost_04,150,0.08460507930692426,0.09507226074212977
xgboost_augmented,augmented,xgboost_04,151,0.08458744595978743,0.09505673693381435
xgboost_augmented,augmented,xgboost_04,152,0.0845800533590633,0.09505767147847173
xgboost_augmented,augmented,xgboost_04,153,0.08456742339148382,0.09504038719594507
xgboost_augmented,augmented,xgboost_04,154,0.08455945426020353,0.09503091389015227
xgboost_augmented,augmented,xgboost_04,155,0.08454939319796567,0.09495458243770039
xgboost_augmented,augmented,xgboost_04,156,0.08454045674480795,0.09494476076473754
xgboost_augmented,augmented,xgboost_04,157,0.08450972849459659,0.09493970380237769
xgboost_augmented,augmented,xgboost_04,158,0.08450190664555166,0.09493410311913102
xgboost_augmented,augmented,xgboost_04,159,0.08449163798571818,0.09493060980149105
xgboost_augmented,augmented,xgboost_04,160,0.08447956556148387,0.09490038861787235
xgboost_augmented,augmented,xgboost_04,161,0.08447162078526205,0.09489173158854827
xgboost_augmented,augmented,xgboost_04,162,0.08446174587625377,0.09487733962637372
xgboost_augmented,augmented,xgboost_04,163,0.08445278565639336,0.09486077621021054
xgboost_augmented,augmented,xgboost_04,164,0.08444510199304545,0.09484966396936952
xgboost_augmented,augmented,xgboost_04,165,0.08443839841676784,0.094863036912582
xgboost_augmented,augmented,xgboost_04,166,0.08443109945414089,0.09485293819165005
xgboost_augmented,augmented,xgboost_04,167,0.0844253377252083,0.09484511338423064
xgboost_augmented,augmented,xgboost_04,168,0.0844141442916024,0.09483792545891438
xgboost_augmented,augmented,xgboost_04,169,0.08440724778118273,0.09483030354780887
xgboost_augmented,augmented,xgboost_04,170,0.08439949916655841,0.09481740291489256
xgboost_augmented,augmented,xgboost_04,171,0.0843932488295301,0.09479644219895635
xgboost_augmented,augmented,xgboost_04,172,0.08438818412320388,0.09478655492974404
xgboost_augmented,augmented,xgboost_04,173,0.08438096048970783,0.0947827394685156
xgboost_augmented,augmented,xgboost_04,174,0.08437308351487689,0.09476427108311151
xgboost_augmented,augmented,xgboost_04,175,0.08436636287191805,0.09476909868475333
xgboost_augmented,augmented,xgboost_04,176,0.0843577686044188,0.09470108651158297
xgboost_augmented,augmented,xgboost_04,177,0.08435219934248867,0.0946979752435492
xgboost_augmented,augmented,xgboost_04,178,0.08434750924374243,0.09470657687742041
xgboost_augmented,augmented,xgboost_04,179,0.08433910302297867,0.0946792150950537
xgboost_augmented,augmented,xgboost_04,180,0.08433106862239509,0.09468644401623942
xgboost_augmented,augmented,xgboost_04,181,0.08432473520592516,0.09468828603175997
xgboost_augmented,augmented,xgboost_04,182,0.08431782872659001,0.09467660307458985
xgboost_augmented,augmented,xgboost_04,183,0.08431035121184118,0.09466115473160967
xgboost_augmented,augmented,xgboost_04,184,0.08430243671353761,0.09465044252722372
xgboost_augmented,augmented,xgboost_04,185,0.08429713542718768,0.09464213003685627
xgboost_augmented,augmented,xgboost_04,186,0.08429159650880946,0.09463589534269783
xgboost_augmented,augmented,xgboost_04,187,0.08428589782645263,0.09464801810313252
xgboost_augmented,augmented,xgboost_04,188,0.08427915012153529,0.0945865167428983
xgboost_augmented,augmented,xgboost_04,189,0.08427332825036968,0.0945748187475451
xgboost_augmented,augmented,xgboost_04,190,0.08427147377247503,0.09457028644975049
xgboost_augmented,augmented,xgboost_04,191,0.0842683288855408,0.0945722767569226
xgboost_augmented,augmented,xgboost_04,192,0.0842630146537988,0.09457008773467253
xgboost_augmented,augmented,xgboost_04,193,0.08425827883682002,0.09456201315152804
xgboost_augmented,augmented,xgboost_04,194,0.0842517474015694,0.09454571353195132
xgboost_augmented,augmented,xgboost_04,195,0.08425092271117514,0.0945451781618776
xgboost_augmented,augmented,xgboost_04,196,0.08424279607571883,0.09448932980907197
xgboost_augmented,augmented,xgboost_04,197,0.0842368540320045,0.09446553886764134
xgboost_augmented,augmented,xgboost_04,198,0.08422834063030753,0.0944712313245854
xgboost_augmented,augmented,xgboost_04,199,0.0842252985038891,0.09446710857755404
xgboost_augmented,augmented,xgboost_04,200,0.08421831408163194,0.09445881163346638
xgboost_augmented,augmented,xgboost_04,201,0.08421265389629884,0.09447124998287913
xgboost_augmented,augmented,xgboost_04,202,0.08420658136492598,0.09447515586789496
xgboost_augmented,augmented,xgboost_04,203,0.08420204871046992,0.09447506665285872
xgboost_augmented,augmented,xgboost_04,204,0.0841964551035024,0.09446738228986137
xgboost_augmented,augmented,xgboost_04,205,0.08419413858545753,0.09446558522466439
xgboost_augmented,augmented,xgboost_04,206,0.08418767258956796,0.09446317803098105
xgboost_augmented,augmented,xgboost_04,207,0.08418546699342526,0.09445877815299022
xgboost_augmented,augmented,xgboost_04,208,0.08417968558618706,0.09444767052864587
xgboost_augmented,augmented,xgboost_04,209,0.08416687188464546,0.09443600500635085
xgboost_augmented,augmented,xgboost_04,210,0.0841623108910977,0.09444659993203922
xgboost_augmented,augmented,xgboost_04,211,0.08415833341013268,0.09444124051512014
xgboost_augmented,augmented,xgboost_04,212,0.08415663231398132,0.09444393550803859
xgboost_augmented,augmented,xgboost_04,213,0.08415048600024749,0.09445193238736406
xgboost_augmented,augmented,xgboost_04,214,0.08414803695499498,0.09445424073586747
xgboost_augmented,augmented,xgboost_04,215,0.08414006131454549,0.09444141938697222
xgboost_augmented,augmented,xgboost_04,216,0.08413499606283684,0.09443720313560568
xgboost_augmented,augmented,xgboost_04,217,0.08413137101270304,0.09442950879194936
xgboost_augmented,augmented,xgboost_04,218,0.08411977404440071,0.09443190145880577
xgboost_augmented,augmented,xgboost_04,219,0.08411363339929774,0.09442441525753362
xgboost_augmented,augmented,xgboost_04,220,0.08410935689011013,0.09442756709495156
xgboost_augmented,augmented,xgboost_04,221,0.08410380399813915,0.09443370601407274
xgboost_augmented,augmented,xgboost_04,222,0.08409934156274647,0.09443528940147727
xgboost_augmented,augmented,xgboost_04,223,0.0840946208701616,0.09443957414109495
xgboost_augmented,augmented,xgboost_04,224,0.0840915128174411,0.09445071892996129
xgboost_augmented,augmented,xgboost_04,225,0.0840810650515869,0.09442613642501797
xgboost_augmented,augmented,xgboost_04,226,0.08406871272314552,0.09440580911624478
xgboost_augmented,augmented,xgboost_04,227,0.08406404668574631,0.09441823422756342
xgboost_augmented,augmented,xgboost_04,228,0.08406044487655367,0.09441241354508927
xgboost_augmented,augmented,xgboost_04,229,0.0840527273833953,0.09440290302625895
xgboost_augmented,augmented,xgboost_04,230,0.08405366130284853,0.09440480259661199
xgboost_augmented,augmented,xgboost_04,231,0.08404806802841291,0.09439741878566325
xgboost_augmented,augmented,xgboost_04,232,0.08403817717466502,0.0944007063939664
xgboost_augmented,augmented,xgboost_04,233,0.08403829295839439,0.09440005916113234
xgboost_augmented,augmented,xgboost_04,234,0.0840375660508894,0.09439864466304047
xgboost_augmented,augmented,xgboost_04,235,0.08403255163789312,0.09439430181022299
xgboost_augmented,augmented,xgboost_04,236,0.08403027723445805,0.09440574869398177
xgboost_augmented,augmented,xgboost_04,237,0.08402607140428113,0.09438585685630003
xgboost_augmented,augmented,xgboost_04,238,0.08402121479404745,0.09436069783685823
xgboost_augmented,augmented,xgboost_04,239,0.08401708789430698,0.09435344407597435
xgboost_augmented,augmented,xgboost_04,240,0.08401768727242355,0.0943528952550653
xgboost_augmented,augmented,xgboost_04,241,0.08401348554469733,0.09435730304196427
xgboost_augmented,augmented,xgboost_04,242,0.08400946434466355,0.09435237393619086
xgboost_augmented,augmented,xgboost_04,243,0.08400388192421998,0.09434512312071335
xgboost_augmented,augmented,xgboost_04,244,0.08399791357903709,0.09436559504737205
xgboost_augmented,augmented,xgboost_04,245,0.08399392660059957,0.09435782375972257
xgboost_augmented,augmented,xgboost_04,246,0.08398769119669164,0.09435275791212666
xgboost_augmented,augmented,xgboost_04,247,0.08398508606649728,0.09435190538277652
xgboost_augmented,augmented,xgboost_04,248,0.083985575654554,0.09435629636675585
xgboost_augmented,augmented,xgboost_04,249,0.08398348311273078,0.09437587800105891
xgboost_augmented,augmented,xgboost_04,250,0.08398290723857156,0.09437457315356987
xgboost_augmented,augmented,xgboost_04,251,0.08397884951819809,0.09436330168126514
xgboost_augmented,augmented,xgboost_04,252,0.08397240003873217,0.09434949245272779
xgboost_augmented,augmented,xgboost_04,253,0.08396263741696298,0.09435398757998299
xgboost_augmented,augmented,xgboost_04,254,0.08396264150782773,0.09435472759994985
xgboost_augmented,augmented,xgboost_04,255,0.08395724900153462,0.09435082540474657
xgboost_augmented,augmented,xgboost_04,256,0.08395297500048023,0.09435276018170047
xgboost_augmented,augmented,xgboost_04,257,0.08394914436229685,0.09434734720602353
xgboost_augmented,augmented,xgboost_04,258,0.08394296338898763,0.09436192921955659
xgboost_augmented,augmented,xgboost_04,259,0.0839384512229511,0.09436981491634198
xgboost_augmented,augmented,xgboost_04,260,0.08393517433736947,0.09436288855288934
xgboost_augmented,augmented,xgboost_04,261,0.08392950891304876,0.09435938611433065
xgboost_augmented,augmented,xgboost_04,262,0.08392529976080282,0.09435953860940743
xgboost_augmented,augmented,xgboost_04,263,0.08392609232196385,0.09436109081925623
xgboost_augmented,augmented,xgboost_04,264,0.08392150802211211,0.09438064845692808
xgboost_augmented,augmented,xgboost_04,265,0.0839145624565849,0.09437780980703238
xgboost_augmented,augmented,xgboost_04,266,0.08391139045469771,0.09438494917357321
xgboost_augmented,augmented,xgboost_04,267,0.083905394165459,0.0943878535850723
xgboost_augmented,augmented,xgboost_04,268,0.08390163609305129,0.09438507231763481
xgboost_augmented,augmented,xgboost_04,269,0.08389139021150326,0.09436765485472635
xgboost_augmented,augmented,xgboost_04,270,0.08388353328362189,0.09435795307992337
xgboost_augmented,augmented,xgboost_04,271,0.08388012423421023,0.09434381291294827
xgboost_augmented,augmented,xgboost_04,272,0.08387629757142329,0.09436303227104378
xgboost_augmented,augmented,xgboost_04,273,0.08387059407174736,0.09436673317458102
xgboost_augmented,augmented,xgboost_04,274,0.08386675839265105,0.09436290606210475
xgboost_augmented,augmented,xgboost_04,275,0.08386829700119183,0.09436489009059067
xgboost_augmented,augmented,xgboost_04,276,0.0838648021086824,0.0943717525090768
xgboost_augmented,augmented,xgboost_04,277,0.08386252203998693,0.09436558607588616
xgboost_augmented,augmented,xgboost_04,278,0.08385896463876083,0.09437350356626165
xgboost_augmented,augmented,xgboost_04,279,0.08385705804249274,0.09438369547774488
xgboost_augmented,augmented,xgboost_04,280,0.08385319435274395,0.09437574064583469
xgboost_augmented,augmented,xgboost_04,281,0.0838533053908066,0.09437729200033095
xgboost_augmented,augmented,xgboost_04,282,0.08385002400689577,0.09437799705288977
xgboost_augmented,augmented,xgboost_04,283,0.0838418947542779,0.09438293686279267
xgboost_augmented,augmented,xgboost_04,284,0.08383892637630523,0.09438277113751962
xgboost_augmented,augmented,xgboost_04,285,0.08383559029844848,0.09437659439584548
xgboost_augmented,augmented,xgboost_04,286,0.08383640522281688,0.0943739615389038
xgboost_augmented,augmented,xgboost_04,287,0.0838280012511425,0.09437110572667241
xgboost_augmented,augmented,xgboost_04,288,0.08382526429747432,0.0943709351731644
xgboost_augmented,augmented,xgboost_04,289,0.08382241404145697,0.09437266884549403
xgboost_augmented,augmented,xgboost_04,290,0.08381939955704708,0.09435688447671557
xgboost_augmented,augmented,xgboost_04,291,0.08381623863274579,0.09435547473477489
xgboost_augmented,augmented,xgboost_04,292,0.08381250563781836,0.09435656929165746
xgboost_augmented,augmented,xgboost_04,293,0.08381251940030603,0.09436007939015316
xgboost_augmented,augmented,xgboost_04,294,0.08380011335977564,0.0943621066992513
xgboost_augmented,augmented,xgboost_04,295,0.08379359596964976,0.09436401063562551
xgboost_augmented,augmented,xgboost_04,296,0.08379303773505954,0.09436295647061294
xgboost_augmented,augmented,xgboost_04,297,0.08378952816844351,0.09435364283843956
xgboost_augmented,augmented,xgboost_04,298,0.0837904515068818,0.09435855045697521
xgboost_augmented,augmented,xgboost_04,299,0.08378663681560476,0.09435924801219299
xgboost_augmented,augmented,xgboost_04,300,0.08378347870097243,0.09434879875480767
xgboost_augmented,augmented,xgboost_04,301,0.08377979209006362,0.0943490675788311
xgboost_augmented,augmented,xgboost_05,1,0.11128690292287806,0.13166008085395545
xgboost_augmented,augmented,xgboost_05,2,0.10936575441292978,0.12890072413559098
xgboost_augmented,augmented,xgboost_05,3,0.10772032123239444,0.12657600218300535
xgboost_augmented,augmented,xgboost_05,4,0.10607173129717695,0.1241710557954491
xgboost_augmented,augmented,xgboost_05,5,0.10459581121677503,0.1220864203202803
xgboost_augmented,augmented,xgboost_05,6,0.10327671545441419,0.12021708213217103
xgboost_augmented,augmented,xgboost_05,7,0.10197580901148007,0.1183171912203877
xgboost_augmented,augmented,xgboost_05,8,0.10077569007328484,0.1166915822218061
xgboost_augmented,augmented,xgboost_05,9,0.09972472480658645,0.11524987994580518
xgboost_augmented,augmented,xgboost_05,10,0.0986796419840133,0.11375352592058435
xgboost_augmented,augmented,xgboost_05,11,0.09774127096262016,0.1124503476454201
xgboost_augmented,augmented,xgboost_05,12,0.0968644277584596,0.11120284017842869
xgboost_augmented,augmented,xgboost_05,13,0.09603608244576432,0.11016571914822541
xgboost_augmented,augmented,xgboost_05,14,0.09532832143075683,0.10912371459114294
xgboost_augmented,augmented,xgboost_05,15,0.09463809806146609,0.10815889555356643
xgboost_augmented,augmented,xgboost_05,16,0.09398794046935427,0.10733534050795733
xgboost_augmented,augmented,xgboost_05,17,0.09339319762704093,0.1065677890772453
xgboost_augmented,augmented,xgboost_05,18,0.09285547619877692,0.10585617725628954
xgboost_augmented,augmented,xgboost_05,19,0.09234019832060264,0.10519436720434237
xgboost_augmented,augmented,xgboost_05,20,0.09187241346741803,0.10455332136089789
xgboost_augmented,augmented,xgboost_05,21,0.09144147635480047,0.10394174889405004
xgboost_augmented,augmented,xgboost_05,22,0.09103305536499989,0.10342338995957642
xgboost_augmented,augmented,xgboost_05,23,0.09065261181921541,0.10293491220765888
xgboost_augmented,augmented,xgboost_05,24,0.0903069645898509,0.10248326475665961
xgboost_augmented,augmented,xgboost_05,25,0.08998739074116457,0.10199747044081113
xgboost_augmented,augmented,xgboost_05,26,0.08967328684036767,0.10157417263151186
xgboost_augmented,augmented,xgboost_05,27,0.08938175516614859,0.10120526890811103
xgboost_augmented,augmented,xgboost_05,28,0.0891077724967558,0.10086254076374052
xgboost_augmented,augmented,xgboost_05,29,0.08885655883555238,0.1004834883737402
xgboost_augmented,augmented,xgboost_05,30,0.08862995333769352,0.10016600277161017
xgboost_augmented,augmented,xgboost_05,31,0.08841253578633501,0.09990736538864474
xgboost_augmented,augmented,xgboost_05,32,0.08819872529281672,0.09962453832943882
xgboost_augmented,augmented,xgboost_05,33,0.0879993943577572,0.09942136286936028
xgboost_augmented,augmented,xgboost_05,34,0.08782252663005773,0.09917119362948519
xgboost_augmented,augmented,xgboost_05,35,0.08764104686910439,0.09892333318051996
xgboost_augmented,augmented,xgboost_05,36,0.08748021842517391,0.09869314283598904
xgboost_augmented,augmented,xgboost_05,37,0.08733274978700235,0.09848375097812245
xgboost_augmented,augmented,xgboost_05,38,0.08721350063451916,0.09835972539393056
xgboost_augmented,augmented,xgboost_05,39,0.08707624508474211,0.0981915877054615
xgboost_augmented,augmented,xgboost_05,40,0.08695044283726391,0.09799905021788134
xgboost_augmented,augmented,xgboost_05,41,0.08683180967107569,0.097837057105544
xgboost_augmented,augmented,xgboost_05,42,0.08672138255287626,0.0977171316558864
xgboost_augmented,augmented,xgboost_05,43,0.0866095255925694,0.09756696146174108
xgboost_augmented,augmented,xgboost_05,44,0.08651898898543434,0.09740913043349986
xgboost_augmented,augmented,xgboost_05,45,0.08641411225486444,0.09729749458729278
xgboost_augmented,augmented,xgboost_05,46,0.0863177471352545,0.09716761305861538
xgboost_augmented,augmented,xgboost_05,47,0.08620681483090445,0.09706476380325717
xgboost_augmented,augmented,xgboost_05,48,0.08610224925658273,0.09694716550042731
xgboost_augmented,augmented,xgboost_05,49,0.08601689731523138,0.09685487488879178
xgboost_augmented,augmented,xgboost_05,50,0.0859340651050346,0.09677541233498393
xgboost_augmented,augmented,xgboost_05,51,0.08584657997625883,0.09667716795213291
xgboost_augmented,augmented,xgboost_05,52,0.08576406719967652,0.09660915663293608
xgboost_augmented,augmented,xgboost_05,53,0.08570102335772513,0.09653233936381686
xgboost_augmented,augmented,xgboost_05,54,0.08564004148726126,0.09645617084154202
xgboost_augmented,augmented,xgboost_05,55,0.08557361642246947,0.09641226165138034
xgboost_augmented,augmented,xgboost_05,56,0.08550420512235016,0.09634619718336039
xgboost_augmented,augmented,xgboost_05,57,0.08544189469418402,0.09631334322403531
xgboost_augmented,augmented,xgboost_05,58,0.0853963846161133,0.09626660884709883
xgboost_augmented,augmented,xgboost_05,59,0.0853426436765226,0.09619166520004847
xgboost_augmented,augmented,xgboost_05,60,0.08529373461314109,0.09616620656890677
xgboost_augmented,augmented,xgboost_05,61,0.08523402157767837,0.09613892007574011
xgboost_augmented,augmented,xgboost_05,62,0.08518700881143476,0.09610745244228108
xgboost_augmented,augmented,xgboost_05,63,0.08513224037673742,0.09603466868860908
xgboost_augmented,augmented,xgboost_05,64,0.08509770643627093,0.09597087571070727
xgboost_augmented,augmented,xgboost_05,65,0.08505077161641006,0.09595233492146055
xgboost_augmented,augmented,xgboost_05,66,0.0850041338414672,0.09593318562555006
xgboost_augmented,augmented,xgboost_05,67,0.08497231942280443,0.09588113784835671
xgboost_augmented,augmented,xgboost_05,68,0.08494320719865545,0.0958426697499351
xgboost_augmented,augmented,xgboost_05,69,0.08490109136693962,0.09578427558681825
xgboost_augmented,augmented,xgboost_05,70,0.08485922993378187,0.09574358438029193
xgboost_augmented,augmented,xgboost_05,71,0.08482102817109151,0.0957228797761833
xgboost_augmented,augmented,xgboost_05,72,0.08478192010206678,0.09570742947891754
xgboost_augmented,augmented,xgboost_05,73,0.08474496742472057,0.0956724974265236
xgboost_augmented,augmented,xgboost_05,74,0.0847177280119586,0.09565010128450263
xgboost_augmented,augmented,xgboost_05,75,0.0846883019701024,0.09562566279783305
xgboost_augmented,augmented,xgboost_05,76,0.084653126409765,0.09560560618788866
xgboost_augmented,augmented,xgboost_05,77,0.0846237801570901,0.09557108601274665
xgboost_augmented,augmented,xgboost_05,78,0.084600833801387,0.09555401338878876
xgboost_augmented,augmented,xgboost_05,79,0.08457818167500457,0.09554958892144992
xgboost_augmented,augmented,xgboost_05,80,0.084545384204742,0.09554704941790623
xgboost_augmented,augmented,xgboost_05,81,0.0845160249303582,0.09554050671434897
xgboost_augmented,augmented,xgboost_05,82,0.08448587711002335,0.09551230395747569
xgboost_augmented,augmented,xgboost_05,83,0.08445889439982927,0.09548085419465394
xgboost_augmented,augmented,xgboost_05,84,0.08443354080147526,0.0954612048307973
xgboost_augmented,augmented,xgboost_05,85,0.08441298897803028,0.09544736946881448
xgboost_augmented,augmented,xgboost_05,86,0.08438737875787904,0.09543027484839385
xgboost_augmented,augmented,xgboost_05,87,0.08436000124533669,0.09540028521709112
xgboost_augmented,augmented,xgboost_05,88,0.08433568476294469,0.09536543150147457
xgboost_augmented,augmented,xgboost_05,89,0.08431732805519955,0.09534384160210939
xgboost_augmented,augmented,xgboost_05,90,0.08429821549507786,0.09535484677532918
xgboost_augmented,augmented,xgboost_05,91,0.08427378944092344,0.09534729646223221
xgboost_augmented,augmented,xgboost_05,92,0.08425096657619681,0.09533708097057401
xgboost_augmented,augmented,xgboost_05,93,0.08423135345214815,0.0952738269413614
xgboost_augmented,augmented,xgboost_05,94,0.08420892339361534,0.09527129738299892
xgboost_augmented,augmented,xgboost_05,95,0.08419072267996013,0.09524575089525568
xgboost_augmented,augmented,xgboost_05,96,0.08417501710643878,0.09518358080968439
xgboost_augmented,augmented,xgboost_05,97,0.08415955317621344,0.09517301446553242
xgboost_augmented,augmented,xgboost_05,98,0.08413430495914802,0.09514566819572279
xgboost_augmented,augmented,xgboost_05,99,0.0841198927516724,0.09515541045378549
xgboost_augmented,augmented,xgboost_05,100,0.08410158284061647,0.09515200424545754
xgboost_augmented,augmented,xgboost_05,101,0.08408766289027024,0.09513027797898019
xgboost_augmented,augmented,xgboost_05,102,0.08407545105436445,0.09513811086291823
xgboost_augmented,augmented,xgboost_05,103,0.08405279897023314,0.0950494912718891
xgboost_augmented,augmented,xgboost_05,104,0.08403123185319518,0.09498623251046964
xgboost_augmented,augmented,xgboost_05,105,0.08401911844050573,0.09496570648937647
xgboost_augmented,augmented,xgboost_05,106,0.0840021675958866,0.09488132004841093
xgboost_augmented,augmented,xgboost_05,107,0.08398607906862551,0.09488723347389007
xgboost_augmented,augmented,xgboost_05,108,0.08397623174207094,0.09487942050287979
xgboost_augmented,augmented,xgboost_05,109,0.08396136441360662,0.09487982825004392
xgboost_augmented,augmented,xgboost_05,110,0.08395224735033066,0.09487292112932783
xgboost_augmented,augmented,xgboost_05,111,0.08393917780692212,0.09485728595418855
xgboost_augmented,augmented,xgboost_05,112,0.08392701551655575,0.0948375127039953
xgboost_augmented,augmented,xgboost_05,113,0.08391590404014897,0.09482018070325289
xgboost_augmented,augmented,xgboost_05,114,0.0838977403711806,0.09479925535475843
xgboost_augmented,augmented,xgboost_05,115,0.08388723485897828,0.09477919911626495
xgboost_augmented,augmented,xgboost_05,116,0.08387068058415215,0.09477348625371608
xgboost_augmented,augmented,xgboost_05,117,0.0838578134140071,0.0947574916420945
xgboost_augmented,augmented,xgboost_05,118,0.08383844976192835,0.09474869710610755
xgboost_augmented,augmented,xgboost_05,119,0.08382392708067117,0.0947355660623064
xgboost_augmented,augmented,xgboost_05,120,0.08380135364024653,0.09473546670226017
xgboost_augmented,augmented,xgboost_05,121,0.08378773900056852,0.09470851642080529
xgboost_augmented,augmented,xgboost_05,122,0.08377587104454874,0.09470459724943055
xgboost_augmented,augmented,xgboost_05,123,0.08375744785238956,0.09469173825762765
xgboost_augmented,augmented,xgboost_05,124,0.0837405579209057,0.09464658009256179
xgboost_augmented,augmented,xgboost_05,125,0.0837262080368317,0.09463490148248302
xgboost_augmented,augmented,xgboost_05,126,0.0837145811974737,0.09462378395244686
xgboost_augmented,augmented,xgboost_05,127,0.0837067979605296,0.09464374534948218
xgboost_augmented,augmented,xgboost_05,128,0.08370090608125524,0.09463451410055677
xgboost_augmented,augmented,xgboost_05,129,0.08368548682839246,0.09463716674970155
xgboost_augmented,augmented,xgboost_05,130,0.08366679911088983,0.09460041091484912
xgboost_augmented,augmented,xgboost_05,131,0.08365297196096128,0.09458562552097516
xgboost_augmented,augmented,xgboost_05,132,0.08364264683290597,0.09458705971549271
xgboost_augmented,augmented,xgboost_05,133,0.08363297420441336,0.09458509936270844
xgboost_augmented,augmented,xgboost_05,134,0.08362166067574922,0.09456122644533459
xgboost_augmented,augmented,xgboost_05,135,0.08361313495063027,0.09452508789369217
xgboost_augmented,augmented,xgboost_05,136,0.08359735698575452,0.09453639327170474
xgboost_augmented,augmented,xgboost_05,137,0.08358973879333559,0.09447054544706708
xgboost_augmented,augmented,xgboost_05,138,0.08357802146304667,0.09443917431086221
xgboost_augmented,augmented,xgboost_05,139,0.0835679410024018,0.09443781547512127
xgboost_augmented,augmented,xgboost_05,140,0.08355850000995076,0.09443465218101905
xgboost_augmented,augmented,xgboost_05,141,0.08354779544522986,0.09441822790299431
xgboost_augmented,augmented,xgboost_05,142,0.08353693037274224,0.09439703253551521
xgboost_augmented,augmented,xgboost_05,143,0.08352606297096636,0.09438961258062561
xgboost_augmented,augmented,xgboost_05,144,0.08351664677510397,0.09437037056878857
xgboost_augmented,augmented,xgboost_05,145,0.08350414863181081,0.09437687521837256
xgboost_augmented,augmented,xgboost_05,146,0.08349743726676315,0.09437190984592779
xgboost_augmented,augmented,xgboost_05,147,0.08349416627915406,0.0943624371888891
xgboost_augmented,augmented,xgboost_05,148,0.08348871423439153,0.0943594093906254
xgboost_augmented,augmented,xgboost_05,149,0.08347789271350295,0.09434146295479758
xgboost_augmented,augmented,xgboost_05,150,0.08346918061053739,0.09434935454364933
xgboost_augmented,augmented,xgboost_05,151,0.0834607083480634,0.09434952529247308
xgboost_augmented,augmented,xgboost_05,152,0.08345094332442074,0.09436103764059932
xgboost_augmented,augmented,xgboost_05,153,0.08344588285954656,0.0943622271923845
xgboost_augmented,augmented,xgboost_05,154,0.0834416231703346,0.09435976423743873
xgboost_augmented,augmented,xgboost_05,155,0.08343049424328507,0.09435084704730921
xgboost_augmented,augmented,xgboost_05,156,0.08342341617324066,0.09432867668789226
xgboost_augmented,augmented,xgboost_05,157,0.08341570764854316,0.09432621642649835
xgboost_augmented,augmented,xgboost_05,158,0.08340906052646387,0.09433106491714516
xgboost_augmented,augmented,xgboost_05,159,0.08340728652725017,0.09433022274028097
xgboost_augmented,augmented,xgboost_05,160,0.0834039077365572,0.09432339026577753
xgboost_augmented,augmented,xgboost_05,161,0.08339547531883923,0.09433314979072875
xgboost_augmented,augmented,xgboost_05,162,0.08338938848708953,0.0943178429425882
xgboost_augmented,augmented,xgboost_05,163,0.08338489796382473,0.09432192166961569
xgboost_augmented,augmented,xgboost_05,164,0.08337517136552335,0.09432076789558572
xgboost_augmented,augmented,xgboost_05,165,0.08336648841576584,0.09432067165194112
xgboost_augmented,augmented,xgboost_05,166,0.08336265560438862,0.0943199928589431
xgboost_augmented,augmented,xgboost_05,167,0.0833599991389711,0.09432029783580818
xgboost_augmented,augmented,xgboost_05,168,0.08335427208577405,0.0943123993314256
xgboost_augmented,augmented,xgboost_05,169,0.08334053909976441,0.09431870037087811
xgboost_augmented,augmented,xgboost_05,170,0.08333372277506658,0.09431831505631498
xgboost_augmented,augmented,xgboost_05,171,0.08333321545836443,0.09431939554419672
xgboost_augmented,augmented,xgboost_05,172,0.08331987770094579,0.0942947787548236
xgboost_augmented,augmented,xgboost_05,173,0.08331753199740265,0.09428332329484881
xgboost_augmented,augmented,xgboost_05,174,0.0833061054727099,0.09428347896424501
xgboost_augmented,augmented,xgboost_05,175,0.0832976349405755,0.09427263641193145
xgboost_augmented,augmented,xgboost_05,176,0.08328976781874031,0.09428232127387136
xgboost_augmented,augmented,xgboost_05,177,0.08328665018997347,0.09428549936207467
xgboost_augmented,augmented,xgboost_05,178,0.08328059569404811,0.09429116942214623
xgboost_augmented,augmented,xgboost_05,179,0.08326956949128196,0.09428615616186942
xgboost_augmented,augmented,xgboost_05,180,0.08325998054752934,0.09430571491953534
xgboost_augmented,augmented,xgboost_05,181,0.08325447268098098,0.09429915992274573
xgboost_augmented,augmented,xgboost_05,182,0.08325115671880709,0.09430787615605407
xgboost_augmented,augmented,xgboost_05,183,0.08324694534771564,0.09430735021215828
xgboost_augmented,augmented,xgboost_05,184,0.08323882153077573,0.09430748703183128
xgboost_augmented,augmented,xgboost_05,185,0.0832352550849525,0.09430358077849862
xgboost_augmented,augmented,xgboost_05,186,0.08323129261447794,0.09430358597592797
xgboost_augmented,augmented,xgboost_05,187,0.08322566167639472,0.09432581395411262
xgboost_augmented,augmented,xgboost_05,188,0.0832221093577007,0.09433038261874373
xgboost_augmented,augmented,xgboost_05,189,0.08321789483541046,0.09433909115575977
xgboost_augmented,augmented,xgboost_05,190,0.08321556044920723,0.09442608018499382
xgboost_augmented,augmented,xgboost_05,191,0.08320980412706296,0.0944301408117188
xgboost_augmented,augmented,xgboost_05,192,0.08320187385928365,0.09443622969378271
xgboost_augmented,augmented,xgboost_05,193,0.08319492167895945,0.09444904154291191
xgboost_augmented,augmented,xgboost_05,194,0.08318880650029378,0.09445397133279182
xgboost_augmented,augmented,xgboost_05,195,0.08318511684345285,0.0944522176473693
xgboost_augmented,augmented,xgboost_05,196,0.08318212692343101,0.09449086824377106
xgboost_augmented,augmented,xgboost_05,197,0.08317922557742151,0.09448792639044677
xgboost_augmented,augmented,xgboost_05,198,0.08316953287230726,0.09450211961886426
xgboost_augmented,augmented,xgboost_05,199,0.08316898299660629,0.09459523334402202
xgboost_augmented,augmented,xgboost_05,200,0.08316366909185902,0.09460239926710884
xgboost_augmented,augmented,xgboost_05,201,0.0831556479741648,0.09460762978128628
xgboost_augmented,augmented,xgboost_05,202,0.08315168855633319,0.09461235058358394
xgboost_augmented,augmented,xgboost_05,203,0.08313511146118116,0.09462533522671072
xgboost_augmented,augmented,xgboost_05,204,0.08312857045430795,0.0946228804512067
xgboost_augmented,augmented,xgboost_05,205,0.08312634903804235,0.09461449370325226
xgboost_augmented,augmented,xgboost_06,1,0.11146440993493088,0.13182360339678623
xgboost_augmented,augmented,xgboost_06,2,0.10951917722010279,0.129009585920107
xgboost_augmented,augmented,xgboost_06,3,0.10772449902916828,0.1264052119929439
xgboost_augmented,augmented,xgboost_06,4,0.10607529166555069,0.12414033939267877
xgboost_augmented,augmented,xgboost_06,5,0.10455093685632942,0.12204509144850745
xgboost_augmented,augmented,xgboost_06,6,0.103238404299649,0.12020694512634696
xgboost_augmented,augmented,xgboost_06,7,0.10194422145496457,0.11833013152421075
xgboost_augmented,augmented,xgboost_06,8,0.1007466982168101,0.11656173565564759
xgboost_augmented,augmented,xgboost_06,9,0.09964918340109098,0.11499721359630535
xgboost_augmented,augmented,xgboost_06,10,0.09863100590691119,0.11359437649222391
xgboost_augmented,augmented,xgboost_06,11,0.09773516675835016,0.11238007712269323
xgboost_augmented,augmented,xgboost_06,12,0.09690293234839163,0.11125398663206454
xgboost_augmented,augmented,xgboost_06,13,0.09608134068333511,0.11008529775025169
xgboost_augmented,augmented,xgboost_06,14,0.09532063296928941,0.1091076456956081
xgboost_augmented,augmented,xgboost_06,15,0.09464176505028375,0.1081050059927743
xgboost_augmented,augmented,xgboost_06,16,0.09400292569238831,0.10723546221912476
xgboost_augmented,augmented,xgboost_06,17,0.09340772738241046,0.10650331506710953
xgboost_augmented,augmented,xgboost_06,18,0.0928637106117979,0.1058254397002488
xgboost_augmented,augmented,xgboost_06,19,0.09235533188892088,0.10514172897327514
xgboost_augmented,augmented,xgboost_06,20,0.09188718216011645,0.1045192264635725
xgboost_augmented,augmented,xgboost_06,21,0.09145240639018057,0.10392731619149603
xgboost_augmented,augmented,xgboost_06,22,0.09104404691101943,0.10340517119269205
xgboost_augmented,augmented,xgboost_06,23,0.09067118476984416,0.10287631683824826
xgboost_augmented,augmented,xgboost_06,24,0.09031174777562424,0.10242212496332845
xgboost_augmented,augmented,xgboost_06,25,0.09005745604515476,0.10205512947237039
xgboost_augmented,augmented,xgboost_06,26,0.08974188425834279,0.10166945911618971
xgboost_augmented,augmented,xgboost_06,27,0.08944988745503793,0.10128648864622591
xgboost_augmented,augmented,xgboost_06,28,0.08917605649157809,0.10091557625421911
xgboost_augmented,augmented,xgboost_06,29,0.08891874778003107,0.1005946359916697
xgboost_augmented,augmented,xgboost_06,30,0.08868656732082567,0.10025598342771253
xgboost_augmented,augmented,xgboost_06,31,0.08852027596023504,0.10000224087624511
xgboost_augmented,augmented,xgboost_06,32,0.08830681383211215,0.09976450655133491
xgboost_augmented,augmented,xgboost_06,33,0.08810429418015552,0.09947539276738902
xgboost_augmented,augmented,xgboost_06,34,0.08790941749909022,0.09925017563839539
xgboost_augmented,augmented,xgboost_06,35,0.08772444962181528,0.09904098909121091
xgboost_augmented,augmented,xgboost_06,36,0.08755886992302929,0.09883625639459878
xgboost_augmented,augmented,xgboost_06,37,0.0873913702624193,0.09861351753440747
xgboost_augmented,augmented,xgboost_06,38,0.08724608635733834,0.09843770557667758
xgboost_augmented,augmented,xgboost_06,39,0.08710281625353339,0.09826997609558064
xgboost_augmented,augmented,xgboost_06,40,0.08697579863944685,0.0980857829779571
xgboost_augmented,augmented,xgboost_06,41,0.08685052704085508,0.09793889963040864
xgboost_augmented,augmented,xgboost_06,42,0.0867272106478355,0.09778239455980196
xgboost_augmented,augmented,xgboost_06,43,0.08661501647305672,0.09765278310602114
xgboost_augmented,augmented,xgboost_06,44,0.0865208022841119,0.09754066371786044
xgboost_augmented,augmented,xgboost_06,45,0.0864092439808257,0.09738887391426848
xgboost_augmented,augmented,xgboost_06,46,0.08631080433741598,0.09729071931698122
xgboost_augmented,augmented,xgboost_06,47,0.08621898813033406,0.09720190259709359
xgboost_augmented,augmented,xgboost_06,48,0.08612839866257223,0.09709408748225491
xgboost_augmented,augmented,xgboost_06,49,0.08604483328956902,0.09702754529113564
xgboost_augmented,augmented,xgboost_06,50,0.08596380843231903,0.09694820267259513
xgboost_augmented,augmented,xgboost_06,51,0.0858951109312667,0.09682820703225532
xgboost_augmented,augmented,xgboost_06,52,0.08582010600898271,0.09676863012544791
xgboost_augmented,augmented,xgboost_06,53,0.08574357069807595,0.09672101196676376
xgboost_augmented,augmented,xgboost_06,54,0.08567626438381612,0.0966610244369624
xgboost_augmented,augmented,xgboost_06,55,0.08560614919450209,0.0966199264276323
xgboost_augmented,augmented,xgboost_06,56,0.08553853815073748,0.09657997229140412
xgboost_augmented,augmented,xgboost_06,57,0.08548056660938883,0.09653452863290692
xgboost_augmented,augmented,xgboost_06,58,0.08542626003996903,0.09647474669836194
xgboost_augmented,augmented,xgboost_06,59,0.08537509611269746,0.09641931896538108
xgboost_augmented,augmented,xgboost_06,60,0.08532584565309727,0.09636237249086736
xgboost_augmented,augmented,xgboost_06,61,0.08526683076648588,0.09627337387511861
xgboost_augmented,augmented,xgboost_06,62,0.08521932149979505,0.09623556539177121
xgboost_augmented,augmented,xgboost_06,63,0.0851710015445604,0.09620912356141928
xgboost_augmented,augmented,xgboost_06,64,0.08512220139100724,0.09616232930917906
xgboost_augmented,augmented,xgboost_06,65,0.08508203634239983,0.09611996429083401
xgboost_augmented,augmented,xgboost_06,66,0.08503491304682224,0.09607665016790878
xgboost_augmented,augmented,xgboost_06,67,0.08499459055585062,0.09604661907012345
xgboost_augmented,augmented,xgboost_06,68,0.08495846316953257,0.09599671813387708
xgboost_augmented,augmented,xgboost_06,69,0.08492639902214312,0.09597168453371205
xgboost_augmented,augmented,xgboost_06,70,0.0848742774138616,0.09593507145798624
xgboost_augmented,augmented,xgboost_06,71,0.0848440921593713,0.09590097689512966
xgboost_augmented,augmented,xgboost_06,72,0.08481431624335771,0.0958501441570455
xgboost_augmented,augmented,xgboost_06,73,0.08478513554505013,0.09584323989924684
xgboost_augmented,augmented,xgboost_06,74,0.0847505127339408,0.09582248696214174
xgboost_augmented,augmented,xgboost_06,75,0.08471941346427411,0.09578464048424316
xgboost_augmented,augmented,xgboost_06,76,0.08468664839255048,0.09575755342674165
xgboost_augmented,augmented,xgboost_06,77,0.08465828566336978,0.09572416610114687
xgboost_augmented,augmented,xgboost_06,78,0.08463353354503494,0.09570507673895934
xgboost_augmented,augmented,xgboost_06,79,0.08460030562720004,0.0956964183262533
xgboost_augmented,augmented,xgboost_06,80,0.08457455398255116,0.0956844232509083
xgboost_augmented,augmented,xgboost_06,81,0.08455287731601988,0.09567448382625282
xgboost_augmented,augmented,xgboost_06,82,0.0845328619342575,0.09563742710663807
xgboost_augmented,augmented,xgboost_06,83,0.08449770134426599,0.09560229854956862
xgboost_augmented,augmented,xgboost_06,84,0.08447450867922725,0.09558386079965016
xgboost_augmented,augmented,xgboost_06,85,0.08444102472849259,0.09556496551209956
xgboost_augmented,augmented,xgboost_06,86,0.08442264800151389,0.09556201002679024
xgboost_augmented,augmented,xgboost_06,87,0.08439127781629367,0.09552643612214712
xgboost_augmented,augmented,xgboost_06,88,0.08437437787262006,0.09549952175246063
xgboost_augmented,augmented,xgboost_06,89,0.08434569720606801,0.09547067989154834
xgboost_augmented,augmented,xgboost_06,90,0.08432934864297528,0.09544932070669744
xgboost_augmented,augmented,xgboost_06,91,0.08431542516715883,0.09543985077806157
xgboost_augmented,augmented,xgboost_06,92,0.08428769590127762,0.09543624406860737
xgboost_augmented,augmented,xgboost_06,93,0.08426204121869083,0.09543209006679658
xgboost_augmented,augmented,xgboost_06,94,0.08423809026247747,0.09537731491551776
xgboost_augmented,augmented,xgboost_06,95,0.08422455011927647,0.09535543523204328
xgboost_augmented,augmented,xgboost_06,96,0.08420892865544381,0.09534224049262287
xgboost_augmented,augmented,xgboost_06,97,0.08418677514290687,0.09532945948244365
xgboost_augmented,augmented,xgboost_06,98,0.08416523522929642,0.09527620462720031
xgboost_augmented,augmented,xgboost_06,99,0.08414788861293078,0.09525234374995066
xgboost_augmented,augmented,xgboost_06,100,0.08413145014467491,0.09525133083529469
xgboost_augmented,augmented,xgboost_06,101,0.08411246027793458,0.09522327726265835
xgboost_augmented,augmented,xgboost_06,102,0.08409786293920077,0.09521217582535978
xgboost_augmented,augmented,xgboost_06,103,0.08408690975493519,0.09520508517003594
xgboost_augmented,augmented,xgboost_06,104,0.08406958584733927,0.09514898622714646
xgboost_augmented,augmented,xgboost_06,105,0.08404933644752348,0.09516357032647102
xgboost_augmented,augmented,xgboost_06,106,0.08403151289664754,0.09515219200455151
xgboost_augmented,augmented,xgboost_06,107,0.08401771215661402,0.09509796474586787
xgboost_augmented,augmented,xgboost_06,108,0.08400107007265913,0.0950723746730054
xgboost_augmented,augmented,xgboost_06,109,0.08398849775690445,0.09506739393166966
xgboost_augmented,augmented,xgboost_06,110,0.08397322902339238,0.09506639090377568
xgboost_augmented,augmented,xgboost_06,111,0.08395356809600069,0.09506127570648845
xgboost_augmented,augmented,xgboost_06,112,0.08393540855852313,0.0950561255372801
xgboost_augmented,augmented,xgboost_06,113,0.08391353813314055,0.0950374767302851
xgboost_augmented,augmented,xgboost_06,114,0.08390168067658264,0.09502075145855748
xgboost_augmented,augmented,xgboost_06,115,0.08388703685479289,0.09502660635463128
xgboost_augmented,augmented,xgboost_06,116,0.08387137892033479,0.09499223912436891
xgboost_augmented,augmented,xgboost_06,117,0.0838611049720101,0.09500276264084559
xgboost_augmented,augmented,xgboost_06,118,0.08385021292441347,0.09499840767682301
xgboost_augmented,augmented,xgboost_06,119,0.08384359849654066,0.0949859472232606
xgboost_augmented,augmented,xgboost_06,120,0.08383430782843523,0.09499208883417858
xgboost_augmented,augmented,xgboost_06,121,0.08382037932217834,0.09497691055832247
xgboost_augmented,augmented,xgboost_06,122,0.08380708009289999,0.09495388552948164
xgboost_augmented,augmented,xgboost_06,123,0.0837942934832899,0.09493115399976063
xgboost_augmented,augmented,xgboost_06,124,0.08376981689918123,0.09492845067583643
xgboost_augmented,augmented,xgboost_06,125,0.08375835713155923,0.09489582649782262
xgboost_augmented,augmented,xgboost_06,126,0.08374755471560696,0.09489525928163167
xgboost_augmented,augmented,xgboost_06,127,0.08373520126435129,0.09487210559613701
xgboost_augmented,augmented,xgboost_06,128,0.08372487735197846,0.09486997323964423
xgboost_augmented,augmented,xgboost_06,129,0.08371993974566824,0.09487557918588516
xgboost_augmented,augmented,xgboost_06,130,0.08370265445565016,0.09484029164105787
xgboost_augmented,augmented,xgboost_06,131,0.0836928262841073,0.09484315313411876
xgboost_augmented,augmented,xgboost_06,132,0.08368118932515624,0.09481982111182179
xgboost_augmented,augmented,xgboost_06,133,0.08367134181436996,0.09479863854090792
xgboost_augmented,augmented,xgboost_06,134,0.08366302308928227,0.0947902846879839
xgboost_augmented,augmented,xgboost_06,135,0.08365075119736103,0.09479251468504245
xgboost_augmented,augmented,xgboost_06,136,0.08364216860991726,0.09478694434518536
xgboost_augmented,augmented,xgboost_06,137,0.08363776524808128,0.0947812626039042
xgboost_augmented,augmented,xgboost_06,138,0.08362597391836779,0.09478229454767798
xgboost_augmented,augmented,xgboost_06,139,0.0836125264736281,0.0947624102487071
xgboost_augmented,augmented,xgboost_06,140,0.08360265161213727,0.09474216875261522
xgboost_augmented,augmented,xgboost_06,141,0.08359630404202587,0.09474380843169353
xgboost_augmented,augmented,xgboost_06,142,0.08358858627796682,0.09474512951821891
xgboost_augmented,augmented,xgboost_06,143,0.08358059485853207,0.09474223934997539
xgboost_augmented,augmented,xgboost_06,144,0.08357212616170298,0.09473475284795711
xgboost_augmented,augmented,xgboost_06,145,0.08355934245426891,0.09470933746934632
xgboost_augmented,augmented,xgboost_06,146,0.08355205191962563,0.09470696050835692
xgboost_augmented,augmented,xgboost_06,147,0.08354104411032798,0.09469261123332562
xgboost_augmented,augmented,xgboost_06,148,0.08353344328173237,0.09468640255953513
xgboost_augmented,augmented,xgboost_06,149,0.08351457465010813,0.09469755130674179
xgboost_augmented,augmented,xgboost_06,150,0.08351222979829809,0.09469392103278303
xgboost_augmented,augmented,xgboost_06,151,0.08350577773657894,0.09469567356787362
xgboost_augmented,augmented,xgboost_06,152,0.08350183036497912,0.0946774212021703
xgboost_augmented,augmented,xgboost_06,153,0.08349776822289422,0.09469153659087517
xgboost_augmented,augmented,xgboost_06,154,0.08348489790973579,0.09468956814853452
xgboost_augmented,augmented,xgboost_06,155,0.08347635220736356,0.09468179753784585
xgboost_augmented,augmented,xgboost_06,156,0.08346535220007706,0.09466825244788556
xgboost_augmented,augmented,xgboost_06,157,0.08345053913474175,0.09469252225735685
xgboost_augmented,augmented,xgboost_06,158,0.0834422934829246,0.09469248586732817
xgboost_augmented,augmented,xgboost_06,159,0.08343545196130583,0.09468034266430655
xgboost_augmented,augmented,xgboost_06,160,0.08342583280969237,0.09469344242850637
xgboost_augmented,augmented,xgboost_06,161,0.08342098905965636,0.09469653752833396
xgboost_augmented,augmented,xgboost_06,162,0.0834149695727207,0.0946906026331679
xgboost_augmented,augmented,xgboost_06,163,0.08340257297949712,0.09468954803602866
xgboost_augmented,augmented,xgboost_06,164,0.08339725340371151,0.09469210532709388
xgboost_augmented,augmented,xgboost_06,165,0.08338903751587777,0.09469657118945836
xgboost_augmented,augmented,xgboost_06,166,0.08338421935563187,0.0946809701654879
xgboost_augmented,augmented,xgboost_06,167,0.08337966080015992,0.09468446017492065
xgboost_augmented,augmented,xgboost_06,168,0.08337249224159206,0.0947031065849729
xgboost_augmented,augmented,xgboost_06,169,0.08336604780400207,0.09469713365664383
xgboost_augmented,augmented,xgboost_06,170,0.08335974590225846,0.09469806866138383
xgboost_augmented,augmented,xgboost_06,171,0.08334846842246094,0.09469450708653696
xgboost_augmented,augmented,xgboost_06,172,0.08334230999758388,0.09468142158013483
xgboost_augmented,augmented,xgboost_06,173,0.08334089710383047,0.09468641958284313
xgboost_augmented,augmented,xgboost_06,174,0.08333480658209003,0.09469981221094785
xgboost_augmented,augmented,xgboost_06,175,0.08332269127228345,0.09469631344753422
xgboost_augmented,augmented,xgboost_06,176,0.0833184226365186,0.0946923730238522
xgboost_augmented,augmented,xgboost_06,177,0.08331281573907817,0.09469289522616049
xgboost_augmented,augmented,xgboost_06,178,0.08330525620321191,0.09466550723086807
xgboost_augmented,augmented,xgboost_06,179,0.0832915109870397,0.09467590755877921
xgboost_augmented,augmented,xgboost_06,180,0.08328648822114276,0.09466937169678853
xgboost_augmented,augmented,xgboost_06,181,0.08327908941257449,0.09467746635946836
xgboost_augmented,augmented,xgboost_06,182,0.08327428598072364,0.09467457398608767
xgboost_augmented,augmented,xgboost_06,183,0.08327109501669325,0.094686388253598
xgboost_augmented,augmented,xgboost_06,184,0.08326629617730369,0.0946858835157505
xgboost_augmented,augmented,xgboost_06,185,0.08325909120727401,0.09468896964208638
xgboost_augmented,augmented,xgboost_06,186,0.08325836624858657,0.09468957941504294
xgboost_augmented,augmented,xgboost_06,187,0.0832446474377051,0.09468254890856516
xgboost_augmented,augmented,xgboost_06,188,0.08323833840232443,0.09465501606672488
xgboost_augmented,augmented,xgboost_06,189,0.08323274203850185,0.094649151394334
xgboost_augmented,augmented,xgboost_06,190,0.08323011404094563,0.09464842802860612
xgboost_augmented,augmented,xgboost_06,191,0.08322486412704437,0.09465156790212063
xgboost_augmented,augmented,xgboost_06,192,0.08322058266933054,0.09465383588921729
xgboost_augmented,augmented,xgboost_06,193,0.08321030594844205,0.09465106729436092
xgboost_augmented,augmented,xgboost_06,194,0.0832079362312198,0.09464804841518133
xgboost_augmented,augmented,xgboost_06,195,0.08320352502542248,0.09464961538841725
xgboost_augmented,augmented,xgboost_06,196,0.08319959312335763,0.0947352053078817
xgboost_augmented,augmented,xgboost_06,197,0.08319611159321422,0.0947408720866991
xgboost_augmented,augmented,xgboost_06,198,0.08318863587413772,0.09475681730111674
xgboost_augmented,augmented,xgboost_06,199,0.08318552481614125,0.09476159010190295
xgboost_augmented,augmented,xgboost_06,200,0.08317560351011401,0.09476673222179648
xgboost_augmented,augmented,xgboost_06,201,0.08317190154592098,0.09477062374859876
xgboost_augmented,augmented,xgboost_06,202,0.0831666001424175,0.09476423073361424
xgboost_augmented,augmented,xgboost_06,203,0.08316243225906693,0.09476913727991917
xgboost_augmented,augmented,xgboost_06,204,0.0831578876520297,0.09476336294794921
xgboost_augmented,augmented,xgboost_06,205,0.08315083370132226,0.09475783810662856
xgboost_augmented,augmented,xgboost_06,206,0.08314638094649023,0.09475389756046677
xgboost_augmented,augmented,xgboost_06,207,0.08314299112575892,0.09475297896763886
xgboost_augmented,augmented,xgboost_06,208,0.08313711553146,0.09476233704417025
xgboost_augmented,augmented,xgboost_06,209,0.08313185683248696,0.0947853914330524
xgboost_augmented,augmented,xgboost_06,210,0.08313114589030546,0.0947887742379674
xgboost_augmented,augmented,xgboost_06,211,0.08311837386918629,0.09478125150463015
xgboost_augmented,augmented,xgboost_06,212,0.08311300908528112,0.0947721960389858
xgboost_augmented,augmented,xgboost_06,213,0.08311008967336962,0.094779981031707
xgboost_augmented,augmented,xgboost_06,214,0.08310650318541175,0.0947754002123698
xgboost_augmented,augmented,xgboost_06,215,0.08310677652062394,0.09477292227026375
xgboost_augmented,augmented,xgboost_06,216,0.08310007841583542,0.0947734653341225
xgboost_augmented,augmented,xgboost_06,217,0.0830896287369447,0.09477889982988234
xgboost_augmented,augmented,xgboost_06,218,0.08308184001551117,0.09478351851652714
xgboost_augmented,augmented,xgboost_06,219,0.08307854659900085,0.09477985800034683
xgboost_augmented,augmented,xgboost_06,220,0.08307469610772948,0.09477566394865661
xgboost_augmented,augmented,xgboost_06,221,0.08306546213727788,0.09477153757512108
xgboost_augmented,augmented,xgboost_06,222,0.08305810855786444,0.09477759394024973
xgboost_augmented,augmented,xgboost_06,223,0.08305376469874694,0.0947827718381492
xgboost_augmented,augmented,xgboost_06,224,0.08304982489930499,0.09478615070653705
xgboost_augmented,augmented,xgboost_07,1,0.11128690292287806,0.13166008085395545
xgboost_augmented,augmented,xgboost_07,2,0.10936575441292978,0.12890072413559098
xgboost_augmented,augmented,xgboost_07,3,0.10772032123239444,0.12657600218300535
xgboost_augmented,augmented,xgboost_07,4,0.10607173129717695,0.1241710557954491
xgboost_augmented,augmented,xgboost_07,5,0.10459581121677503,0.1220864203202803
xgboost_augmented,augmented,xgboost_07,6,0.10327671545441419,0.12021708213217103
xgboost_augmented,augmented,xgboost_07,7,0.10197580901148007,0.1183171912203877
xgboost_augmented,augmented,xgboost_07,8,0.10077569007328484,0.1166915822218061
xgboost_augmented,augmented,xgboost_07,9,0.09972472480658645,0.11524987994580518
xgboost_augmented,augmented,xgboost_07,10,0.0986796419840133,0.11375352592058435
xgboost_augmented,augmented,xgboost_07,11,0.09774127096262016,0.1124503476454201
xgboost_augmented,augmented,xgboost_07,12,0.0968644277584596,0.11120284017842869
xgboost_augmented,augmented,xgboost_07,13,0.09603608244576432,0.11016571914822541
xgboost_augmented,augmented,xgboost_07,14,0.09532832143075683,0.10912371459114294
xgboost_augmented,augmented,xgboost_07,15,0.09463809806146609,0.10815889555356643
xgboost_augmented,augmented,xgboost_07,16,0.09398794046935427,0.10733534050795733
xgboost_augmented,augmented,xgboost_07,17,0.09339319762704093,0.1065677890772453
xgboost_augmented,augmented,xgboost_07,18,0.09285547619877692,0.10585617725628954
xgboost_augmented,augmented,xgboost_07,19,0.09234019832060264,0.10519436720434237
xgboost_augmented,augmented,xgboost_07,20,0.09187241346741803,0.10455332136089789
xgboost_augmented,augmented,xgboost_07,21,0.09144147635480047,0.10394174889405004
xgboost_augmented,augmented,xgboost_07,22,0.09103305536499989,0.10342338995957642
xgboost_augmented,augmented,xgboost_07,23,0.09065261181921541,0.10293491220765888
xgboost_augmented,augmented,xgboost_07,24,0.0903069645898509,0.10248326475665961
xgboost_augmented,augmented,xgboost_07,25,0.08998739074116457,0.10199747044081113
xgboost_augmented,augmented,xgboost_07,26,0.08967328684036767,0.10157417263151186
xgboost_augmented,augmented,xgboost_07,27,0.08938175516614859,0.10120526890811103
xgboost_augmented,augmented,xgboost_07,28,0.0891077724967558,0.10086254076374052
xgboost_augmented,augmented,xgboost_07,29,0.08885655883555238,0.1004834883737402
xgboost_augmented,augmented,xgboost_07,30,0.08862995333769352,0.10016600277161017
xgboost_augmented,augmented,xgboost_07,31,0.08841253578633501,0.09990736538864474
xgboost_augmented,augmented,xgboost_07,32,0.08819872529281672,0.09962453832943882
xgboost_augmented,augmented,xgboost_07,33,0.0879993943577572,0.09942136286936028
xgboost_augmented,augmented,xgboost_07,34,0.08782252663005773,0.09917119362948519
xgboost_augmented,augmented,xgboost_07,35,0.08764104686910439,0.09892333318051996
xgboost_augmented,augmented,xgboost_07,36,0.08748021842517391,0.09869314283598904
xgboost_augmented,augmented,xgboost_07,37,0.08733274978700235,0.09848375097812245
xgboost_augmented,augmented,xgboost_07,38,0.08721350063451916,0.09835972539393056
xgboost_augmented,augmented,xgboost_07,39,0.08707624508474211,0.0981915877054615
xgboost_augmented,augmented,xgboost_07,40,0.08695044283726391,0.09799905021788134
xgboost_augmented,augmented,xgboost_07,41,0.08683180967107569,0.097837057105544
xgboost_augmented,augmented,xgboost_07,42,0.08672138255287626,0.0977171316558864
xgboost_augmented,augmented,xgboost_07,43,0.0866095255925694,0.09756696146174108
xgboost_augmented,augmented,xgboost_07,44,0.08651898898543434,0.09740913043349986
xgboost_augmented,augmented,xgboost_07,45,0.08641411225486444,0.09729749458729278
xgboost_augmented,augmented,xgboost_07,46,0.0863177471352545,0.09716761305861538
xgboost_augmented,augmented,xgboost_07,47,0.08620681483090445,0.09706476380325717
xgboost_augmented,augmented,xgboost_07,48,0.08610224925658273,0.09694716550042731
xgboost_augmented,augmented,xgboost_07,49,0.08601689731523138,0.09685487488879178
xgboost_augmented,augmented,xgboost_07,50,0.0859340651050346,0.09677541233498393
xgboost_augmented,augmented,xgboost_07,51,0.08584657997625883,0.09667716795213291
xgboost_augmented,augmented,xgboost_07,52,0.08576406719967652,0.09660915663293608
xgboost_augmented,augmented,xgboost_07,53,0.08570102335772513,0.09653233936381686
xgboost_augmented,augmented,xgboost_07,54,0.08564004148726126,0.09645617084154202
xgboost_augmented,augmented,xgboost_07,55,0.08557361642246947,0.09641226165138034
xgboost_augmented,augmented,xgboost_07,56,0.08550420512235016,0.09634619718336039
xgboost_augmented,augmented,xgboost_07,57,0.08544189469418402,0.09631334322403531
xgboost_augmented,augmented,xgboost_07,58,0.0853963846161133,0.09626660884709883
xgboost_augmented,augmented,xgboost_07,59,0.0853426436765226,0.09619166520004847
xgboost_augmented,augmented,xgboost_07,60,0.08529373461314109,0.09616620656890677
xgboost_augmented,augmented,xgboost_07,61,0.08523402157767837,0.09613892007574011
xgboost_augmented,augmented,xgboost_07,62,0.08518700881143476,0.09610745244228108
xgboost_augmented,augmented,xgboost_07,63,0.08513224037673742,0.09603466868860908
xgboost_augmented,augmented,xgboost_07,64,0.08509770643627093,0.09597087571070727
xgboost_augmented,augmented,xgboost_07,65,0.08505077161641006,0.09595233492146055
xgboost_augmented,augmented,xgboost_07,66,0.0850041338414672,0.09593318562555006
xgboost_augmented,augmented,xgboost_07,67,0.08497231942280443,0.09588113784835671
xgboost_augmented,augmented,xgboost_07,68,0.08494320719865545,0.0958426697499351
xgboost_augmented,augmented,xgboost_07,69,0.08490109136693962,0.09578427558681825
xgboost_augmented,augmented,xgboost_07,70,0.08485922993378187,0.09574358438029193
xgboost_augmented,augmented,xgboost_07,71,0.08482102817109151,0.0957228797761833
xgboost_augmented,augmented,xgboost_07,72,0.08478192010206678,0.09570742947891754
xgboost_augmented,augmented,xgboost_07,73,0.08474496742472057,0.0956724974265236
xgboost_augmented,augmented,xgboost_07,74,0.0847177280119586,0.09565010128450263
xgboost_augmented,augmented,xgboost_07,75,0.0846883019701024,0.09562566279783305
xgboost_augmented,augmented,xgboost_07,76,0.084653126409765,0.09560560618788866
xgboost_augmented,augmented,xgboost_07,77,0.0846237801570901,0.09557108601274665
xgboost_augmented,augmented,xgboost_07,78,0.084600833801387,0.09555401338878876
xgboost_augmented,augmented,xgboost_07,79,0.08457818167500457,0.09554958892144992
xgboost_augmented,augmented,xgboost_07,80,0.084545384204742,0.09554704941790623
xgboost_augmented,augmented,xgboost_07,81,0.0845160249303582,0.09554050671434897
xgboost_augmented,augmented,xgboost_07,82,0.08448587711002335,0.09551230395747569
xgboost_augmented,augmented,xgboost_07,83,0.08445889439982927,0.09548085419465394
xgboost_augmented,augmented,xgboost_07,84,0.08443354080147526,0.0954612048307973
xgboost_augmented,augmented,xgboost_07,85,0.08441298897803028,0.09544736946881448
xgboost_augmented,augmented,xgboost_07,86,0.08438737875787904,0.09543027484839385
xgboost_augmented,augmented,xgboost_07,87,0.08436000124533669,0.09540028521709112
xgboost_augmented,augmented,xgboost_07,88,0.08433568476294469,0.09536543150147457
xgboost_augmented,augmented,xgboost_07,89,0.08431732805519955,0.09534384160210939
xgboost_augmented,augmented,xgboost_07,90,0.08429821549507786,0.09535484677532918
xgboost_augmented,augmented,xgboost_07,91,0.08427378944092344,0.09534729646223221
xgboost_augmented,augmented,xgboost_07,92,0.08425096657619681,0.09533708097057401
xgboost_augmented,augmented,xgboost_07,93,0.08423135345214815,0.0952738269413614
xgboost_augmented,augmented,xgboost_07,94,0.08420892339361534,0.09527129738299892
xgboost_augmented,augmented,xgboost_07,95,0.08419072267996013,0.09524575089525568
xgboost_augmented,augmented,xgboost_07,96,0.08417501710643878,0.09518358080968439
xgboost_augmented,augmented,xgboost_07,97,0.08415955317621344,0.09517301446553242
xgboost_augmented,augmented,xgboost_07,98,0.08413430495914802,0.09514566819572279
xgboost_augmented,augmented,xgboost_07,99,0.0841198927516724,0.09515541045378549
xgboost_augmented,augmented,xgboost_07,100,0.08410158284061647,0.09515200424545754
xgboost_augmented,augmented,xgboost_07,101,0.08408766289027024,0.09513027797898019
xgboost_augmented,augmented,xgboost_07,102,0.08407545105436445,0.09513811086291823
xgboost_augmented,augmented,xgboost_07,103,0.08405279897023314,0.0950494912718891
xgboost_augmented,augmented,xgboost_07,104,0.08403123185319518,0.09498623251046964
xgboost_augmented,augmented,xgboost_07,105,0.08401911844050573,0.09496570648937647
xgboost_augmented,augmented,xgboost_07,106,0.0840021675958866,0.09488132004841093
xgboost_augmented,augmented,xgboost_07,107,0.08398607906862551,0.09488723347389007
xgboost_augmented,augmented,xgboost_07,108,0.08397623174207094,0.09487942050287979
xgboost_augmented,augmented,xgboost_07,109,0.08396136441360662,0.09487982825004392
xgboost_augmented,augmented,xgboost_07,110,0.08395224735033066,0.09487292112932783
xgboost_augmented,augmented,xgboost_07,111,0.08393917780692212,0.09485728595418855
xgboost_augmented,augmented,xgboost_07,112,0.08392701551655575,0.0948375127039953
xgboost_augmented,augmented,xgboost_07,113,0.08391590404014897,0.09482018070325289
xgboost_augmented,augmented,xgboost_07,114,0.0838977403711806,0.09479925535475843
xgboost_augmented,augmented,xgboost_07,115,0.08388723485897828,0.09477919911626495
xgboost_augmented,augmented,xgboost_07,116,0.08387068058415215,0.09477348625371608
xgboost_augmented,augmented,xgboost_07,117,0.0838578134140071,0.0947574916420945
xgboost_augmented,augmented,xgboost_07,118,0.08383844976192835,0.09474869710610755
xgboost_augmented,augmented,xgboost_07,119,0.08382392708067117,0.0947355660623064
xgboost_augmented,augmented,xgboost_07,120,0.08380135364024653,0.09473546670226017
xgboost_augmented,augmented,xgboost_07,121,0.08378773900056852,0.09470851642080529
xgboost_augmented,augmented,xgboost_07,122,0.08377587104454874,0.09470459724943055
xgboost_augmented,augmented,xgboost_07,123,0.08375744785238956,0.09469173825762765
xgboost_augmented,augmented,xgboost_07,124,0.0837405579209057,0.09464658009256179
xgboost_augmented,augmented,xgboost_07,125,0.0837262080368317,0.09463490148248302
xgboost_augmented,augmented,xgboost_07,126,0.0837145811974737,0.09462378395244686
xgboost_augmented,augmented,xgboost_07,127,0.0837067979605296,0.09464374534948218
xgboost_augmented,augmented,xgboost_07,128,0.08370090608125524,0.09463451410055677
xgboost_augmented,augmented,xgboost_07,129,0.08368548682839246,0.09463716674970155
xgboost_augmented,augmented,xgboost_07,130,0.08366679911088983,0.09460041091484912
xgboost_augmented,augmented,xgboost_07,131,0.08365297196096128,0.09458562552097516
xgboost_augmented,augmented,xgboost_07,132,0.08364252919756067,0.09458710112944817
xgboost_augmented,augmented,xgboost_07,133,0.08363286284143243,0.09458514339675299
xgboost_augmented,augmented,xgboost_07,134,0.08362155076158424,0.09456127086825551
xgboost_augmented,augmented,xgboost_07,135,0.08361302879561065,0.09452513354090927
xgboost_augmented,augmented,xgboost_07,136,0.08359725365764735,0.09453644076301326
xgboost_augmented,augmented,xgboost_07,137,0.08358963683688495,0.09447059281476755
xgboost_augmented,augmented,xgboost_07,138,0.08357792240970494,0.09443922272033017
xgboost_augmented,augmented,xgboost_07,139,0.08356784562875887,0.0944378665971963
xgboost_augmented,augmented,xgboost_07,140,0.08355840853376241,0.09443470411093399
xgboost_augmented,augmented,xgboost_07,141,0.08354771311568532,0.09441828396663256
xgboost_augmented,augmented,xgboost_07,142,0.0835368567239357,0.09439708959202933
xgboost_augmented,augmented,xgboost_07,143,0.0835259986077147,0.09438966885738116
xgboost_augmented,augmented,xgboost_07,144,0.08351658472115853,0.0943704280059051
xgboost_augmented,augmented,xgboost_07,145,0.08350410117586582,0.09437693266175724
xgboost_augmented,augmented,xgboost_07,146,0.08349738941208078,0.09437196785194213
xgboost_augmented,augmented,xgboost_07,147,0.08349412385410089,0.09436249648965368
xgboost_augmented,augmented,xgboost_07,148,0.08348869130467616,0.09435947331653671
xgboost_augmented,augmented,xgboost_07,149,0.08347786837084295,0.09434152600943525
xgboost_augmented,augmented,xgboost_07,150,0.08346859624543913,0.09434901112769546
xgboost_augmented,augmented,xgboost_07,151,0.08346011074717191,0.09434911701138744
xgboost_augmented,augmented,xgboost_07,152,0.08345035415632786,0.09436060425605154
xgboost_augmented,augmented,xgboost_07,153,0.08344529501742842,0.0943617338403911
xgboost_augmented,augmented,xgboost_07,154,0.08344103954147102,0.09435920126178048
xgboost_augmented,augmented,xgboost_07,155,0.08342992458250717,0.09435031290516721
xgboost_augmented,augmented,xgboost_07,156,0.08342284289565911,0.09432814752742967
xgboost_augmented,augmented,xgboost_07,157,0.08341513236990193,0.09432566587081453
xgboost_augmented,augmented,xgboost_07,158,0.08340848056484045,0.09433052394471923
xgboost_augmented,augmented,xgboost_07,159,0.08340672189020187,0.09432965654730376
xgboost_augmented,augmented,xgboost_07,160,0.08340350629368208,0.09432039614957388
xgboost_augmented,augmented,xgboost_07,161,0.08339508400455509,0.0943301855889221
xgboost_augmented,augmented,xgboost_07,162,0.08338856298600954,0.09431458731491692
xgboost_augmented,augmented,xgboost_07,163,0.08338407717612126,0.09431860466265939
xgboost_augmented,augmented,xgboost_07,164,0.08337434137763994,0.09431743142199434
xgboost_augmented,augmented,xgboost_07,165,0.0833610938809679,0.09431441412427044
xgboost_augmented,augmented,xgboost_07,166,0.08335650319704513,0.09430929902439035
xgboost_augmented,augmented,xgboost_07,167,0.08335381422436126,0.09430952892805601
xgboost_augmented,augmented,xgboost_07,168,0.0833473844766468,0.09428171721208219
xgboost_augmented,augmented,xgboost_07,169,0.0833337832571141,0.09428791295918053
xgboost_augmented,augmented,xgboost_07,170,0.0833274442644602,0.09429270992984977
xgboost_augmented,augmented,xgboost_07,171,0.08332698797283879,0.09429396230058998
xgboost_augmented,augmented,xgboost_07,172,0.08331362007466754,0.09426899528716837
xgboost_augmented,augmented,xgboost_07,173,0.08331089996450804,0.09425604687084747
xgboost_augmented,augmented,xgboost_07,174,0.083301056890841,0.09425637815190262
xgboost_augmented,augmented,xgboost_07,175,0.08329373816107277,0.0942641657780014
xgboost_augmented,augmented,xgboost_07,176,0.08328590364551118,0.09427362129426685
xgboost_augmented,augmented,xgboost_07,177,0.08328300071276774,0.09427892525392906
xgboost_augmented,augmented,xgboost_07,178,0.08327134008973243,0.09425850318367937
xgboost_augmented,augmented,xgboost_07,179,0.0832549692932552,0.09424922754906588
xgboost_augmented,augmented,xgboost_07,180,0.08324692777037974,0.09426945132658594
xgboost_augmented,augmented,xgboost_07,181,0.08323872736824113,0.09428998850123536
xgboost_augmented,augmented,xgboost_07,182,0.0832357243377951,0.09429780557437746
xgboost_augmented,augmented,xgboost_07,183,0.08323014319746397,0.09429635511311833
xgboost_augmented,augmented,xgboost_07,184,0.08322736169761034,0.09429139119864657
xgboost_augmented,augmented,xgboost_07,185,0.08322602453915827,0.0942955735242472
xgboost_augmented,augmented,xgboost_07,186,0.08322218791753712,0.09429555837436558
xgboost_augmented,augmented,xgboost_07,187,0.08321713840433811,0.09432516617983527
xgboost_augmented,augmented,xgboost_07,188,0.0832068582694754,0.09441457480530163
xgboost_augmented,augmented,xgboost_07,189,0.08320171651911659,0.09441800303340986
xgboost_augmented,augmented,xgboost_07,190,0.08319900502770274,0.0944161870323652
xgboost_augmented,augmented,xgboost_07,191,0.08319324867865496,0.09442396958514412
xgboost_augmented,augmented,xgboost_07,192,0.08318529325081912,0.09441972872136274
xgboost_augmented,augmented,xgboost_07,193,0.08317964127110966,0.09441792388453023
xgboost_augmented,augmented,xgboost_07,194,0.08317835416421729,0.09441821202939144
xgboost_augmented,augmented,xgboost_07,195,0.08317340620337495,0.09441289264229369
xgboost_augmented,augmented,xgboost_07,196,0.08316787371821024,0.09441334159756705
xgboost_augmented,augmented,xgboost_07,197,0.0831585890380265,0.09439381267920564
xgboost_augmented,augmented,xgboost_07,198,0.0831491484958628,0.09440481246695141
xgboost_augmented,augmented,xgboost_07,199,0.0831498885014537,0.09451166402121314
xgboost_augmented,augmented,xgboost_07,200,0.08314495190248948,0.09451881538863952
xgboost_augmented,augmented,xgboost_07,201,0.08313973332483066,0.09451744821750512
xgboost_augmented,augmented,xgboost_07,202,0.08313569646579395,0.09452236246549296
xgboost_augmented,augmented,xgboost_07,203,0.0831195616503316,0.09453509042902263
xgboost_augmented,augmented,xgboost_07,204,0.08311152484477491,0.0945341995106036
xgboost_augmented,augmented,xgboost_07,205,0.0831107175029165,0.09453527995498433
xgboost_augmented,augmented,xgboost_07,206,0.08309934775219441,0.09453308664356067
xgboost_augmented,augmented,xgboost_07,207,0.08309837670090388,0.09455474192254784
xgboost_augmented,augmented,xgboost_07,208,0.08309738355465841,0.09454723434724081
xgboost_augmented,augmented,xgboost_07,209,0.08309349989942283,0.09453568871658677
xgboost_augmented,augmented,xgboost_08,1,0.11146440993493088,0.13182360339678623
xgboost_augmented,augmented,xgboost_08,2,0.10951917722010279,0.129009585920107
xgboost_augmented,augmented,xgboost_08,3,0.10772449902916828,0.1264052119929439
xgboost_augmented,augmented,xgboost_08,4,0.10607529166555069,0.12414033939267877
xgboost_augmented,augmented,xgboost_08,5,0.10455093685632942,0.12204509144850745
xgboost_augmented,augmented,xgboost_08,6,0.103238404299649,0.12020694512634696
xgboost_augmented,augmented,xgboost_08,7,0.10194422145496457,0.11833013152421075
xgboost_augmented,augmented,xgboost_08,8,0.1007466982168101,0.11656173565564759
xgboost_augmented,augmented,xgboost_08,9,0.09964918340109098,0.11499721359630535
xgboost_augmented,augmented,xgboost_08,10,0.09863100590691119,0.11359437649222391
xgboost_augmented,augmented,xgboost_08,11,0.09773516675835016,0.11238007712269323
xgboost_augmented,augmented,xgboost_08,12,0.09690293234839163,0.11125398663206454
xgboost_augmented,augmented,xgboost_08,13,0.09608134068333511,0.11008529775025169
xgboost_augmented,augmented,xgboost_08,14,0.09532063296928941,0.1091076456956081
xgboost_augmented,augmented,xgboost_08,15,0.09464176505028375,0.1081050059927743
xgboost_augmented,augmented,xgboost_08,16,0.09400292569238831,0.10723546221912476
xgboost_augmented,augmented,xgboost_08,17,0.09340772738241046,0.10650331506710953
xgboost_augmented,augmented,xgboost_08,18,0.0928637106117979,0.1058254397002488
xgboost_augmented,augmented,xgboost_08,19,0.09235533188892088,0.10514172897327514
xgboost_augmented,augmented,xgboost_08,20,0.09188718216011645,0.1045192264635725
xgboost_augmented,augmented,xgboost_08,21,0.09145240639018057,0.10392731619149603
xgboost_augmented,augmented,xgboost_08,22,0.09104404691101943,0.10340517119269205
xgboost_augmented,augmented,xgboost_08,23,0.09067118476984416,0.10287631683824826
xgboost_augmented,augmented,xgboost_08,24,0.09031174777562424,0.10242212496332845
xgboost_augmented,augmented,xgboost_08,25,0.09005745604515476,0.10205512947237039
xgboost_augmented,augmented,xgboost_08,26,0.08974188425834279,0.10166945911618971
xgboost_augmented,augmented,xgboost_08,27,0.08944988745503793,0.10128648864622591
xgboost_augmented,augmented,xgboost_08,28,0.08917605649157809,0.10091557625421911
xgboost_augmented,augmented,xgboost_08,29,0.08891874778003107,0.1005946359916697
xgboost_augmented,augmented,xgboost_08,30,0.08868656732082567,0.10025598342771253
xgboost_augmented,augmented,xgboost_08,31,0.08852027596023504,0.10000224087624511
xgboost_augmented,augmented,xgboost_08,32,0.08830681383211215,0.09976450655133491
xgboost_augmented,augmented,xgboost_08,33,0.08810429418015552,0.09947539276738902
xgboost_augmented,augmented,xgboost_08,34,0.08790941749909022,0.09925017563839539
xgboost_augmented,augmented,xgboost_08,35,0.08772444962181528,0.09904098909121091
xgboost_augmented,augmented,xgboost_08,36,0.08755886992302929,0.09883625639459878
xgboost_augmented,augmented,xgboost_08,37,0.0873913702624193,0.09861351753440747
xgboost_augmented,augmented,xgboost_08,38,0.08724608635733834,0.09843770557667758
xgboost_augmented,augmented,xgboost_08,39,0.08710281625353339,0.09826997609558064
xgboost_augmented,augmented,xgboost_08,40,0.08697579863944685,0.0980857829779571
xgboost_augmented,augmented,xgboost_08,41,0.08685052704085508,0.09793889963040864
xgboost_augmented,augmented,xgboost_08,42,0.0867272106478355,0.09778239455980196
xgboost_augmented,augmented,xgboost_08,43,0.08661501647305672,0.09765278310602114
xgboost_augmented,augmented,xgboost_08,44,0.0865208022841119,0.09754066371786044
xgboost_augmented,augmented,xgboost_08,45,0.0864092439808257,0.09738887391426848
xgboost_augmented,augmented,xgboost_08,46,0.08631080433741598,0.09729071931698122
xgboost_augmented,augmented,xgboost_08,47,0.08621898813033406,0.09720190259709359
xgboost_augmented,augmented,xgboost_08,48,0.08612839866257223,0.09709408748225491
xgboost_augmented,augmented,xgboost_08,49,0.08604483328956902,0.09702754529113564
xgboost_augmented,augmented,xgboost_08,50,0.08596380843231903,0.09694820267259513
xgboost_augmented,augmented,xgboost_08,51,0.0858951109312667,0.09682820703225532
xgboost_augmented,augmented,xgboost_08,52,0.08582010600898271,0.09676863012544791
xgboost_augmented,augmented,xgboost_08,53,0.08574357069807595,0.09672101196676376
xgboost_augmented,augmented,xgboost_08,54,0.08567626438381612,0.0966610244369624
xgboost_augmented,augmented,xgboost_08,55,0.08560614919450209,0.0966199264276323
xgboost_augmented,augmented,xgboost_08,56,0.08553853815073748,0.09657997229140412
xgboost_augmented,augmented,xgboost_08,57,0.08548056660938883,0.09653452863290692
xgboost_augmented,augmented,xgboost_08,58,0.08542626003996903,0.09647474669836194
xgboost_augmented,augmented,xgboost_08,59,0.08537509611269746,0.09641931896538108
xgboost_augmented,augmented,xgboost_08,60,0.08532584565309727,0.09636237249086736
xgboost_augmented,augmented,xgboost_08,61,0.08526683076648588,0.09627337387511861
xgboost_augmented,augmented,xgboost_08,62,0.08521932149979505,0.09623556539177121
xgboost_augmented,augmented,xgboost_08,63,0.0851710015445604,0.09620912356141928
xgboost_augmented,augmented,xgboost_08,64,0.08512220139100724,0.09616232930917906
xgboost_augmented,augmented,xgboost_08,65,0.08508203634239983,0.09611996429083401
xgboost_augmented,augmented,xgboost_08,66,0.08503491304682224,0.09607665016790878
xgboost_augmented,augmented,xgboost_08,67,0.08499459055585062,0.09604661907012345
xgboost_augmented,augmented,xgboost_08,68,0.08495846316953257,0.09599671813387708
xgboost_augmented,augmented,xgboost_08,69,0.08492639902214312,0.09597168453371205
xgboost_augmented,augmented,xgboost_08,70,0.0848742774138616,0.09593507145798624
xgboost_augmented,augmented,xgboost_08,71,0.0848440921593713,0.09590097689512966
xgboost_augmented,augmented,xgboost_08,72,0.08481431624335771,0.0958501441570455
xgboost_augmented,augmented,xgboost_08,73,0.08478513554505013,0.09584323989924684
xgboost_augmented,augmented,xgboost_08,74,0.0847505127339408,0.09582248696214174
xgboost_augmented,augmented,xgboost_08,75,0.08471941346427411,0.09578464048424316
xgboost_augmented,augmented,xgboost_08,76,0.08468664839255048,0.09575755342674165
xgboost_augmented,augmented,xgboost_08,77,0.08465828566336978,0.09572416610114687
xgboost_augmented,augmented,xgboost_08,78,0.08463353354503494,0.09570507673895934
xgboost_augmented,augmented,xgboost_08,79,0.08460030562720004,0.0956964183262533
xgboost_augmented,augmented,xgboost_08,80,0.08457455398255116,0.0956844232509083
xgboost_augmented,augmented,xgboost_08,81,0.08455287731601988,0.09567448382625282
xgboost_augmented,augmented,xgboost_08,82,0.0845328619342575,0.09563742710663807
xgboost_augmented,augmented,xgboost_08,83,0.08449770134426599,0.09560229854956862
xgboost_augmented,augmented,xgboost_08,84,0.08447450867922725,0.09558386079965016
xgboost_augmented,augmented,xgboost_08,85,0.08444102472849259,0.09556496551209956
xgboost_augmented,augmented,xgboost_08,86,0.08442264800151389,0.09556201002679024
xgboost_augmented,augmented,xgboost_08,87,0.08439127781629367,0.09552643612214712
xgboost_augmented,augmented,xgboost_08,88,0.08437437787262006,0.09549952175246063
xgboost_augmented,augmented,xgboost_08,89,0.08434569720606801,0.09547067989154834
xgboost_augmented,augmented,xgboost_08,90,0.08432934864297528,0.09544932070669744
xgboost_augmented,augmented,xgboost_08,91,0.08431530675967744,0.09543913841971656
xgboost_augmented,augmented,xgboost_08,92,0.08428684251331924,0.09543336751918574
xgboost_augmented,augmented,xgboost_08,93,0.08426117532046064,0.09542921708194974
xgboost_augmented,augmented,xgboost_08,94,0.08423723723786662,0.09537450065551736
xgboost_augmented,augmented,xgboost_08,95,0.08422372043699139,0.09535265721652497
xgboost_augmented,augmented,xgboost_08,96,0.08420810336501752,0.09533948510489593
xgboost_augmented,augmented,xgboost_08,97,0.08418595414343624,0.09532668448767494
xgboost_augmented,augmented,xgboost_08,98,0.08416443705129525,0.09527347530421987
xgboost_augmented,augmented,xgboost_08,99,0.0841471101796814,0.09524962865192278
xgboost_augmented,augmented,xgboost_08,100,0.08413068829962192,0.09524864788212435
xgboost_augmented,augmented,xgboost_08,101,0.08411171948633454,0.09522060819947033
xgboost_augmented,augmented,xgboost_08,102,0.08409715131973752,0.09520955462054347
xgboost_augmented,augmented,xgboost_08,103,0.0840861952675723,0.09520249632670462
xgboost_augmented,augmented,xgboost_08,104,0.0840688766479861,0.09514641805895065
xgboost_augmented,augmented,xgboost_08,105,0.08404863725759149,0.09516097200242885
xgboost_augmented,augmented,xgboost_08,106,0.08403084138871816,0.09514964525765246
xgboost_augmented,augmented,xgboost_08,107,0.08401704962698606,0.09509545414892713
xgboost_augmented,augmented,xgboost_08,108,0.08400040326179566,0.09506986719108731
xgboost_augmented,augmented,xgboost_08,109,0.08398784004895911,0.09506489696270232
xgboost_augmented,augmented,xgboost_08,110,0.08397258337979506,0.09506390232962392
xgboost_augmented,augmented,xgboost_08,111,0.083958180587637,0.09505888242096507
xgboost_augmented,augmented,xgboost_08,112,0.08394612774357375,0.09505707060052956
xgboost_augmented,augmented,xgboost_08,113,0.08392684394053207,0.09502139457346397
xgboost_augmented,augmented,xgboost_08,114,0.08391499529956063,0.0950047666314016
xgboost_augmented,augmented,xgboost_08,115,0.08389470017428988,0.0950127851166837
xgboost_augmented,augmented,xgboost_08,116,0.08388346854886738,0.09497923213927867
xgboost_augmented,augmented,xgboost_08,117,0.0838606199171909,0.09497044429504939
xgboost_augmented,augmented,xgboost_08,118,0.08384560524362615,0.09493899978644647
xgboost_augmented,augmented,xgboost_08,119,0.08383696857015294,0.09493643664756808
xgboost_augmented,augmented,xgboost_08,120,0.08381384875710807,0.09493676647854808
xgboost_augmented,augmented,xgboost_08,121,0.08380039904257477,0.09492204843863979
xgboost_augmented,augmented,xgboost_08,122,0.08378864662002777,0.0948953940252915
xgboost_augmented,augmented,xgboost_08,123,0.08377586232884221,0.09487242125481696
xgboost_augmented,augmented,xgboost_08,124,0.08376376432718619,0.09484011779877391
xgboost_augmented,augmented,xgboost_08,125,0.0837508317523176,0.09484161650201589
xgboost_augmented,augmented,xgboost_08,126,0.08374351847532037,0.09483098207390883
xgboost_augmented,augmented,xgboost_08,127,0.08373293985060574,0.09482870534724805
xgboost_augmented,augmented,xgboost_08,128,0.08372294846614153,0.09483501928643963
xgboost_augmented,augmented,xgboost_08,129,0.08371541716623694,0.09482344170950321
xgboost_augmented,augmented,xgboost_08,130,0.08370402517578063,0.09480161564558773
xgboost_augmented,augmented,xgboost_08,131,0.0836956417066095,0.09480639245022107
xgboost_augmented,augmented,xgboost_08,132,0.08367823467759168,0.0947736941076397
xgboost_augmented,augmented,xgboost_08,133,0.08367250704657152,0.0947755071669135
xgboost_augmented,augmented,xgboost_08,134,0.08366226232235491,0.0947743118449149
xgboost_augmented,augmented,xgboost_08,135,0.0836480801539251,0.0947451487234719
xgboost_augmented,augmented,xgboost_08,136,0.08363922929782162,0.094736634928526
xgboost_augmented,augmented,xgboost_08,137,0.08362918209795138,0.09471471778417115
xgboost_augmented,augmented,xgboost_08,138,0.08361671311207938,0.09472685402164205
xgboost_augmented,augmented,xgboost_08,139,0.08360374628079648,0.09470754350287477
xgboost_augmented,augmented,xgboost_08,140,0.08359325947118192,0.09471109774974618
xgboost_augmented,augmented,xgboost_08,141,0.08358362732927706,0.09470225379286167
xgboost_augmented,augmented,xgboost_08,142,0.08357333288645397,0.0946868567205118
xgboost_augmented,augmented,xgboost_08,143,0.08356485811729124,0.09467152465558085
xgboost_augmented,augmented,xgboost_08,144,0.08355910618520015,0.09465686284190677
xgboost_augmented,augmented,xgboost_08,145,0.08355473459568986,0.09465054601021207
xgboost_augmented,augmented,xgboost_08,146,0.0835455178911076,0.09464012096809124
xgboost_augmented,augmented,xgboost_08,147,0.0835341687159254,0.09462327237579074
xgboost_augmented,augmented,xgboost_08,148,0.0835287816582504,0.09461711006491538
xgboost_augmented,augmented,xgboost_08,149,0.08351938962746693,0.09461569323883048
xgboost_augmented,augmented,xgboost_08,150,0.08351540965422789,0.09461111254849193
xgboost_augmented,augmented,xgboost_08,151,0.08350898828920655,0.0946104320276141
xgboost_augmented,augmented,xgboost_08,152,0.08349650644310677,0.0945984941396623
xgboost_augmented,augmented,xgboost_08,153,0.08348923448998555,0.09460728399672175
xgboost_augmented,augmented,xgboost_08,154,0.08347663370682099,0.09460526147310976
xgboost_augmented,augmented,xgboost_08,155,0.08346708760485473,0.09460375072635878
xgboost_augmented,augmented,xgboost_08,156,0.08345770780998167,0.09461055000445888
xgboost_augmented,augmented,xgboost_08,157,0.08344867508889589,0.09460874000981176
xgboost_augmented,augmented,xgboost_08,158,0.0834395588279096,0.09460900077047968
xgboost_augmented,augmented,xgboost_08,159,0.08343245487469468,0.09459157458743837
xgboost_augmented,augmented,xgboost_08,160,0.08342635703288864,0.09458395009736287
xgboost_augmented,augmented,xgboost_08,161,0.08341961980594649,0.09458603420384958
xgboost_augmented,augmented,xgboost_08,162,0.08341334445264785,0.09459852101287554
xgboost_augmented,augmented,xgboost_08,163,0.08340563732967016,0.09460967292374574
xgboost_augmented,augmented,xgboost_08,164,0.08339929716063572,0.09460992872692932
xgboost_augmented,augmented,xgboost_08,165,0.08339540533685154,0.09462499711349123
xgboost_augmented,augmented,xgboost_08,166,0.08338874155829398,0.09462748473513406
xgboost_augmented,augmented,xgboost_08,167,0.08338102294307362,0.09468988508065299
xgboost_augmented,augmented,xgboost_08,168,0.08337413012249423,0.09467724566234444
xgboost_augmented,augmented,xgboost_08,169,0.0833695868520848,0.0946829088387274
xgboost_augmented,augmented,xgboost_08,170,0.08336575520601375,0.09467985499577529
xgboost_augmented,augmented,xgboost_08,171,0.08335284261917188,0.09467704299394067
xgboost_augmented,augmented,xgboost_08,172,0.08335091594793728,0.09467490280689168
xgboost_augmented,augmented,xgboost_08,173,0.08334702589836884,0.09467269726215927
xgboost_augmented,augmented,xgboost_08,174,0.0833331570114423,0.09465996588586954
xgboost_augmented,augmented,xgboost_08,175,0.08332471511557178,0.09467287569987888
xgboost_augmented,augmented,xgboost_08,176,0.08332127600073128,0.09467147130329602
xgboost_augmented,augmented,xgboost_08,177,0.08331597104506475,0.09467055840797091
xgboost_augmented,augmented,xgboost_08,178,0.08331224802185148,0.09466787513637827
xgboost_augmented,augmented,xgboost_08,179,0.0833007342320883,0.09466788549024323
xgboost_augmented,augmented,xgboost_08,180,0.08329455659673742,0.0946435597482635
xgboost_augmented,augmented,xgboost_08,181,0.08329069683691392,0.09463567182590674
xgboost_augmented,augmented,xgboost_08,182,0.08328539376075988,0.09463720954490781
xgboost_augmented,augmented,xgboost_08,183,0.08327373369833425,0.09464819717355978
xgboost_augmented,augmented,xgboost_08,184,0.08326916782863485,0.09464422063389286
xgboost_augmented,augmented,xgboost_08,185,0.08326558399467283,0.09464145369408032
xgboost_augmented,augmented,xgboost_08,186,0.08326249693542914,0.0946460844664815
xgboost_augmented,augmented,xgboost_08,187,0.08325340048106665,0.09465354802002957
xgboost_augmented,augmented,xgboost_08,188,0.08324742749858331,0.09464442939569614
xgboost_augmented,augmented,xgboost_08,189,0.08323672463392805,0.09465324259900296
xgboost_augmented,augmented,xgboost_08,190,0.08323257752732174,0.09465422127975046
xgboost_augmented,augmented,xgboost_09,1,0.11120241560331584,0.13156211040141821
xgboost_augmented,augmented,xgboost_09,2,0.10918741463107069,0.12869813116832712
xgboost_augmented,augmented,xgboost_09,3,0.10743938545929202,0.1261642788669606
xgboost_augmented,augmented,xgboost_09,4,0.10570871313349346,0.12371111029591314
xgboost_augmented,augmented,xgboost_09,5,0.10416754676989773,0.121579636063345
xgboost_augmented,augmented,xgboost_09,6,0.10277881210491285,0.11961350620654433
xgboost_augmented,augmented,xgboost_09,7,0.1014257100981789,0.11766512463738554
xgboost_augmented,augmented,xgboost_09,8,0.10018081296987326,0.11587832042407598
xgboost_augmented,augmented,xgboost_09,9,0.09908664283107547,0.11431433114192217
xgboost_augmented,augmented,xgboost_09,10,0.09801030925776047,0.11282164399079735
xgboost_augmented,augmented,xgboost_09,11,0.09703974374989041,0.11145551930819655
xgboost_augmented,augmented,xgboost_09,12,0.09612193886444671,0.11013036505764844
xgboost_augmented,augmented,xgboost_09,13,0.0952761413676988,0.10900456549218412
xgboost_augmented,augmented,xgboost_09,14,0.09453339266719596,0.10800252280786367
xgboost_augmented,augmented,xgboost_09,15,0.0938111117493332,0.10698808458738901
xgboost_augmented,augmented,xgboost_09,16,0.09313495612478338,0.10611955539045961
xgboost_augmented,augmented,xgboost_09,17,0.09252732589360238,0.10532351070958587
xgboost_augmented,augmented,xgboost_09,18,0.09197145429584148,0.1045564276297014
xgboost_augmented,augmented,xgboost_09,19,0.09145367147199485,0.10386761533429147
xgboost_augmented,augmented,xgboost_09,20,0.09096106959382749,0.10322621217463103
xgboost_augmented,augmented,xgboost_09,21,0.09051080257492092,0.102665761576208
xgboost_augmented,augmented,xgboost_09,22,0.09008583002808805,0.10216735004536283
xgboost_augmented,augmented,xgboost_09,23,0.08968835718272347,0.10169001859268641
xgboost_augmented,augmented,xgboost_09,24,0.08933069032327513,0.10123850067262334
xgboost_augmented,augmented,xgboost_09,25,0.08900760881520128,0.10080436861418565
xgboost_augmented,augmented,xgboost_09,26,0.08868750122429932,0.10038730305158076
xgboost_augmented,augmented,xgboost_09,27,0.08838958455023711,0.1000000319677696
xgboost_augmented,augmented,xgboost_09,28,0.08810651383141396,0.09972354662596482
xgboost_augmented,augmented,xgboost_09,29,0.08785628770999807,0.09933926688469841
xgboost_augmented,augmented,xgboost_09,30,0.08762353338945962,0.09904638591848905
xgboost_augmented,augmented,xgboost_09,31,0.08740185456528493,0.0987752415966917
xgboost_augmented,augmented,xgboost_09,32,0.08718590136460064,0.09849082863329137
xgboost_augmented,augmented,xgboost_09,33,0.08698916818574254,0.09828216443346031
xgboost_augmented,augmented,xgboost_09,34,0.08680502934880058,0.09804755858242059
xgboost_augmented,augmented,xgboost_09,35,0.08661990687112059,0.09787277247957803
xgboost_augmented,augmented,xgboost_09,36,0.0864616906820838,0.09767436545739859
xgboost_augmented,augmented,xgboost_09,37,0.08631201732225324,0.09748100518499826
xgboost_augmented,augmented,xgboost_09,38,0.08618429069355682,0.09734869050607937
xgboost_augmented,augmented,xgboost_09,39,0.0860424768987512,0.09714851451796744
xgboost_augmented,augmented,xgboost_09,40,0.08591774087858318,0.09698059825999654
xgboost_augmented,augmented,xgboost_09,41,0.0857971898742612,0.0968427811254722
xgboost_augmented,augmented,xgboost_09,42,0.0856823060636005,0.09671106561153389
xgboost_augmented,augmented,xgboost_09,43,0.085573506560998,0.09662526374077782
xgboost_augmented,augmented,xgboost_09,44,0.08547942126831329,0.09647915047664997
xgboost_augmented,augmented,xgboost_09,45,0.08538647990005797,0.09639916750695819
xgboost_augmented,augmented,xgboost_09,46,0.08528768595226302,0.09631111755526363
xgboost_augmented,augmented,xgboost_09,47,0.08519212540898953,0.09622288580486436
xgboost_augmented,augmented,xgboost_09,48,0.08509559851751011,0.0961276749318205
xgboost_augmented,augmented,xgboost_09,49,0.08501089750385366,0.09606515829696968
xgboost_augmented,augmented,xgboost_09,50,0.08492479846678937,0.09600956402210047
xgboost_augmented,augmented,xgboost_09,51,0.08483742703091474,0.09593318526099413
xgboost_augmented,augmented,xgboost_09,52,0.08476294307349579,0.09585274538800756
xgboost_augmented,augmented,xgboost_09,53,0.0846972563222642,0.09575486326180745
xgboost_augmented,augmented,xgboost_09,54,0.08464049635783376,0.09570554947511399
xgboost_augmented,augmented,xgboost_09,55,0.0845829032394249,0.09564187255387015
xgboost_augmented,augmented,xgboost_09,56,0.08452887807557118,0.09557235465373863
xgboost_augmented,augmented,xgboost_09,57,0.08445617632205667,0.09554842978463667
xgboost_augmented,augmented,xgboost_09,58,0.08441149169703689,0.09547085110709895
xgboost_augmented,augmented,xgboost_09,59,0.0843659386839806,0.09541939592473074
xgboost_augmented,augmented,xgboost_09,60,0.08430616502439947,0.09539447765424296
xgboost_augmented,augmented,xgboost_09,61,0.08424331103114542,0.09536777065357557
xgboost_augmented,augmented,xgboost_09,62,0.08419842168326089,0.09533967966518957
xgboost_augmented,augmented,xgboost_09,63,0.08415062273414932,0.09527404238877955
xgboost_augmented,augmented,xgboost_09,64,0.08411964107719769,0.09523273120962834
xgboost_augmented,augmented,xgboost_09,65,0.08407658376660025,0.09521888297222689
xgboost_augmented,augmented,xgboost_09,66,0.0840346187739774,0.0951934185272454
xgboost_augmented,augmented,xgboost_09,67,0.08400693942432594,0.09515282672589605
xgboost_augmented,augmented,xgboost_09,68,0.08397515609104715,0.0951410569096387
xgboost_augmented,augmented,xgboost_09,69,0.08393671718263762,0.09511454465379945
xgboost_augmented,augmented,xgboost_09,70,0.0839039704852732,0.09510959757597001
xgboost_augmented,augmented,xgboost_09,71,0.08386630283566937,0.09509768216274123
xgboost_augmented,augmented,xgboost_09,72,0.08383518445787645,0.09507219568707288
xgboost_augmented,augmented,xgboost_09,73,0.08380074188174122,0.09505962609075364
xgboost_augmented,augmented,xgboost_09,74,0.08377534500386244,0.09504617813163269
xgboost_augmented,augmented,xgboost_09,75,0.0837486140768103,0.09503845641180635
xgboost_augmented,augmented,xgboost_09,76,0.08371829511334511,0.09503318153801633
xgboost_augmented,augmented,xgboost_09,77,0.08368479311443346,0.09501221743238689
xgboost_augmented,augmented,xgboost_09,78,0.08366453737442281,0.0950174995126755
xgboost_augmented,augmented,xgboost_09,79,0.08364585169496463,0.09500652431026613
xgboost_augmented,augmented,xgboost_09,80,0.08361358619062552,0.09499593864853581
xgboost_augmented,augmented,xgboost_09,81,0.08358389897892862,0.09498931958969055
xgboost_augmented,augmented,xgboost_09,82,0.08355522409731837,0.09497621390032851
xgboost_augmented,augmented,xgboost_09,83,0.08353089383450304,0.09492865711892357
xgboost_augmented,augmented,xgboost_09,84,0.08350387311756667,0.09493125316323751
xgboost_augmented,augmented,xgboost_09,85,0.08348096079739244,0.09491523940691333
xgboost_augmented,augmented,xgboost_09,86,0.08345738893255315,0.0948916797933987
xgboost_augmented,augmented,xgboost_09,87,0.08343426964481841,0.09486975982661867
xgboost_augmented,augmented,xgboost_09,88,0.0834145306107365,0.09483610561975264
xgboost_augmented,augmented,xgboost_09,89,0.083397093318486,0.0948251930251868
xgboost_augmented,augmented,xgboost_09,90,0.08337934735202956,0.09481774373257051
xgboost_augmented,augmented,xgboost_09,91,0.08335784775816914,0.09481624803704038
xgboost_augmented,augmented,xgboost_09,92,0.08333894600146133,0.09481324669967062
xgboost_augmented,augmented,xgboost_09,93,0.08331900030072269,0.0947894050934896
xgboost_augmented,augmented,xgboost_09,94,0.08329307911734224,0.09480878638888628
xgboost_augmented,augmented,xgboost_09,95,0.08327633973406867,0.09479318711862042
xgboost_augmented,augmented,xgboost_09,96,0.08326113433527654,0.09485918755329285
xgboost_augmented,augmented,xgboost_09,97,0.08324711060981599,0.09485657154114209
xgboost_augmented,augmented,xgboost_09,98,0.08322336659651663,0.09484090222473769
xgboost_augmented,augmented,xgboost_09,99,0.08321377777903587,0.09484935968914726
xgboost_augmented,augmented,xgboost_09,100,0.08319630549215024,0.0948635710805488
xgboost_augmented,augmented,xgboost_09,101,0.08318583723128604,0.09486886080209532
xgboost_augmented,augmented,xgboost_09,102,0.08317475557492664,0.09486579746877939
xgboost_augmented,augmented,xgboost_09,103,0.08315263884746091,0.09484867714114786
xgboost_augmented,augmented,xgboost_09,104,0.08313232936734428,0.09482521998953901
xgboost_augmented,augmented,xgboost_09,105,0.08312290471843042,0.09482455011537437
xgboost_augmented,augmented,xgboost_09,106,0.08310338218438011,0.09482816771675201
xgboost_augmented,augmented,xgboost_09,107,0.08309009414517672,0.09481146904256414
xgboost_augmented,augmented,xgboost_09,108,0.08308161673784725,0.0948287525838187
xgboost_augmented,augmented,xgboost_09,109,0.08306585060138737,0.09483491616098688
xgboost_augmented,augmented,xgboost_09,110,0.08305136736019034,0.09483054229634369
xgboost_augmented,augmented,xgboost_09,111,0.08303197239013585,0.09483050481490375
xgboost_augmented,augmented,xgboost_09,112,0.08302150471148839,0.09482650303425133
xgboost_augmented,augmented,xgboost_09,113,0.08300134548572016,0.0948129256397209
xgboost_augmented,augmented,xgboost_09,114,0.08298642418299322,0.09480442155891199
xgboost_augmented,augmented,xgboost_09,115,0.08298144744240174,0.09480244905580934
xgboost_augmented,augmented,xgboost_09,116,0.08296933621494348,0.09490448365489171
xgboost_augmented,augmented,xgboost_09,117,0.08295588680573768,0.09485473929604658
xgboost_augmented,augmented,xgboost_09,118,0.0829375945513137,0.09484271780844852
xgboost_augmented,augmented,xgboost_09,119,0.08292897307415761,0.0948446604864127
xgboost_augmented,augmented,xgboost_09,120,0.08291629626550119,0.09486064007928248
xgboost_augmented,augmented,xgboost_09,121,0.08290425337172562,0.09484294923189122
xgboost_augmented,augmented,xgboost_09,122,0.08289530256588876,0.0948384227475603
xgboost_augmented,augmented,xgboost_09,123,0.08288222265750568,0.09484719200871372
xgboost_augmented,augmented,xgboost_10,1,0.11134117077083765,0.13168154542204877
xgboost_augmented,augmented,xgboost_10,2,0.1093175903819985,0.12875882348479212
xgboost_augmented,augmented,xgboost_10,3,0.10744317749984948,0.12609427937778206
xgboost_augmented,augmented,xgboost_10,4,0.10571298748952943,0.12363647165017368
xgboost_augmented,augmented,xgboost_10,5,0.10412157474905899,0.12138133513446467
xgboost_augmented,augmented,xgboost_10,6,0.10274293302787667,0.11941714857391905
xgboost_augmented,augmented,xgboost_10,7,0.10139391509098368,0.11748851678773073
xgboost_augmented,augmented,xgboost_10,8,0.10015553348424541,0.115757745945507
xgboost_augmented,augmented,xgboost_10,9,0.09900366268029034,0.11418194485195698
xgboost_augmented,augmented,xgboost_10,10,0.09796124975667159,0.11274969747305309
xgboost_augmented,augmented,xgboost_10,11,0.0970255382842147,0.11143211949391518
xgboost_augmented,augmented,xgboost_10,12,0.09616062982054913,0.11025459095605017
xgboost_augmented,augmented,xgboost_10,13,0.09531113528824267,0.10903575495216403
xgboost_augmented,augmented,xgboost_10,14,0.09453501907415225,0.1079746730982162
xgboost_augmented,augmented,xgboost_10,15,0.09381284885938265,0.10697103817999234
xgboost_augmented,augmented,xgboost_10,16,0.09315452348612147,0.10609708182505691
xgboost_augmented,augmented,xgboost_10,17,0.09254929680576493,0.10531991298352707
xgboost_augmented,augmented,xgboost_10,18,0.09198768930024957,0.1046322247376752
xgboost_augmented,augmented,xgboost_10,19,0.09147561389300383,0.10392100992991764
xgboost_augmented,augmented,xgboost_10,20,0.09098472439697042,0.10331977420618266
xgboost_augmented,augmented,xgboost_10,21,0.09053249076923515,0.10269903725040466
xgboost_augmented,augmented,xgboost_10,22,0.09012048441098074,0.10217566860831952
xgboost_augmented,augmented,xgboost_10,23,0.08973624218501476,0.10171458052729779
xgboost_augmented,augmented,xgboost_10,24,0.08937504699659715,0.10123503393472155
xgboost_augmented,augmented,xgboost_10,25,0.08909703060076875,0.10088774242055643
xgboost_augmented,augmented,xgboost_10,26,0.08877363425659741,0.10046813863649641
xgboost_augmented,augmented,xgboost_10,27,0.08848053516989333,0.10004985239507191
xgboost_augmented,augmented,xgboost_10,28,0.0881961912990525,0.09975165274367288
xgboost_augmented,augmented,xgboost_10,29,0.08794523753320477,0.09945503678431075
xgboost_augmented,augmented,xgboost_10,30,0.08770383447644006,0.09912214237897746
xgboost_augmented,augmented,xgboost_10,31,0.08753553111855152,0.09886165314324794
xgboost_augmented,augmented,xgboost_10,32,0.08731659350643962,0.09862288608327197
xgboost_augmented,augmented,xgboost_10,33,0.0871200260332283,0.09835264939668883
xgboost_augmented,augmented,xgboost_10,34,0.08692547400704005,0.09813717008727683
xgboost_augmented,augmented,xgboost_10,35,0.0867379650539439,0.0979263848917345
xgboost_augmented,augmented,xgboost_10,36,0.08656488215925548,0.09770882938599756
xgboost_augmented,augmented,xgboost_10,37,0.08639510672523915,0.0975684293864581
xgboost_augmented,augmented,xgboost_10,38,0.086246104070627,0.09737755499578594
xgboost_augmented,augmented,xgboost_10,39,0.08610981676527021,0.09725326102521326
xgboost_augmented,augmented,xgboost_10,40,0.08597950823516286,0.09714549813476746
xgboost_augmented,augmented,xgboost_10,41,0.08584598577859823,0.09701872808159978
xgboost_augmented,augmented,xgboost_10,42,0.08572831161740854,0.09688023217238044
xgboost_augmented,augmented,xgboost_10,43,0.08561184121926914,0.09676114542991211
xgboost_augmented,augmented,xgboost_10,44,0.08550881253446374,0.0966277565465615
xgboost_augmented,augmented,xgboost_10,45,0.08540286758482284,0.09650323134873938
xgboost_augmented,augmented,xgboost_10,46,0.0853057475589724,0.09640322708828017
xgboost_augmented,augmented,xgboost_10,47,0.0852067268212844,0.0963224512242209
xgboost_augmented,augmented,xgboost_10,48,0.08511643302181865,0.09621037778678139
xgboost_augmented,augmented,xgboost_10,49,0.08503544468189901,0.09614821297423341
xgboost_augmented,augmented,xgboost_10,50,0.08495120128969069,0.09607295474173673
xgboost_augmented,augmented,xgboost_10,51,0.08487873444375998,0.09595982002492792
xgboost_augmented,augmented,xgboost_10,52,0.08480431379930345,0.09588530681087618
xgboost_augmented,augmented,xgboost_10,53,0.08473826232875707,0.09583543331987493
xgboost_augmented,augmented,xgboost_10,54,0.08466742890891439,0.09579734462301445
xgboost_augmented,augmented,xgboost_10,55,0.08459762432793828,0.0957530916365472
xgboost_augmented,augmented,xgboost_10,56,0.08453122245753318,0.09568525120407355
xgboost_augmented,augmented,xgboost_10,57,0.08447584596163397,0.09563723070701682
xgboost_augmented,augmented,xgboost_10,58,0.08441906510511131,0.09558757615103558
xgboost_augmented,augmented,xgboost_10,59,0.08437531405720242,0.09551137667422598
xgboost_augmented,augmented,xgboost_10,60,0.08432897009255991,0.0954750131163533
xgboost_augmented,augmented,xgboost_10,61,0.08426908419954668,0.0954357392507782
xgboost_augmented,augmented,xgboost_10,62,0.08420895499747826,0.09538668021196162
xgboost_augmented,augmented,xgboost_10,63,0.08415636944521857,0.09532423737160646
xgboost_augmented,augmented,xgboost_10,64,0.08411132522076199,0.0953145914871899
xgboost_augmented,augmented,xgboost_10,65,0.08407058528842885,0.09529033442639513
xgboost_augmented,augmented,xgboost_10,66,0.08402581071316603,0.0952888064267963
xgboost_augmented,augmented,xgboost_10,67,0.08398604680472437,0.09526540091576431
xgboost_augmented,augmented,xgboost_10,68,0.08395366859138736,0.09523122142691971
xgboost_augmented,augmented,xgboost_10,69,0.08392157632359486,0.09520034998896518
xgboost_augmented,augmented,xgboost_10,70,0.08388850449506535,0.09518819955437233
xgboost_augmented,augmented,xgboost_10,71,0.08386089990376355,0.09517398724355769
xgboost_augmented,augmented,xgboost_10,72,0.0838376606063455,0.09514648025096474
xgboost_augmented,augmented,xgboost_10,73,0.08380617243808101,0.09511634307191516
xgboost_augmented,augmented,xgboost_10,74,0.08377028923160035,0.09510629712409047
xgboost_augmented,augmented,xgboost_10,75,0.0837454186021425,0.09508303466779132
xgboost_augmented,augmented,xgboost_10,76,0.08370803094191001,0.09508133076594184
xgboost_augmented,augmented,xgboost_10,77,0.08367431077525152,0.09508528515557624
xgboost_augmented,augmented,xgboost_10,78,0.0836506914860352,0.09506699463585987
xgboost_augmented,augmented,xgboost_10,79,0.0836181173877492,0.09507032617829315
xgboost_augmented,augmented,xgboost_10,80,0.08359166123244709,0.09503351727485264
xgboost_augmented,augmented,xgboost_10,81,0.08356664525046216,0.09503902373668711
xgboost_augmented,augmented,xgboost_10,82,0.08354078341379607,0.09505146503865193
xgboost_augmented,augmented,xgboost_10,83,0.08351475792956985,0.09502238842929107
xgboost_augmented,augmented,xgboost_10,84,0.08349610347509887,0.09500119164307762
xgboost_augmented,augmented,xgboost_10,85,0.0834758176021599,0.09499469127188598
xgboost_augmented,augmented,xgboost_10,86,0.08345721405724113,0.09499162875932236
xgboost_augmented,augmented,xgboost_10,87,0.08343664183577715,0.0949705385031731
xgboost_augmented,augmented,xgboost_10,88,0.08341851575880403,0.09495862567931942
xgboost_augmented,augmented,xgboost_10,89,0.08340108079650382,0.0949097815948679
xgboost_augmented,augmented,xgboost_10,90,0.08338523082748524,0.0949113416998349
xgboost_augmented,augmented,xgboost_10,91,0.08336753338429591,0.09487334595320462
xgboost_augmented,augmented,xgboost_10,92,0.08334385807220974,0.09488343840334823
xgboost_augmented,augmented,xgboost_10,93,0.08332757487312423,0.09487333268013419
xgboost_augmented,augmented,xgboost_10,94,0.08331460229304169,0.09486228814590529
xgboost_augmented,augmented,xgboost_10,95,0.08330150982036919,0.09485477923523038
xgboost_augmented,augmented,xgboost_10,96,0.0832859050326658,0.09485886696959761
xgboost_augmented,augmented,xgboost_10,97,0.08327253606861691,0.0948560985971354
xgboost_augmented,augmented,xgboost_10,98,0.08325249809746528,0.09484734304606822
xgboost_augmented,augmented,xgboost_10,99,0.08322972000844635,0.09484220520080616
xgboost_augmented,augmented,xgboost_10,100,0.08321080035757951,0.09482137829294486
xgboost_augmented,augmented,xgboost_10,101,0.08318788744655173,0.09483231697783129
xgboost_augmented,augmented,xgboost_10,102,0.08317112303960486,0.09483199770041968
xgboost_augmented,augmented,xgboost_10,103,0.08315886381642719,0.09483014219307008
xgboost_augmented,augmented,xgboost_10,104,0.0831446037135617,0.0948061056966397
xgboost_augmented,augmented,xgboost_10,105,0.0831333786409739,0.09479901771706617
xgboost_augmented,augmented,xgboost_10,106,0.08312207605802645,0.09479321447184902
xgboost_augmented,augmented,xgboost_10,107,0.08311086816223158,0.0947918669403508
xgboost_augmented,augmented,xgboost_10,108,0.08309561185463957,0.09477587148779346
xgboost_augmented,augmented,xgboost_10,109,0.08308686966942296,0.09487833880010411
xgboost_augmented,augmented,xgboost_10,110,0.08307003797878172,0.094860611891637
xgboost_augmented,augmented,xgboost_10,111,0.08305268665373414,0.09487889149586166
xgboost_augmented,augmented,xgboost_10,112,0.08303631130686616,0.09489747723768847
xgboost_augmented,augmented,xgboost_10,113,0.08302085181812362,0.09485830299191197
xgboost_augmented,augmented,xgboost_10,114,0.08301155590486146,0.09484967216122221
xgboost_augmented,augmented,xgboost_10,115,0.08300112819715158,0.09485109651109976
xgboost_augmented,augmented,xgboost_10,116,0.08299108278985404,0.09486506079161997
xgboost_augmented,augmented,xgboost_10,117,0.08297704717494822,0.09485855749796343
xgboost_augmented,augmented,xgboost_10,118,0.08296830995685556,0.09485266117276522
xgboost_augmented,augmented,xgboost_10,119,0.08295218181183286,0.09485008189789895
xgboost_augmented,augmented,xgboost_10,120,0.08293652082437071,0.09486934741018001
xgboost_augmented,augmented,xgboost_10,121,0.08292578834725223,0.09484556678876628
xgboost_augmented,augmented,xgboost_10,122,0.0829068748015208,0.09484865643366869
xgboost_augmented,augmented,xgboost_10,123,0.0828948267794712,0.09484439984672018
xgboost_augmented,augmented,xgboost_10,124,0.08288275275357662,0.09485364255308203
xgboost_augmented,augmented,xgboost_10,125,0.08287268727426171,0.09494913825500736
xgboost_augmented,augmented,xgboost_10,126,0.08285855274345066,0.09494166350716003
xgboost_augmented,augmented,xgboost_10,127,0.08284723649374258,0.09494329178170512
xgboost_augmented,augmented,xgboost_10,128,0.08283643955550876,0.09496668460047399
xgboost_augmented,augmented,xgboost_10,129,0.08282083401896155,0.09496517683410567
xgboost_augmented,augmented,xgboost_10,130,0.08281275171154374,0.09496301999582643
xgboost_augmented,augmented,xgboost_10,131,0.08280399168471114,0.09496109135853104
xgboost_augmented,augmented,xgboost_10,132,0.08279325327125103,0.0949439982053603
xgboost_augmented,augmented,xgboost_10,133,0.08278155984732821,0.09494331127817661
xgboost_augmented,augmented,xgboost_10,134,0.08277524782436649,0.09495791239328738
xgboost_augmented,augmented,xgboost_10,135,0.0827635892686264,0.09495514933872846
xgboost_augmented,augmented,xgboost_10,136,0.0827553902030554,0.0950277316000281
xgboost_augmented,augmented,xgboost_10,137,0.0827458178692567,0.09501673680775169
xgboost_augmented,augmented,xgboost_10,138,0.08273607676413784,0.09503435623878556
xgboost_augmented,augmented,xgboost_11,1,0.11120241560331584,0.13156211040141821
xgboost_augmented,augmented,xgboost_11,2,0.10918741463107069,0.12869813116832712
xgboost_augmented,augmented,xgboost_11,3,0.10743938545929202,0.1261642788669606
xgboost_augmented,augmented,xgboost_11,4,0.10570871313349346,0.12371111029591314
xgboost_augmented,augmented,xgboost_11,5,0.10416754676989773,0.121579636063345
xgboost_augmented,augmented,xgboost_11,6,0.10277881210491285,0.11961350620654433
xgboost_augmented,augmented,xgboost_11,7,0.1014257100981789,0.11766512463738554
xgboost_augmented,augmented,xgboost_11,8,0.10018081296987326,0.11587832042407598
xgboost_augmented,augmented,xgboost_11,9,0.09908664283107547,0.11431433114192217
xgboost_augmented,augmented,xgboost_11,10,0.09801030925776047,0.11282164399079735
xgboost_augmented,augmented,xgboost_11,11,0.09703974374989041,0.11145551930819655
xgboost_augmented,augmented,xgboost_11,12,0.09612193886444671,0.11013036505764844
xgboost_augmented,augmented,xgboost_11,13,0.0952761413676988,0.10900456549218412
xgboost_augmented,augmented,xgboost_11,14,0.09453339266719596,0.10800252280786367
xgboost_augmented,augmented,xgboost_11,15,0.0938111117493332,0.10698808458738901
xgboost_augmented,augmented,xgboost_11,16,0.09313495612478338,0.10611955539045961
xgboost_augmented,augmented,xgboost_11,17,0.09252732589360238,0.10532351070958587
xgboost_augmented,augmented,xgboost_11,18,0.09197145429584148,0.1045564276297014
xgboost_augmented,augmented,xgboost_11,19,0.09145367147199485,0.10386761533429147
xgboost_augmented,augmented,xgboost_11,20,0.09096106959382749,0.10322621217463103
xgboost_augmented,augmented,xgboost_11,21,0.09051080257492092,0.102665761576208
xgboost_augmented,augmented,xgboost_11,22,0.09008583002808805,0.10216735004536283
xgboost_augmented,augmented,xgboost_11,23,0.08968835718272347,0.10169001859268641
xgboost_augmented,augmented,xgboost_11,24,0.08933069032327513,0.10123850067262334
xgboost_augmented,augmented,xgboost_11,25,0.08900760881520128,0.10080436861418565
xgboost_augmented,augmented,xgboost_11,26,0.08868750122429932,0.10038730305158076
xgboost_augmented,augmented,xgboost_11,27,0.08838958455023711,0.1000000319677696
xgboost_augmented,augmented,xgboost_11,28,0.08810651383141396,0.09972354662596482
xgboost_augmented,augmented,xgboost_11,29,0.08785628770999807,0.09933926688469841
xgboost_augmented,augmented,xgboost_11,30,0.08762353338945962,0.09904638591848905
xgboost_augmented,augmented,xgboost_11,31,0.08740185456528493,0.0987752415966917
xgboost_augmented,augmented,xgboost_11,32,0.08718590136460064,0.09849082863329137
xgboost_augmented,augmented,xgboost_11,33,0.08698916818574254,0.09828216443346031
xgboost_augmented,augmented,xgboost_11,34,0.08680502934880058,0.09804755858242059
xgboost_augmented,augmented,xgboost_11,35,0.08661990687112059,0.09787277247957803
xgboost_augmented,augmented,xgboost_11,36,0.0864616906820838,0.09767436545739859
xgboost_augmented,augmented,xgboost_11,37,0.08631201732225324,0.09748100518499826
xgboost_augmented,augmented,xgboost_11,38,0.08618429069355682,0.09734869050607937
xgboost_augmented,augmented,xgboost_11,39,0.0860424768987512,0.09714851451796744
xgboost_augmented,augmented,xgboost_11,40,0.08591774087858318,0.09698059825999654
xgboost_augmented,augmented,xgboost_11,41,0.0857971898742612,0.0968427811254722
xgboost_augmented,augmented,xgboost_11,42,0.0856823060636005,0.09671106561153389
xgboost_augmented,augmented,xgboost_11,43,0.085573506560998,0.09662526374077782
xgboost_augmented,augmented,xgboost_11,44,0.08547942126831329,0.09647915047664997
xgboost_augmented,augmented,xgboost_11,45,0.08538647990005797,0.09639916750695819
xgboost_augmented,augmented,xgboost_11,46,0.08528768595226302,0.09631111755526363
xgboost_augmented,augmented,xgboost_11,47,0.08519212540898953,0.09622288580486436
xgboost_augmented,augmented,xgboost_11,48,0.08509559851751011,0.0961276749318205
xgboost_augmented,augmented,xgboost_11,49,0.08501089750385366,0.09606515829696968
xgboost_augmented,augmented,xgboost_11,50,0.08492479846678937,0.09600956402210047
xgboost_augmented,augmented,xgboost_11,51,0.08483742703091474,0.09593318526099413
xgboost_augmented,augmented,xgboost_11,52,0.08476294307349579,0.09585274538800756
xgboost_augmented,augmented,xgboost_11,53,0.0846972563222642,0.09575486326180745
xgboost_augmented,augmented,xgboost_11,54,0.08464049635783376,0.09570554947511399
xgboost_augmented,augmented,xgboost_11,55,0.0845829032394249,0.09564187255387015
xgboost_augmented,augmented,xgboost_11,56,0.08452887807557118,0.09557235465373863
xgboost_augmented,augmented,xgboost_11,57,0.08445617632205667,0.09554842978463667
xgboost_augmented,augmented,xgboost_11,58,0.08441149169703689,0.09547085110709895
xgboost_augmented,augmented,xgboost_11,59,0.0843659386839806,0.09541939592473074
xgboost_augmented,augmented,xgboost_11,60,0.08430616502439947,0.09539447765424296
xgboost_augmented,augmented,xgboost_11,61,0.08424331103114542,0.09536777065357557
xgboost_augmented,augmented,xgboost_11,62,0.08419842168326089,0.09533967966518957
xgboost_augmented,augmented,xgboost_11,63,0.084150824344064,0.09527440025533958
xgboost_augmented,augmented,xgboost_11,64,0.08411984408952432,0.09523308905287083
xgboost_augmented,augmented,xgboost_11,65,0.08407679994123207,0.0952192430020528
xgboost_augmented,augmented,xgboost_11,66,0.08403482933167879,0.0951937778073999
xgboost_augmented,augmented,xgboost_11,67,0.08400716609860018,0.09515319364893816
xgboost_augmented,augmented,xgboost_11,68,0.08397538657833391,0.09514142231027116
xgboost_augmented,augmented,xgboost_11,69,0.08393714209907577,0.09511417579966393
xgboost_augmented,augmented,xgboost_11,70,0.08390440202063112,0.09510927818485405
xgboost_augmented,augmented,xgboost_11,71,0.08386672966309767,0.09509737673080802
xgboost_augmented,augmented,xgboost_11,72,0.0838356081599261,0.09507188929184952
xgboost_augmented,augmented,xgboost_11,73,0.08380117582595428,0.09505931167304316
xgboost_augmented,augmented,xgboost_11,74,0.08377578462747981,0.0950452738433629
xgboost_augmented,augmented,xgboost_11,75,0.08374905520419414,0.09503754480358433
xgboost_augmented,augmented,xgboost_11,76,0.08371874591936364,0.09503226796610649
xgboost_augmented,augmented,xgboost_11,77,0.08368524367031577,0.0950113022598408
xgboost_augmented,augmented,xgboost_11,78,0.0836653892568994,0.09501514551432236
xgboost_augmented,augmented,xgboost_11,79,0.08364651533332321,0.09500211004710868
xgboost_augmented,augmented,xgboost_11,80,0.0836155095047022,0.0949912436667773
xgboost_augmented,augmented,xgboost_11,81,0.08358574987549974,0.09498462940332189
xgboost_augmented,augmented,xgboost_11,82,0.08355697427981418,0.09497139494748792
xgboost_augmented,augmented,xgboost_11,83,0.08353261465539409,0.09492386703043855
xgboost_augmented,augmented,xgboost_11,84,0.08350554143684503,0.09492639548848898
xgboost_augmented,augmented,xgboost_11,85,0.08348266096341742,0.09491049824012997
xgboost_augmented,augmented,xgboost_11,86,0.08345908093499496,0.09488679360455914
xgboost_augmented,augmented,xgboost_11,87,0.08343597178560147,0.094864876109689
xgboost_augmented,augmented,xgboost_11,88,0.0834163096633218,0.09483118208699648
xgboost_augmented,augmented,xgboost_11,89,0.08339889660810351,0.09482026457242985
xgboost_augmented,augmented,xgboost_11,90,0.08337988474652895,0.09481167311302897
xgboost_augmented,augmented,xgboost_11,91,0.08335843211770011,0.09481036923961134
xgboost_augmented,augmented,xgboost_11,92,0.08333992458747357,0.09480638553055327
xgboost_augmented,augmented,xgboost_11,93,0.08332005735824724,0.09478263518997294
xgboost_augmented,augmented,xgboost_11,94,0.08329418439172305,0.09480211515504121
xgboost_augmented,augmented,xgboost_11,95,0.08327764571911361,0.09478615506478572
xgboost_augmented,augmented,xgboost_11,96,0.0832626106728083,0.09485243066497472
xgboost_augmented,augmented,xgboost_11,97,0.0832485567271787,0.09484986943650481
xgboost_augmented,augmented,xgboost_11,98,0.08322537563097028,0.09482691985156214
xgboost_augmented,augmented,xgboost_11,99,0.08321388740466547,0.09483371622173943
xgboost_augmented,augmented,xgboost_11,100,0.083196835527583,0.09484548473522329
xgboost_augmented,augmented,xgboost_11,101,0.08318585272582861,0.09485087348811398
xgboost_augmented,augmented,xgboost_11,102,0.08317083872430935,0.09485500816031157
xgboost_augmented,augmented,xgboost_11,103,0.08314871162879957,0.09483830211076097
xgboost_augmented,augmented,xgboost_11,104,0.08312850958537986,0.09482340980622041
xgboost_augmented,augmented,xgboost_11,105,0.08311881278293078,0.09481985995295006
xgboost_augmented,augmented,xgboost_11,106,0.08310339893053668,0.09475277452008178
xgboost_augmented,augmented,xgboost_11,107,0.08308893221737937,0.09473572715867182
xgboost_augmented,augmented,xgboost_11,108,0.08308021333016097,0.0947531897158207
xgboost_augmented,augmented,xgboost_11,109,0.08306421823479718,0.09475843742768622
xgboost_augmented,augmented,xgboost_11,110,0.08305325206066151,0.09475288284434286
xgboost_augmented,augmented,xgboost_11,111,0.08303884254308318,0.09475174202170157
xgboost_augmented,augmented,xgboost_11,112,0.08302786847388761,0.09474771014286983
xgboost_augmented,augmented,xgboost_11,113,0.08301570693522393,0.09475214814052421
xgboost_augmented,augmented,xgboost_11,114,0.0830010350044666,0.09475303932659349
xgboost_augmented,augmented,xgboost_11,115,0.08299501898753903,0.09475308057870518
xgboost_augmented,augmented,xgboost_11,116,0.08298192203877636,0.09482975227341832
xgboost_augmented,augmented,xgboost_11,117,0.08296956133742221,0.09478804442682037
xgboost_augmented,augmented,xgboost_11,118,0.08295222753936426,0.09477657791809288
xgboost_augmented,augmented,xgboost_11,119,0.08294272778346888,0.09478314930259948
xgboost_augmented,augmented,xgboost_11,120,0.08292877105346823,0.09478648143674667
xgboost_augmented,augmented,xgboost_11,121,0.08291735202085486,0.0947708777972002
xgboost_augmented,augmented,xgboost_11,122,0.082906391362265,0.09475672193501394
xgboost_augmented,augmented,xgboost_11,123,0.08289846808039433,0.09475884999443528
xgboost_augmented,augmented,xgboost_11,124,0.08288253548161958,0.09475793846443983
xgboost_augmented,augmented,xgboost_11,125,0.08287382379923919,0.09475079138405589
xgboost_augmented,augmented,xgboost_11,126,0.0828654829076345,0.0947573858709786
xgboost_augmented,augmented,xgboost_11,127,0.08285534617037235,0.09476767316135166
xgboost_augmented,augmented,xgboost_11,128,0.08285183530441421,0.09477493278521767
xgboost_augmented,augmented,xgboost_11,129,0.08283602217343121,0.09477074061597997
xgboost_augmented,augmented,xgboost_11,130,0.08282701522672833,0.0947681652733785
xgboost_augmented,augmented,xgboost_11,131,0.08281674213380813,0.09477089428696278
xgboost_augmented,augmented,xgboost_11,132,0.08280406152860027,0.0947657203400072
xgboost_augmented,augmented,xgboost_11,133,0.08279723089470824,0.09476463091461299
xgboost_augmented,augmented,xgboost_11,134,0.08278803775655719,0.09476050200285048
xgboost_augmented,augmented,xgboost_11,135,0.08277896698566548,0.09475457902821222
xgboost_augmented,augmented,xgboost_11,136,0.08277143827018084,0.09474960808249948
xgboost_augmented,augmented,xgboost_11,137,0.08276235006492692,0.09475299631162569
xgboost_augmented,augmented,xgboost_12,1,0.11134117077083765,0.13168154542204877
xgboost_augmented,augmented,xgboost_12,2,0.1093175903819985,0.12875882348479212
xgboost_augmented,augmented,xgboost_12,3,0.10744317749984948,0.12609427937778206
xgboost_augmented,augmented,xgboost_12,4,0.10571298748952943,0.12363647165017368
xgboost_augmented,augmented,xgboost_12,5,0.10412157474905899,0.12138133513446467
xgboost_augmented,augmented,xgboost_12,6,0.10274293302787667,0.11941714857391905
xgboost_augmented,augmented,xgboost_12,7,0.10139391509098368,0.11748851678773073
xgboost_augmented,augmented,xgboost_12,8,0.10015553348424541,0.115757745945507
xgboost_augmented,augmented,xgboost_12,9,0.09900366268029034,0.11418194485195698
xgboost_augmented,augmented,xgboost_12,10,0.09796124975667159,0.11274969747305309
xgboost_augmented,augmented,xgboost_12,11,0.0970255382842147,0.11143211949391518
xgboost_augmented,augmented,xgboost_12,12,0.09616062982054913,0.11025459095605017
xgboost_augmented,augmented,xgboost_12,13,0.09531113528824267,0.10903575495216403
xgboost_augmented,augmented,xgboost_12,14,0.09453501907415225,0.1079746730982162
xgboost_augmented,augmented,xgboost_12,15,0.09381284885938265,0.10697103817999234
xgboost_augmented,augmented,xgboost_12,16,0.09315452348612147,0.10609708182505691
xgboost_augmented,augmented,xgboost_12,17,0.09254929680576493,0.10531991298352707
xgboost_augmented,augmented,xgboost_12,18,0.09198768930024957,0.1046322247376752
xgboost_augmented,augmented,xgboost_12,19,0.09147561389300383,0.10392100992991764
xgboost_augmented,augmented,xgboost_12,20,0.09098472439697042,0.10331977420618266
xgboost_augmented,augmented,xgboost_12,21,0.09053249076923515,0.10269903725040466
xgboost_augmented,augmented,xgboost_12,22,0.09012048441098074,0.10217566860831952
xgboost_augmented,augmented,xgboost_12,23,0.08973624218501476,0.10171458052729779
xgboost_augmented,augmented,xgboost_12,24,0.08937504699659715,0.10123503393472155
xgboost_augmented,augmented,xgboost_12,25,0.08909703060076875,0.10088774242055643
xgboost_augmented,augmented,xgboost_12,26,0.08877363425659741,0.10046813863649641
xgboost_augmented,augmented,xgboost_12,27,0.08848053516989333,0.10004985239507191
xgboost_augmented,augmented,xgboost_12,28,0.0881961912990525,0.09975165274367288
xgboost_augmented,augmented,xgboost_12,29,0.08794523753320477,0.09945503678431075
xgboost_augmented,augmented,xgboost_12,30,0.08770383447644006,0.09912214237897746
xgboost_augmented,augmented,xgboost_12,31,0.08753553111855152,0.09886165314324794
xgboost_augmented,augmented,xgboost_12,32,0.08731659350643962,0.09862288608327197
xgboost_augmented,augmented,xgboost_12,33,0.0871200260332283,0.09835264939668883
xgboost_augmented,augmented,xgboost_12,34,0.08692547400704005,0.09813717008727683
xgboost_augmented,augmented,xgboost_12,35,0.0867379650539439,0.0979263848917345
xgboost_augmented,augmented,xgboost_12,36,0.08656488215925548,0.09770882938599756
xgboost_augmented,augmented,xgboost_12,37,0.08639510672523915,0.0975684293864581
xgboost_augmented,augmented,xgboost_12,38,0.086246104070627,0.09737755499578594
xgboost_augmented,augmented,xgboost_12,39,0.08610981676527021,0.09725326102521326
xgboost_augmented,augmented,xgboost_12,40,0.08597950823516286,0.09714549813476746
xgboost_augmented,augmented,xgboost_12,41,0.08584598577859823,0.09701872808159978
xgboost_augmented,augmented,xgboost_12,42,0.08572831161740854,0.09688023217238044
xgboost_augmented,augmented,xgboost_12,43,0.08561184121926914,0.09676114542991211
xgboost_augmented,augmented,xgboost_12,44,0.08550881253446374,0.0966277565465615
xgboost_augmented,augmented,xgboost_12,45,0.08540286758482284,0.09650323134873938
xgboost_augmented,augmented,xgboost_12,46,0.0853057475589724,0.09640322708828017
xgboost_augmented,augmented,xgboost_12,47,0.0852067268212844,0.0963224512242209
xgboost_augmented,augmented,xgboost_12,48,0.08511643302181865,0.09621037778678139
xgboost_augmented,augmented,xgboost_12,49,0.08503544468189901,0.09614821297423341
xgboost_augmented,augmented,xgboost_12,50,0.08495120128969069,0.09607295474173673
xgboost_augmented,augmented,xgboost_12,51,0.08487873444375998,0.09595982002492792
xgboost_augmented,augmented,xgboost_12,52,0.08480431379930345,0.09588530681087618
xgboost_augmented,augmented,xgboost_12,53,0.08473826232875707,0.09583543331987493
xgboost_augmented,augmented,xgboost_12,54,0.08466742890891439,0.09579734462301445
xgboost_augmented,augmented,xgboost_12,55,0.08459762432793828,0.0957530916365472
xgboost_augmented,augmented,xgboost_12,56,0.08453122245753318,0.09568525120407355
xgboost_augmented,augmented,xgboost_12,57,0.08447584596163397,0.09563723070701682
xgboost_augmented,augmented,xgboost_12,58,0.08441906510511131,0.09558757615103558
xgboost_augmented,augmented,xgboost_12,59,0.08437531405720242,0.09551137667422598
xgboost_augmented,augmented,xgboost_12,60,0.08432897009255991,0.0954750131163533
xgboost_augmented,augmented,xgboost_12,61,0.08426908419954668,0.0954357392507782
xgboost_augmented,augmented,xgboost_12,62,0.08420895499747826,0.09538668021196162
xgboost_augmented,augmented,xgboost_12,63,0.08415636944521857,0.09532423737160646
xgboost_augmented,augmented,xgboost_12,64,0.08411132522076199,0.0953145914871899
xgboost_augmented,augmented,xgboost_12,65,0.08407032372394352,0.09529022790184692
xgboost_augmented,augmented,xgboost_12,66,0.08402557439056114,0.09528871043475548
xgboost_augmented,augmented,xgboost_12,67,0.0839858186937919,0.09526532501592051
xgboost_augmented,augmented,xgboost_12,68,0.08395344735432585,0.09523113191163882
xgboost_augmented,augmented,xgboost_12,69,0.08392121434286844,0.09520049827998994
xgboost_augmented,augmented,xgboost_12,70,0.08388814194707862,0.09518835154461185
xgboost_augmented,augmented,xgboost_12,71,0.08386045612981691,0.09517414477284106
xgboost_augmented,augmented,xgboost_12,72,0.0838358917787403,0.09514491215547821
xgboost_augmented,augmented,xgboost_12,73,0.08380447842013469,0.09511489201994504
xgboost_augmented,augmented,xgboost_12,74,0.08376866384622422,0.09510483156021161
xgboost_augmented,augmented,xgboost_12,75,0.08373774830582507,0.09509153750186405
xgboost_augmented,augmented,xgboost_12,76,0.08370053987367208,0.09508975675167346
xgboost_augmented,augmented,xgboost_12,77,0.08366688321768954,0.09509357851478029
xgboost_augmented,augmented,xgboost_12,78,0.08364364631492255,0.0950766208457893
xgboost_augmented,augmented,xgboost_12,79,0.08362279333598364,0.09506786568710868
xgboost_augmented,augmented,xgboost_12,80,0.0835851668552448,0.09507490314497113
xgboost_augmented,augmented,xgboost_12,81,0.08356092307967616,0.09506829374384945
xgboost_augmented,augmented,xgboost_12,82,0.08354171756328314,0.09504912808090689
xgboost_augmented,augmented,xgboost_12,83,0.08352133843419224,0.09502868946648704
xgboost_augmented,augmented,xgboost_12,84,0.08350214828336154,0.09501666431277007
xgboost_augmented,augmented,xgboost_12,85,0.08347669675800103,0.0950193839084504
xgboost_augmented,augmented,xgboost_12,86,0.08345552958615057,0.09500665490879459
xgboost_augmented,augmented,xgboost_12,87,0.0834372257158603,0.09500842979061246
xgboost_augmented,augmented,xgboost_12,88,0.0834183556659047,0.09499262404228315
xgboost_augmented,augmented,xgboost_12,89,0.08339166580293236,0.09498802907810043
xgboost_augmented,augmented,xgboost_12,90,0.08337398028749717,0.0950201101527661
xgboost_augmented,augmented,xgboost_12,91,0.08335154377257895,0.09500889493803635
xgboost_augmented,augmented,xgboost_12,92,0.08333149541945002,0.09496951764300295
xgboost_augmented,augmented,xgboost_12,93,0.08330489934844233,0.09499846995721808
xgboost_augmented,augmented,xgboost_12,94,0.08328855784300088,0.09498097976590189
xgboost_augmented,augmented,xgboost_12,95,0.08326942244425652,0.09494286365187762
xgboost_augmented,augmented,xgboost_12,96,0.0832510687028164,0.09493494376255358
xgboost_augmented,augmented,xgboost_12,97,0.0832260187272829,0.0949401116764093
xgboost_augmented,augmented,xgboost_12,98,0.08320566133301938,0.09493705167474348
xgboost_augmented,augmented,xgboost_12,99,0.0831913228030594,0.09494460075201089
xgboost_augmented,augmented,xgboost_12,100,0.0831776832569218,0.09503649764687128
xgboost_augmented,augmented,xgboost_12,101,0.08315582765508957,0.09503044727748429
xgboost_augmented,augmented,xgboost_12,102,0.0831411798937747,0.09501037556855571
xgboost_augmented,augmented,xgboost_12,103,0.08313095202615739,0.09502289626172705
xgboost_augmented,augmented,xgboost_12,104,0.08312112891397472,0.09500849178881517
xgboost_augmented,augmented,xgboost_12,105,0.08310520374209707,0.09502248392740122
xgboost_augmented,augmented,xgboost_12,106,0.08309213724413915,0.09500109444654799
xgboost_augmented,augmented,xgboost_12,107,0.08308019801876673,0.09501167707536848
xgboost_augmented,augmented,xgboost_12,108,0.0830650416624429,0.09498455917340101
xgboost_augmented,augmented,xgboost_12,109,0.0830489605220848,0.09497723505660632
xgboost_augmented,augmented,xgboost_12,110,0.0830359841373858,0.09493997798843225
xgboost_augmented,augmented,xgboost_12,111,0.08302454330825361,0.09492770630301152
xgboost_augmented,augmented,xgboost_12,112,0.08301370300927297,0.09491745340651025
xgboost_augmented,augmented,xgboost_12,113,0.08300101404153455,0.09492525783277068
xgboost_augmented,augmented,xgboost_12,114,0.08299252881200127,0.09492301333145055
xgboost_augmented,augmented,xgboost_12,115,0.08298265394653812,0.09493230725879892
xgboost_augmented,augmented,xgboost_12,116,0.08297285332681391,0.09494443189667161
xgboost_augmented,augmented,xgboost_12,117,0.0829619180279803,0.09493907691284298
xgboost_augmented,augmented,xgboost_12,118,0.08295247554238576,0.0949313906858215
xgboost_augmented,augmented,xgboost_12,119,0.08294371965646319,0.09492579442576157
xgboost_augmented,augmented,xgboost_12,120,0.08292612097579312,0.09494654778020048
xgboost_augmented,augmented,xgboost_12,121,0.08291593023426526,0.09493835708624117
xgboost_augmented,augmented,xgboost_12,122,0.08290186152220255,0.09493751468773501
xgboost_augmented,augmented,xgboost_12,123,0.08289104001708292,0.09491879187814158
xgboost_augmented,augmented,xgboost_12,124,0.08287419240421193,0.0949143462650541
xgboost_augmented,augmented,xgboost_12,125,0.0828683613882984,0.09496557966603282
xgboost_augmented,augmented,xgboost_12,126,0.08286183905109078,0.0949831588921131
xgboost_augmented,augmented,xgboost_12,127,0.08284803461610109,0.09498199905050841
xgboost_augmented,augmented,xgboost_12,128,0.08283661472314792,0.09495595028642241
xgboost_augmented,augmented,xgboost_12,129,0.08282204541149758,0.09496213262355381
xgboost_augmented,augmented,xgboost_12,130,0.08281459814665007,0.09495787885965726
xgboost_augmented,augmented,xgboost_12,131,0.08280370484286524,0.09500644861025113
xgboost_augmented,augmented,xgboost_12,132,0.08279402469051465,0.09499079349297448
xgboost_augmented,augmented,xgboost_12,133,0.08278780039353369,0.09498512405946777
xgboost_augmented,augmented,xgboost_12,134,0.08278208795561065,0.09504439978101746
xgboost_augmented,augmented,xgboost_12,135,0.08277332025743236,0.09504610223015918
xgboost_augmented,augmented,xgboost_12,136,0.08276743799269379,0.09505631847600185
xgboost_augmented,augmented,xgboost_12,137,0.08275862557755008,0.09504949650354257
xgboost_augmented,augmented,xgboost_12,138,0.08273927459331211,0.0950570673502401
xgboost_augmented,augmented,xgboost_12,139,0.0827328287181009,0.09506652981626051
xgboost_augmented,augmented,xgboost_12,140,0.08272217862510133,0.0950715395297641
xgboost_augmented,augmented,xgboost_12,141,0.0827146588333287,0.09507385292927274
xgboost_augmented,augmented,xgboost_12,142,0.08270666384478832,0.09507538053234804
xgboost_augmented,augmented,xgboost_12,143,0.08269720188657646,0.09507252544183212
xgboost_augmented,augmented,xgboost_12,144,0.08268975509913043,0.09506715349800386
xgboost_augmented,augmented,xgboost_12,145,0.08268116259931665,0.0950784321469708
xgboost_augmented,augmented,xgboost_12,146,0.08267455738320974,0.09507566571462815
xgboost_augmented,augmented,xgboost_12,147,0.08266530816082844,0.09506078533400018
xgboost_augmented,augmented,xgboost_12,148,0.08265751398788782,0.09505833931197559
xgboost_augmented,augmented,xgboost_12,149,0.08264271620078383,0.09504874914945745
xgboost_augmented,augmented,xgboost_12,150,0.08263781385158325,0.09503912237526864
xgboost_augmented,augmented,xgboost_12,151,0.0826278510197534,0.0950266609477602
xgboost_augmented,augmented,xgboost_12,152,0.08261406601073627,0.09502995812584471
xgboost_augmented,augmented,xgboost_12,153,0.08260459521256232,0.09504312320460305
xgboost_augmented,augmented,xgboost_12,154,0.08259493176802933,0.09509960661347273
xgboost_network_augmented,network_augmented,xgboost_01,1,0.11163715133743281,0.13203770521492156
xgboost_network_augmented,network_augmented,xgboost_01,2,0.1097991792447426,0.12950208320584902
xgboost_network_augmented,network_augmented,xgboost_01,3,0.10812022053241853,0.127107333308413
xgboost_network_augmented,network_augmented,xgboost_01,4,0.10656805994876518,0.12493761483695709
xgboost_network_augmented,network_augmented,xgboost_01,5,0.10515476557090696,0.12299694673233823
xgboost_network_augmented,network_augmented,xgboost_01,6,0.10386707700823944,0.12112411150581175
xgboost_network_augmented,network_augmented,xgboost_01,7,0.10265872046447612,0.11935597422600057
xgboost_network_augmented,network_augmented,xgboost_01,8,0.1016000295918037,0.11799685561447545
xgboost_network_augmented,network_augmented,xgboost_01,9,0.10055305277116715,0.11664415853791794
xgboost_network_augmented,network_augmented,xgboost_01,10,0.09959723216482688,0.1152255078525691
xgboost_network_augmented,network_augmented,xgboost_01,11,0.09871705765140747,0.11395179776572366
xgboost_network_augmented,network_augmented,xgboost_01,12,0.09790452919203635,0.11271505910757293
xgboost_network_augmented,network_augmented,xgboost_01,13,0.09717931474259603,0.11168462297817607
xgboost_network_augmented,network_augmented,xgboost_01,14,0.09648574945522519,0.11089406683258757
xgboost_network_augmented,network_augmented,xgboost_01,15,0.09584858650498793,0.11005669304551194
xgboost_network_augmented,network_augmented,xgboost_01,16,0.09523927467576197,0.10924440324141009
xgboost_network_augmented,network_augmented,xgboost_01,17,0.09470891025548091,0.10846398486460558
xgboost_network_augmented,network_augmented,xgboost_01,18,0.09420937283766861,0.10768356115134403
xgboost_network_augmented,network_augmented,xgboost_01,19,0.09371410245772258,0.10704756298273309
xgboost_network_augmented,network_augmented,xgboost_01,20,0.09325111930099356,0.10650674023460269
xgboost_network_augmented,network_augmented,xgboost_01,21,0.09284484371084428,0.105976583051016
xgboost_network_augmented,network_augmented,xgboost_01,22,0.09244779037491888,0.10547338881106015
xgboost_network_augmented,network_augmented,xgboost_01,23,0.09209135757359227,0.10498430987381008
xgboost_network_augmented,network_augmented,xgboost_01,24,0.09175277291726194,0.1044665580430616
xgboost_network_augmented,network_augmented,xgboost_01,25,0.09143401097722566,0.10405957732670063
xgboost_network_augmented,network_augmented,xgboost_01,26,0.09112575372019854,0.10367615527372724
xgboost_network_augmented,network_augmented,xgboost_01,27,0.0908420149195178,0.10333381205027968
xgboost_network_augmented,network_augmented,xgboost_01,28,0.09057828786727451,0.10290032427475661
xgboost_network_augmented,network_augmented,xgboost_01,29,0.09033695063735327,0.10256290413902616
xgboost_network_augmented,network_augmented,xgboost_01,30,0.09011344638975557,0.10225604386840491
xgboost_network_augmented,network_augmented,xgboost_01,31,0.0898973911113142,0.10192536153696574
xgboost_network_augmented,network_augmented,xgboost_01,32,0.0896754288753979,0.10165605035924281
xgboost_network_augmented,network_augmented,xgboost_01,33,0.08947339795997554,0.10141641664400101
xgboost_network_augmented,network_augmented,xgboost_01,34,0.08929353312905336,0.10113340044946485
xgboost_network_augmented,network_augmented,xgboost_01,35,0.08911846974324682,0.10086362722567609
xgboost_network_augmented,network_augmented,xgboost_01,36,0.0889495389507269,0.10066507168180377
xgboost_network_augmented,network_augmented,xgboost_01,37,0.08882966900025711,0.10045465579320852
xgboost_network_augmented,network_augmented,xgboost_01,38,0.08867193496711359,0.10025434299018737
xgboost_network_augmented,network_augmented,xgboost_01,39,0.08853889041042498,0.10004491296965769
xgboost_network_augmented,network_augmented,xgboost_01,40,0.08841262363007117,0.09980348703174527
xgboost_network_augmented,network_augmented,xgboost_01,41,0.0882938993757187,0.09961387597832783
xgboost_network_augmented,network_augmented,xgboost_01,42,0.0881680168508843,0.09948132463353153
xgboost_network_augmented,network_augmented,xgboost_01,43,0.08804369484486249,0.09934087564697623
xgboost_network_augmented,network_augmented,xgboost_01,44,0.08794642966461981,0.09920693411625825
xgboost_network_augmented,network_augmented,xgboost_01,45,0.08783213382921039,0.09906430463866352
xgboost_network_augmented,network_augmented,xgboost_01,46,0.08772051040862258,0.09894711052619552
xgboost_network_augmented,network_augmented,xgboost_01,47,0.08762134328144962,0.09876664588911097
xgboost_network_augmented,network_augmented,xgboost_01,48,0.08753552810686567,0.09864180441933255
xgboost_network_augmented,network_augmented,xgboost_01,49,0.08746687344242365,0.09849537481480014
xgboost_network_augmented,network_augmented,xgboost_01,50,0.0873732032696064,0.09838763965943899
xgboost_network_augmented,network_augmented,xgboost_01,51,0.08729175962931139,0.09826561647331547
xgboost_network_augmented,network_augmented,xgboost_01,52,0.08721062721074778,0.09815853185297815
xgboost_network_augmented,network_augmented,xgboost_01,53,0.08714536426472597,0.09803627915193999
xgboost_network_augmented,network_augmented,xgboost_01,54,0.08708200870775239,0.09796034564049873
xgboost_network_augmented,network_augmented,xgboost_01,55,0.08702201809700973,0.09790408813997227
xgboost_network_augmented,network_augmented,xgboost_01,56,0.08695086445122382,0.09780473467830089
xgboost_network_augmented,network_augmented,xgboost_01,57,0.08688069331767398,0.09775542700970348
xgboost_network_augmented,network_augmented,xgboost_01,58,0.08683251319307092,0.09765056618508756
xgboost_network_augmented,network_augmented,xgboost_01,59,0.08677489653314817,0.0975940265413336
xgboost_network_augmented,network_augmented,xgboost_01,60,0.08671697488211887,0.09752968967882075
xgboost_network_augmented,network_augmented,xgboost_01,61,0.08666905179120118,0.09748568262243969
xgboost_network_augmented,network_augmented,xgboost_01,62,0.08662628243265483,0.09742300163855208
xgboost_network_augmented,network_augmented,xgboost_01,63,0.08656303206151329,0.09736078340113404
xgboost_network_augmented,network_augmented,xgboost_01,64,0.08650586024063238,0.09732191200982511
xgboost_network_augmented,network_augmented,xgboost_01,65,0.0864549528206828,0.09730671043786687
xgboost_network_augmented,network_augmented,xgboost_01,66,0.08641317274821304,0.09724014275804461
xgboost_network_augmented,network_augmented,xgboost_01,67,0.0863755193018446,0.09717831835812636
xgboost_network_augmented,network_augmented,xgboost_01,68,0.08634221171559316,0.0971239102286758
xgboost_network_augmented,network_augmented,xgboost_01,69,0.08629243921595145,0.0970711369845434
xgboost_network_augmented,network_augmented,xgboost_01,70,0.08625603448399606,0.09703443234773604
xgboost_network_augmented,network_augmented,xgboost_01,71,0.08621991954370042,0.09699753407744455
xgboost_network_augmented,network_augmented,xgboost_01,72,0.0861767945073368,0.09693850947012188
xgboost_network_augmented,network_augmented,xgboost_01,73,0.08613820976866769,0.0969267682347741
xgboost_network_augmented,network_augmented,xgboost_01,74,0.08610939625501532,0.09690135488240731
xgboost_network_augmented,network_augmented,xgboost_01,75,0.0860792429662308,0.09687521206727759
xgboost_network_augmented,network_augmented,xgboost_01,76,0.0860414868387329,0.09683176695606997
xgboost_network_augmented,network_augmented,xgboost_01,77,0.08598900541425192,0.09677736205434351
xgboost_network_augmented,network_augmented,xgboost_01,78,0.08594908150577912,0.09674017640240144
xgboost_network_augmented,network_augmented,xgboost_01,79,0.0859043138196446,0.09671593592250824
xgboost_network_augmented,network_augmented,xgboost_01,80,0.08587463173661294,0.09670326721536461
xgboost_network_augmented,network_augmented,xgboost_01,81,0.08584109113887164,0.0966743045901587
xgboost_network_augmented,network_augmented,xgboost_01,82,0.08581119263967867,0.09661877380656689
xgboost_network_augmented,network_augmented,xgboost_01,83,0.08577950883365225,0.09658433568283668
xgboost_network_augmented,network_augmented,xgboost_01,84,0.08575039189757122,0.09653956465599117
xgboost_network_augmented,network_augmented,xgboost_01,85,0.08571875496879401,0.09641470722886732
xgboost_network_augmented,network_augmented,xgboost_01,86,0.08568518056113397,0.09637537948122286
xgboost_network_augmented,network_augmented,xgboost_01,87,0.08564962399271459,0.09633267820691285
xgboost_network_augmented,network_augmented,xgboost_01,88,0.08562824656147847,0.09631028437219999
xgboost_network_augmented,network_augmented,xgboost_01,89,0.08560016258657636,0.09629246801125889
xgboost_network_augmented,network_augmented,xgboost_01,90,0.0855786780254454,0.09627016482962254
xgboost_network_augmented,network_augmented,xgboost_01,91,0.08554888503730368,0.09625565029303637
xgboost_network_augmented,network_augmented,xgboost_01,92,0.08550965817268318,0.09623697847000044
xgboost_network_augmented,network_augmented,xgboost_01,93,0.08548652417843126,0.0962245249933968
xgboost_network_augmented,network_augmented,xgboost_01,94,0.08545708360881259,0.09620561797035436
xgboost_network_augmented,network_augmented,xgboost_01,95,0.08543332820772473,0.09617001097561581
xgboost_network_augmented,network_augmented,xgboost_01,96,0.08540885941900665,0.09614488059901295
xgboost_network_augmented,network_augmented,xgboost_01,97,0.0853891853965083,0.0961137609074923
xgboost_network_augmented,network_augmented,xgboost_01,98,0.08536883597196637,0.0961034286024844
xgboost_network_augmented,network_augmented,xgboost_01,99,0.08534711531299803,0.09606578202747929
xgboost_network_augmented,network_augmented,xgboost_01,100,0.08532120176328632,0.09605654689004081
xgboost_network_augmented,network_augmented,xgboost_01,101,0.08530791098392972,0.09602825135029706
xgboost_network_augmented,network_augmented,xgboost_01,102,0.08528160738493944,0.09598784058368962
xgboost_network_augmented,network_augmented,xgboost_01,103,0.08526221674141099,0.09595620387161961
xgboost_network_augmented,network_augmented,xgboost_01,104,0.08524226032992482,0.0959470058511905
xgboost_network_augmented,network_augmented,xgboost_01,105,0.08522608968988184,0.09593520985848812
xgboost_network_augmented,network_augmented,xgboost_01,106,0.0852070801644869,0.0958168821987018
xgboost_network_augmented,network_augmented,xgboost_01,107,0.08518943616525454,0.09579838276210796
xgboost_network_augmented,network_augmented,xgboost_01,108,0.0851761063087941,0.09576290799022776
xgboost_network_augmented,network_augmented,xgboost_01,109,0.08515070434784155,0.09575706156945266
xgboost_network_augmented,network_augmented,xgboost_01,110,0.08512980464816916,0.09569433165182856
xgboost_network_augmented,network_augmented,xgboost_01,111,0.08511568215835365,0.09568088447572562
xgboost_network_augmented,network_augmented,xgboost_01,112,0.08509495243096823,0.09560402940436225
xgboost_network_augmented,network_augmented,xgboost_01,113,0.08507807806501724,0.0955811625535589
xgboost_network_augmented,network_augmented,xgboost_01,114,0.08506112902296181,0.09555929263875436
xgboost_network_augmented,network_augmented,xgboost_01,115,0.08504649300438695,0.09554156817010417
xgboost_network_augmented,network_augmented,xgboost_01,116,0.08503309920733645,0.09553913437499482
xgboost_network_augmented,network_augmented,xgboost_01,117,0.0850173958464012,0.09548064116561561
xgboost_network_augmented,network_augmented,xgboost_01,118,0.08499739391316219,0.09548019408389398
xgboost_network_augmented,network_augmented,xgboost_01,119,0.08498332240674807,0.09546734051128779
xgboost_network_augmented,network_augmented,xgboost_01,120,0.08496964829408384,0.09546310088308527
xgboost_network_augmented,network_augmented,xgboost_01,121,0.08495987514841695,0.09545957221718411
xgboost_network_augmented,network_augmented,xgboost_01,122,0.08493706722478543,0.09542345595560484
xgboost_network_augmented,network_augmented,xgboost_01,123,0.0849226910491436,0.09540365167227415
xgboost_network_augmented,network_augmented,xgboost_01,124,0.08489875349179954,0.0953906783615968
xgboost_network_augmented,network_augmented,xgboost_01,125,0.08488078918633479,0.09537759972734985
xgboost_network_augmented,network_augmented,xgboost_01,126,0.08486236307310097,0.09536453882446178
xgboost_network_augmented,network_augmented,xgboost_01,127,0.08485340258983315,0.09534378821359463
xgboost_network_augmented,network_augmented,xgboost_01,128,0.08483799155797171,0.09533464116743744
xgboost_network_augmented,network_augmented,xgboost_01,129,0.08482508956150382,0.09533073851365588
xgboost_network_augmented,network_augmented,xgboost_01,130,0.08480907323005032,0.09530424635916515
xgboost_network_augmented,network_augmented,xgboost_01,131,0.08479558050908975,0.09529464576330182
xgboost_network_augmented,network_augmented,xgboost_01,132,0.08478255133240699,0.09528768630900158
xgboost_network_augmented,network_augmented,xgboost_01,133,0.0847648529113331,0.09526331360273987
xgboost_network_augmented,network_augmented,xgboost_01,134,0.08475383971029382,0.09525920859020144
xgboost_network_augmented,network_augmented,xgboost_01,135,0.08472112440069171,0.09525269258723239
xgboost_network_augmented,network_augmented,xgboost_01,136,0.08470376256664265,0.09523140330598218
xgboost_network_augmented,network_augmented,xgboost_01,137,0.08469313016242981,0.095152951532774
xgboost_network_augmented,network_augmented,xgboost_01,138,0.08467801337394264,0.09510458140664213
xgboost_network_augmented,network_augmented,xgboost_01,139,0.08466394442850572,0.09508692873871263
xgboost_network_augmented,network_augmented,xgboost_01,140,0.08465371636479992,0.09508608402399757
xgboost_network_augmented,network_augmented,xgboost_01,141,0.08464382746802489,0.0950858253220427
xgboost_network_augmented,network_augmented,xgboost_01,142,0.08462217904672403,0.09503881924487685
xgboost_network_augmented,network_augmented,xgboost_01,143,0.0846044477902756,0.0950230522351288
xgboost_network_augmented,network_augmented,xgboost_01,144,0.08459615704776327,0.09500678634449794
xgboost_network_augmented,network_augmented,xgboost_01,145,0.08458810531760264,0.09499593580041123
xgboost_network_augmented,network_augmented,xgboost_01,146,0.08457465346385093,0.09499570907984038
xgboost_network_augmented,network_augmented,xgboost_01,147,0.0845591357931585,0.09498953760705256
xgboost_network_augmented,network_augmented,xgboost_01,148,0.0845449826849181,0.09497094384562196
xgboost_network_augmented,network_augmented,xgboost_01,149,0.08453142805749976,0.09495661449956491
xgboost_network_augmented,network_augmented,xgboost_01,150,0.08451861845554999,0.09493758902267105
xgboost_network_augmented,network_augmented,xgboost_01,151,0.08450647784244238,0.09493705716138554
xgboost_network_augmented,network_augmented,xgboost_01,152,0.08449735463433782,0.09493666581159137
xgboost_network_augmented,network_augmented,xgboost_01,153,0.08448863795744849,0.09493612448288348
xgboost_network_augmented,network_augmented,xgboost_01,154,0.08448893064637902,0.09493334487262099
xgboost_network_augmented,network_augmented,xgboost_01,155,0.0844804154100388,0.0949340022561064
xgboost_network_augmented,network_augmented,xgboost_01,156,0.08447482153644388,0.0949281881567001
xgboost_network_augmented,network_augmented,xgboost_01,157,0.08446777249484035,0.09492326036598576
xgboost_network_augmented,network_augmented,xgboost_01,158,0.08445519220888258,0.09491676273021728
xgboost_network_augmented,network_augmented,xgboost_01,159,0.08444953141427879,0.09492941077739434
xgboost_network_augmented,network_augmented,xgboost_01,160,0.08444209576207758,0.0949259019885671
xgboost_network_augmented,network_augmented,xgboost_01,161,0.08443097861836403,0.09490376739198715
xgboost_network_augmented,network_augmented,xgboost_01,162,0.08442201293580179,0.09490132531325932
xgboost_network_augmented,network_augmented,xgboost_01,163,0.08441317413640262,0.09482340051255131
xgboost_network_augmented,network_augmented,xgboost_01,164,0.08440642474457045,0.09481669903610858
xgboost_network_augmented,network_augmented,xgboost_01,165,0.08439838216111382,0.09481851823566771
xgboost_network_augmented,network_augmented,xgboost_01,166,0.08439755243116082,0.09481695254577399
xgboost_network_augmented,network_augmented,xgboost_01,167,0.08439366486905145,0.09481521241423527
xgboost_network_augmented,network_augmented,xgboost_01,168,0.08438080977378709,0.0948102191512556
xgboost_network_augmented,network_augmented,xgboost_01,169,0.0843673320718334,0.09481343950475529
xgboost_network_augmented,network_augmented,xgboost_01,170,0.08435822246858737,0.09481238822635378
xgboost_network_augmented,network_augmented,xgboost_01,171,0.08435356354923684,0.09480716949467934
xgboost_network_augmented,network_augmented,xgboost_01,172,0.08434167387915412,0.09481087938562359
xgboost_network_augmented,network_augmented,xgboost_01,173,0.08433735044414659,0.09480911489753616
xgboost_network_augmented,network_augmented,xgboost_01,174,0.08433233040146029,0.09478361666193018
xgboost_network_augmented,network_augmented,xgboost_01,175,0.08432860984307587,0.09477757436555165
xgboost_network_augmented,network_augmented,xgboost_01,176,0.0843165115527942,0.09469521307066907
xgboost_network_augmented,network_augmented,xgboost_01,177,0.0843096097360981,0.09468698814530856
xgboost_network_augmented,network_augmented,xgboost_01,178,0.0843027919949648,0.09470662835101361
xgboost_network_augmented,network_augmented,xgboost_01,179,0.08429000716053345,0.09467749521316807
xgboost_network_augmented,network_augmented,xgboost_01,180,0.08428603243865039,0.09467980302261009
xgboost_network_augmented,network_augmented,xgboost_01,181,0.0842778799650433,0.09468034812700425
xgboost_network_augmented,network_augmented,xgboost_01,182,0.0842685849805834,0.09464998230606875
xgboost_network_augmented,network_augmented,xgboost_01,183,0.08426970936480575,0.09465620096515664
xgboost_network_augmented,network_augmented,xgboost_01,184,0.08426464277743227,0.09464926247545533
xgboost_network_augmented,network_augmented,xgboost_01,185,0.08425947037503424,0.09462740624767021
xgboost_network_augmented,network_augmented,xgboost_01,186,0.08425493600366026,0.09462900213189679
xgboost_network_augmented,network_augmented,xgboost_01,187,0.0842520641657802,0.09462407217327812
xgboost_network_augmented,network_augmented,xgboost_01,188,0.08424169694743054,0.09461143082563124
xgboost_network_augmented,network_augmented,xgboost_01,189,0.08423577299610037,0.09460577816270048
xgboost_network_augmented,network_augmented,xgboost_01,190,0.08423084485373862,0.09460426169914077
xgboost_network_augmented,network_augmented,xgboost_01,191,0.08421613026172513,0.09458649475533636
xgboost_network_augmented,network_augmented,xgboost_01,192,0.0842072148932272,0.09458634641140835
xgboost_network_augmented,network_augmented,xgboost_01,193,0.08420529189416807,0.09453615775152084
xgboost_network_augmented,network_augmented,xgboost_01,194,0.08419925762885222,0.09453541100732726
xgboost_network_augmented,network_augmented,xgboost_01,195,0.08419118866649675,0.09453527065429489
xgboost_network_augmented,network_augmented,xgboost_01,196,0.08418634114181729,0.09452758627061264
xgboost_network_augmented,network_augmented,xgboost_01,197,0.08418289990009667,0.09452321364744036
xgboost_network_augmented,network_augmented,xgboost_01,198,0.08418411094345915,0.09452171388726197
xgboost_network_augmented,network_augmented,xgboost_01,199,0.08418294516593534,0.09453331887083165
xgboost_network_augmented,network_augmented,xgboost_01,200,0.08417846054612009,0.09453412760445253
xgboost_network_augmented,network_augmented,xgboost_01,201,0.08417000537145289,0.09452813417273542
xgboost_network_augmented,network_augmented,xgboost_01,202,0.0841699997197646,0.09452898317223636
xgboost_network_augmented,network_augmented,xgboost_01,203,0.08415830904207387,0.09453577769293163
xgboost_network_augmented,network_augmented,xgboost_01,204,0.08414150140943931,0.09454048370238183
xgboost_network_augmented,network_augmented,xgboost_01,205,0.0841433192462596,0.09453775042557415
xgboost_network_augmented,network_augmented,xgboost_01,206,0.08413398210054514,0.09451344015879332
xgboost_network_augmented,network_augmented,xgboost_01,207,0.0841273428146631,0.09452031822309755
xgboost_network_augmented,network_augmented,xgboost_01,208,0.08412526475269369,0.09451747102644618
xgboost_network_augmented,network_augmented,xgboost_01,209,0.08411580599103136,0.0944979331622983
xgboost_network_augmented,network_augmented,xgboost_01,210,0.08410284638477913,0.09449959402636389
xgboost_network_augmented,network_augmented,xgboost_01,211,0.08409663009880787,0.0944865150076283
xgboost_network_augmented,network_augmented,xgboost_01,212,0.08408538367159253,0.09448293263316034
xgboost_network_augmented,network_augmented,xgboost_01,213,0.08408506056610353,0.09449698868624967
xgboost_network_augmented,network_augmented,xgboost_01,214,0.08407796727988036,0.09449718072912662
xgboost_network_augmented,network_augmented,xgboost_01,215,0.08407159093116334,0.09449621171136795
xgboost_network_augmented,network_augmented,xgboost_01,216,0.0840651871402579,0.09449552214829943
xgboost_network_augmented,network_augmented,xgboost_01,217,0.08406138343700884,0.09451072718491804
xgboost_network_augmented,network_augmented,xgboost_01,218,0.08405729676375898,0.09449566919697572
xgboost_network_augmented,network_augmented,xgboost_01,219,0.08405179049017387,0.09449279341628071
xgboost_network_augmented,network_augmented,xgboost_01,220,0.08405231044657947,0.09448869803764687
xgboost_network_augmented,network_augmented,xgboost_01,221,0.0840472459497333,0.09448613145667345
xgboost_network_augmented,network_augmented,xgboost_01,222,0.08404785382113619,0.09448694512571476
xgboost_network_augmented,network_augmented,xgboost_01,223,0.0840440108856218,0.09448708299329804
xgboost_network_augmented,network_augmented,xgboost_01,224,0.08404158147699556,0.09449009610113593
xgboost_network_augmented,network_augmented,xgboost_01,225,0.08403460445491256,0.09447624771831326
xgboost_network_augmented,network_augmented,xgboost_01,226,0.084031500836964,0.09447474367121782
xgboost_network_augmented,network_augmented,xgboost_01,227,0.08402506665751701,0.09447172945065692
xgboost_network_augmented,network_augmented,xgboost_01,228,0.08401887350348866,0.09446894112853556
xgboost_network_augmented,network_augmented,xgboost_01,229,0.08401350403455494,0.09447043882736826
xgboost_network_augmented,network_augmented,xgboost_01,230,0.08400931835066586,0.09449231899863061
xgboost_network_augmented,network_augmented,xgboost_01,231,0.08399857575142647,0.0944721397272726
xgboost_network_augmented,network_augmented,xgboost_01,232,0.08399291153339913,0.09446965333168103
xgboost_network_augmented,network_augmented,xgboost_01,233,0.08398617900400439,0.09448489716254212
xgboost_network_augmented,network_augmented,xgboost_01,234,0.08398448733147636,0.09447792119879729
xgboost_network_augmented,network_augmented,xgboost_01,235,0.08397418651339962,0.09446441168964675
xgboost_network_augmented,network_augmented,xgboost_01,236,0.08396545212549959,0.09446146741342955
xgboost_network_augmented,network_augmented,xgboost_01,237,0.0839606724632404,0.09445660576780437
xgboost_network_augmented,network_augmented,xgboost_01,238,0.08395536837998112,0.0944770287385373
xgboost_network_augmented,network_augmented,xgboost_01,239,0.08395235961159915,0.09446719859278303
xgboost_network_augmented,network_augmented,xgboost_01,240,0.08394745638947974,0.09445573488416606
xgboost_network_augmented,network_augmented,xgboost_01,241,0.08393726092112362,0.09443107058969448
xgboost_network_augmented,network_augmented,xgboost_01,242,0.0839239407176583,0.09444136050391753
xgboost_network_augmented,network_augmented,xgboost_01,243,0.08392093418398107,0.09443556502657502
xgboost_network_augmented,network_augmented,xgboost_01,244,0.0839135217977587,0.0944345769254163
xgboost_network_augmented,network_augmented,xgboost_01,245,0.0839072341200751,0.09442954725573467
xgboost_network_augmented,network_augmented,xgboost_01,246,0.08389755835425677,0.09443273748548095
xgboost_network_augmented,network_augmented,xgboost_01,247,0.08389683156715541,0.09444164191840924
xgboost_network_augmented,network_augmented,xgboost_01,248,0.0838949488286526,0.09444882651658844
xgboost_network_augmented,network_augmented,xgboost_01,249,0.08389442766279384,0.09444346419826545
xgboost_network_augmented,network_augmented,xgboost_01,250,0.08387969972382216,0.09445329260711378
xgboost_network_augmented,network_augmented,xgboost_01,251,0.08387517690821795,0.09445624777475298
xgboost_network_augmented,network_augmented,xgboost_01,252,0.08387008049423672,0.09445783740461378
xgboost_network_augmented,network_augmented,xgboost_01,253,0.08386119740191804,0.09439654242729238
xgboost_network_augmented,network_augmented,xgboost_01,254,0.08385475117933888,0.09438951662418792
xgboost_network_augmented,network_augmented,xgboost_01,255,0.08385298329504096,0.09439420548183293
xgboost_network_augmented,network_augmented,xgboost_01,256,0.08385284797549816,0.09441477868032537
xgboost_network_augmented,network_augmented,xgboost_01,257,0.08385117902203179,0.09441577689903957
xgboost_network_augmented,network_augmented,xgboost_01,258,0.08384202204490541,0.09439543383112003
xgboost_network_augmented,network_augmented,xgboost_01,259,0.08384231291339678,0.09439554864480271
xgboost_network_augmented,network_augmented,xgboost_01,260,0.08383458801549001,0.09439386055588037
xgboost_network_augmented,network_augmented,xgboost_01,261,0.08382755453818552,0.09440766869764487
xgboost_network_augmented,network_augmented,xgboost_01,262,0.08382878122511303,0.09440929121814838
xgboost_network_augmented,network_augmented,xgboost_01,263,0.08382910287468404,0.09441673372598756
xgboost_network_augmented,network_augmented,xgboost_01,264,0.08382378875079674,0.09441690656975431
xgboost_network_augmented,network_augmented,xgboost_01,265,0.08382314371848634,0.09441127866992484
xgboost_network_augmented,network_augmented,xgboost_01,266,0.08382070544380701,0.09441363622884115
xgboost_network_augmented,network_augmented,xgboost_01,267,0.08382428874018079,0.0944158774520412
xgboost_network_augmented,network_augmented,xgboost_01,268,0.0838228540092825,0.09442617997942325
xgboost_network_augmented,network_augmented,xgboost_01,269,0.08381903794246688,0.09442208988321495
xgboost_network_augmented,network_augmented,xgboost_01,270,0.08381250466715622,0.0944162505413188
xgboost_network_augmented,network_augmented,xgboost_01,271,0.08381489019649652,0.09441805775791932
xgboost_network_augmented,network_augmented,xgboost_01,272,0.08380998779986877,0.09440476978858357
xgboost_network_augmented,network_augmented,xgboost_01,273,0.08381018043732015,0.0944050343394799
xgboost_network_augmented,network_augmented,xgboost_01,274,0.08380652147254265,0.09438714046038257
xgboost_network_augmented,network_augmented,xgboost_01,275,0.0837993899889055,0.09440753654549133
xgboost_network_augmented,network_augmented,xgboost_01,276,0.08379346957129113,0.09442475405674007
xgboost_network_augmented,network_augmented,xgboost_01,277,0.0837924766501743,0.09442557266960115
xgboost_network_augmented,network_augmented,xgboost_01,278,0.08378932519361325,0.09441999548516876
xgboost_network_augmented,network_augmented,xgboost_01,279,0.0837825459866991,0.0944265701044198
xgboost_network_augmented,network_augmented,xgboost_01,280,0.0837762197199662,0.09442473673945558
xgboost_network_augmented,network_augmented,xgboost_01,281,0.08376879019980389,0.0944085975622249
xgboost_network_augmented,network_augmented,xgboost_01,282,0.08376308089144249,0.09440526979735833
xgboost_network_augmented,network_augmented,xgboost_01,283,0.08375319525781363,0.09437110460229065
xgboost_network_augmented,network_augmented,xgboost_01,284,0.0837524597201877,0.09437319638714273
xgboost_network_augmented,network_augmented,xgboost_01,285,0.08374845076461085,0.09438801199290037
xgboost_network_augmented,network_augmented,xgboost_01,286,0.08373613862468224,0.09438954194014054
xgboost_network_augmented,network_augmented,xgboost_01,287,0.08373613502909442,0.0943834987862783
xgboost_network_augmented,network_augmented,xgboost_01,288,0.08373767656057565,0.0944076488506581
xgboost_network_augmented,network_augmented,xgboost_01,289,0.08373444759440725,0.09440956010347437
xgboost_network_augmented,network_augmented,xgboost_01,290,0.08373320398828621,0.09441765507805763
xgboost_network_augmented,network_augmented,xgboost_01,291,0.08372920572579207,0.09442056230483618
xgboost_network_augmented,network_augmented,xgboost_01,292,0.08372484405325607,0.09440262106794206
xgboost_network_augmented,network_augmented,xgboost_01,293,0.08371815563889884,0.09440106337558819
xgboost_network_augmented,network_augmented,xgboost_01,294,0.08371246649560357,0.09439520002841079
xgboost_network_augmented,network_augmented,xgboost_01,295,0.08370875471870982,0.09439786736208929
xgboost_network_augmented,network_augmented,xgboost_01,296,0.08371124713608444,0.09440555360277535
xgboost_network_augmented,network_augmented,xgboost_01,297,0.0837091214613233,0.09440348134686383
xgboost_network_augmented,network_augmented,xgboost_01,298,0.08370476746657296,0.09440422470788304
xgboost_network_augmented,network_augmented,xgboost_01,299,0.08369779685976782,0.09440590689470998
xgboost_network_augmented,network_augmented,xgboost_01,300,0.08369350122478918,0.09441269088916601
xgboost_network_augmented,network_augmented,xgboost_01,301,0.08369117093267067,0.09441473661310272
xgboost_network_augmented,network_augmented,xgboost_01,302,0.0836852639708623,0.09441431548029208
xgboost_network_augmented,network_augmented,xgboost_01,303,0.08368158322181397,0.09440964430223096
xgboost_network_augmented,network_augmented,xgboost_01,304,0.08368046920635791,0.0944037409222235
xgboost_network_augmented,network_augmented,xgboost_01,305,0.08367580546980868,0.09441077614862255
xgboost_network_augmented,network_augmented,xgboost_01,306,0.08367207675467228,0.09441128859630157
xgboost_network_augmented,network_augmented,xgboost_01,307,0.08366853072182447,0.09441260568524798
xgboost_network_augmented,network_augmented,xgboost_01,308,0.08366034486667798,0.09440980848002171
xgboost_network_augmented,network_augmented,xgboost_01,309,0.08365335123005184,0.09439081608670438
xgboost_network_augmented,network_augmented,xgboost_01,310,0.08365014454878782,0.0943829428382255
xgboost_network_augmented,network_augmented,xgboost_01,311,0.08364758925029088,0.09438351246025997
xgboost_network_augmented,network_augmented,xgboost_01,312,0.0836508840235314,0.09440755806444595
xgboost_network_augmented,network_augmented,xgboost_01,313,0.08365292372242274,0.09440243557766972
xgboost_network_augmented,network_augmented,xgboost_02,1,0.11148781388262068,0.13199206864365273
xgboost_network_augmented,network_augmented,xgboost_02,2,0.10985933869617065,0.12950612900048789
xgboost_network_augmented,network_augmented,xgboost_02,3,0.10816009463982897,0.1271166457696949
xgboost_network_augmented,network_augmented,xgboost_02,4,0.10660413390075617,0.12494926460975873
xgboost_network_augmented,network_augmented,xgboost_02,5,0.10523143275190219,0.12301491078268649
xgboost_network_augmented,network_augmented,xgboost_02,6,0.10391439830357868,0.12111019180065402
xgboost_network_augmented,network_augmented,xgboost_02,7,0.10270250749336095,0.11935353391238539
xgboost_network_augmented,network_augmented,xgboost_02,8,0.10158501763314381,0.1178246381046843
xgboost_network_augmented,network_augmented,xgboost_02,9,0.10054577805276474,0.11647312457827824
xgboost_network_augmented,network_augmented,xgboost_02,10,0.09960375234027614,0.11509216501697074
xgboost_network_augmented,network_augmented,xgboost_02,11,0.09874633385456512,0.11408323406930454
xgboost_network_augmented,network_augmented,xgboost_02,12,0.09795953398301309,0.11288528523783589
xgboost_network_augmented,network_augmented,xgboost_02,13,0.09721587747466641,0.11198380566593864
xgboost_network_augmented,network_augmented,xgboost_02,14,0.09651395822637426,0.11097129665291082
xgboost_network_augmented,network_augmented,xgboost_02,15,0.09587086663703978,0.11014145487529069
xgboost_network_augmented,network_augmented,xgboost_02,16,0.09529536741316752,0.1092886194668992
xgboost_network_augmented,network_augmented,xgboost_02,17,0.09474137750527532,0.10844599014667872
xgboost_network_augmented,network_augmented,xgboost_02,18,0.09423179514706435,0.10778575533115177
xgboost_network_augmented,network_augmented,xgboost_02,19,0.09374433838805986,0.10716402263696878
xgboost_network_augmented,network_augmented,xgboost_02,20,0.09329926506560089,0.1065728380470798
xgboost_network_augmented,network_augmented,xgboost_02,21,0.09287585207242555,0.10593986303027408
xgboost_network_augmented,network_augmented,xgboost_02,22,0.09249947107652144,0.10540763827872952
xgboost_network_augmented,network_augmented,xgboost_02,23,0.09212435111053781,0.10491461671190806
xgboost_network_augmented,network_augmented,xgboost_02,24,0.09177473802429004,0.10449941556432885
xgboost_network_augmented,network_augmented,xgboost_02,25,0.09147246088416576,0.10401213970669652
xgboost_network_augmented,network_augmented,xgboost_02,26,0.09118117815976627,0.10367643054580244
xgboost_network_augmented,network_augmented,xgboost_02,27,0.09090352816156076,0.10329406020812101
xgboost_network_augmented,network_augmented,xgboost_02,28,0.0906378150117715,0.1029551437934205
xgboost_network_augmented,network_augmented,xgboost_02,29,0.09037459655158803,0.10265300469541955
xgboost_network_augmented,network_augmented,xgboost_02,30,0.0901473188734233,0.10228262035215523
xgboost_network_augmented,network_augmented,xgboost_02,31,0.08993701234280159,0.10190608815764785
xgboost_network_augmented,network_augmented,xgboost_02,32,0.08973007414238193,0.10166216998723726
xgboost_network_augmented,network_augmented,xgboost_02,33,0.08953251885405869,0.10140737927427144
xgboost_network_augmented,network_augmented,xgboost_02,34,0.08933600557629635,0.10117074673844188
xgboost_network_augmented,network_augmented,xgboost_02,35,0.08916122462299265,0.10087495648511118
xgboost_network_augmented,network_augmented,xgboost_02,36,0.08900636797192388,0.10063225172910384
xgboost_network_augmented,network_augmented,xgboost_02,37,0.08883571720940338,0.10044205250605381
xgboost_network_augmented,network_augmented,xgboost_02,38,0.08869885760016664,0.10022660387211829
xgboost_network_augmented,network_augmented,xgboost_02,39,0.08854807379868022,0.1000592518885675
xgboost_network_augmented,network_augmented,xgboost_02,40,0.08841568938933689,0.09981624216973572
xgboost_network_augmented,network_augmented,xgboost_02,41,0.08828750125735625,0.09966130681418164
xgboost_network_augmented,network_augmented,xgboost_02,42,0.08816857968861896,0.09947841807569055
xgboost_network_augmented,network_augmented,xgboost_02,43,0.08804822824957675,0.0993458817854999
xgboost_network_augmented,network_augmented,xgboost_02,44,0.08793210332627277,0.09918666575071404
xgboost_network_augmented,network_augmented,xgboost_02,45,0.0878328200087787,0.09899961275044417
xgboost_network_augmented,network_augmented,xgboost_02,46,0.08772912570104624,0.09887909934590103
xgboost_network_augmented,network_augmented,xgboost_02,47,0.08763494267241792,0.09870465319359975
xgboost_network_augmented,network_augmented,xgboost_02,48,0.08754091023596634,0.09860594237183402
xgboost_network_augmented,network_augmented,xgboost_02,49,0.08746435168237301,0.09851866801865955
xgboost_network_augmented,network_augmented,xgboost_02,50,0.08738733227132962,0.0983999640878798
xgboost_network_augmented,network_augmented,xgboost_02,51,0.08730689817838588,0.09832296785589487
xgboost_network_augmented,network_augmented,xgboost_02,52,0.08724549255248669,0.09825564209742378
xgboost_network_augmented,network_augmented,xgboost_02,53,0.0871705664562753,0.09813746691817213
xgboost_network_augmented,network_augmented,xgboost_02,54,0.08711060388648917,0.09804027495954147
xgboost_network_augmented,network_augmented,xgboost_02,55,0.0870437298484864,0.0979370989407133
xgboost_network_augmented,network_augmented,xgboost_02,56,0.0869809388071945,0.09789099196918075
xgboost_network_augmented,network_augmented,xgboost_02,57,0.08690756610250835,0.09784224195796222
xgboost_network_augmented,network_augmented,xgboost_02,58,0.08683810866053192,0.09777186492761114
xgboost_network_augmented,network_augmented,xgboost_02,59,0.0867885011284064,0.0977301608541922
xgboost_network_augmented,network_augmented,xgboost_02,60,0.08673795312215725,0.09762758222269564
xgboost_network_augmented,network_augmented,xgboost_02,61,0.08669053650656075,0.09753846427906385
xgboost_network_augmented,network_augmented,xgboost_02,62,0.08663543820700877,0.09745047989340622
xgboost_network_augmented,network_augmented,xgboost_02,63,0.08656955475292005,0.09741276414767319
xgboost_network_augmented,network_augmented,xgboost_02,64,0.08651762241445951,0.0973387060966255
xgboost_network_augmented,network_augmented,xgboost_02,65,0.08647142538384178,0.09732516568007672
xgboost_network_augmented,network_augmented,xgboost_02,66,0.08643385347556184,0.09728587447766048
xgboost_network_augmented,network_augmented,xgboost_02,67,0.08637915420708069,0.09722458045522993
xgboost_network_augmented,network_augmented,xgboost_02,68,0.08633262260319721,0.0971475454756376
xgboost_network_augmented,network_augmented,xgboost_02,69,0.08629294419686517,0.09708454153104475
xgboost_network_augmented,network_augmented,xgboost_02,70,0.08624624465380386,0.09703472022920935
xgboost_network_augmented,network_augmented,xgboost_02,71,0.08621013380834529,0.09699919196288255
xgboost_network_augmented,network_augmented,xgboost_02,72,0.08617361198200331,0.09696433459405948
xgboost_network_augmented,network_augmented,xgboost_02,73,0.08614147245594925,0.09692908007777432
xgboost_network_augmented,network_augmented,xgboost_02,74,0.08610478678644014,0.09690034016390149
xgboost_network_augmented,network_augmented,xgboost_02,75,0.0860630598751699,0.09686975160543201
xgboost_network_augmented,network_augmented,xgboost_02,76,0.08601447978485564,0.09684390076450519
xgboost_network_augmented,network_augmented,xgboost_02,77,0.08598156220196027,0.09683116000478638
xgboost_network_augmented,network_augmented,xgboost_02,78,0.08595424384934264,0.09678883303778199
xgboost_network_augmented,network_augmented,xgboost_02,79,0.0859191994761845,0.09677293583129425
xgboost_network_augmented,network_augmented,xgboost_02,80,0.08589215817690712,0.09672948620237609
xgboost_network_augmented,network_augmented,xgboost_02,81,0.0858640691628676,0.09670752916095944
xgboost_network_augmented,network_augmented,xgboost_02,82,0.08583346223131157,0.09668754055135294
xgboost_network_augmented,network_augmented,xgboost_02,83,0.08579621029667191,0.09663263810599199
xgboost_network_augmented,network_augmented,xgboost_02,84,0.08576574406977974,0.09659841362407501
xgboost_network_augmented,network_augmented,xgboost_02,85,0.08573873212395182,0.0965855760436652
xgboost_network_augmented,network_augmented,xgboost_02,86,0.08570431811763426,0.09654475211796798
xgboost_network_augmented,network_augmented,xgboost_02,87,0.08567755301003324,0.09649573806821217
xgboost_network_augmented,network_augmented,xgboost_02,88,0.08564634666795007,0.0964741947778499
xgboost_network_augmented,network_augmented,xgboost_02,89,0.08562238611640052,0.09645266312519624
xgboost_network_augmented,network_augmented,xgboost_02,90,0.08559561453544141,0.09642997936734639
xgboost_network_augmented,network_augmented,xgboost_02,91,0.08557000121801875,0.09642772793607868
xgboost_network_augmented,network_augmented,xgboost_02,92,0.08554671877872307,0.0963920124415707
xgboost_network_augmented,network_augmented,xgboost_02,93,0.08551047418167738,0.09635445102923915
xgboost_network_augmented,network_augmented,xgboost_02,94,0.08547892687984998,0.0963326172277869
xgboost_network_augmented,network_augmented,xgboost_02,95,0.08545935308376362,0.0963043156140749
xgboost_network_augmented,network_augmented,xgboost_02,96,0.0854355789545989,0.09628163032742187
xgboost_network_augmented,network_augmented,xgboost_02,97,0.08541405873163234,0.09625075872850111
xgboost_network_augmented,network_augmented,xgboost_02,98,0.085395278057738,0.0962352652801232
xgboost_network_augmented,network_augmented,xgboost_02,99,0.08537342554207275,0.09618716841937917
xgboost_network_augmented,network_augmented,xgboost_02,100,0.08534993166538583,0.09618372228189646
xgboost_network_augmented,network_augmented,xgboost_02,101,0.08532836973277616,0.09613860510781093
xgboost_network_augmented,network_augmented,xgboost_02,102,0.08529659833173542,0.0961322719781592
xgboost_network_augmented,network_augmented,xgboost_02,103,0.08527695780278403,0.0960676472964785
xgboost_network_augmented,network_augmented,xgboost_02,104,0.08525093732299757,0.09602946144872057
xgboost_network_augmented,network_augmented,xgboost_02,105,0.08523446791314392,0.09600426918736861
xgboost_network_augmented,network_augmented,xgboost_02,106,0.08521944046328182,0.09597994378900918
xgboost_network_augmented,network_augmented,xgboost_02,107,0.08520054652140496,0.09596760566427207
xgboost_network_augmented,network_augmented,xgboost_02,108,0.08517876399067655,0.09595428365446314
xgboost_network_augmented,network_augmented,xgboost_02,109,0.08515908940762869,0.09593440953046405
xgboost_network_augmented,network_augmented,xgboost_02,110,0.08513670878975985,0.0959032639722706
xgboost_network_augmented,network_augmented,xgboost_02,111,0.08511741731296502,0.09588615083509121
xgboost_network_augmented,network_augmented,xgboost_02,112,0.08509660275377003,0.09582891181584707
xgboost_network_augmented,network_augmented,xgboost_02,113,0.08508306245366212,0.09581321937922498
xgboost_network_augmented,network_augmented,xgboost_02,114,0.0850608972351593,0.09578917691037049
xgboost_network_augmented,network_augmented,xgboost_02,115,0.08504500984393235,0.0957668857526865
xgboost_network_augmented,network_augmented,xgboost_02,116,0.08503175454004298,0.09574951021634329
xgboost_network_augmented,network_augmented,xgboost_02,117,0.08502005349250259,0.0957284179506233
xgboost_network_augmented,network_augmented,xgboost_02,118,0.08500783618673277,0.09571730886830594
xgboost_network_augmented,network_augmented,xgboost_02,119,0.08498865867039936,0.09564694122940719
xgboost_network_augmented,network_augmented,xgboost_02,120,0.08497222007839947,0.0956337249178782
xgboost_network_augmented,network_augmented,xgboost_02,121,0.0849578820856967,0.095622686016214
xgboost_network_augmented,network_augmented,xgboost_02,122,0.08494139487042938,0.09557031955833746
xgboost_network_augmented,network_augmented,xgboost_02,123,0.0849303935823684,0.09555029455067905
xgboost_network_augmented,network_augmented,xgboost_02,124,0.08491929998724068,0.0955324902042881
xgboost_network_augmented,network_augmented,xgboost_02,125,0.08490642805617156,0.09551975736877173
xgboost_network_augmented,network_augmented,xgboost_02,126,0.08489399379433497,0.09551864523021385
xgboost_network_augmented,network_augmented,xgboost_02,127,0.08487267934945775,0.09550863977492574
xgboost_network_augmented,network_augmented,xgboost_02,128,0.08485927529709301,0.09550670073913611
xgboost_network_augmented,network_augmented,xgboost_02,129,0.0848408370015451,0.09547608569256891
xgboost_network_augmented,network_augmented,xgboost_02,130,0.08482341298038738,0.09545497505839472
xgboost_network_augmented,network_augmented,xgboost_02,131,0.08480958033910811,0.09545262934416152
xgboost_network_augmented,network_augmented,xgboost_02,132,0.08480025527188556,0.09543613895477028
xgboost_network_augmented,network_augmented,xgboost_02,133,0.08479036347549244,0.09542503695597032
xgboost_network_augmented,network_augmented,xgboost_02,134,0.08477583408744278,0.09533223977179811
xgboost_network_augmented,network_augmented,xgboost_02,135,0.08476118125731842,0.09532422594601224
xgboost_network_augmented,network_augmented,xgboost_02,136,0.08474905875483157,0.09532708165481905
xgboost_network_augmented,network_augmented,xgboost_02,137,0.08473858803909945,0.09531763982833101
xgboost_network_augmented,network_augmented,xgboost_02,138,0.08472690493964545,0.09531346754770065
xgboost_network_augmented,network_augmented,xgboost_02,139,0.08471234861846706,0.09530885634184895
xgboost_network_augmented,network_augmented,xgboost_02,140,0.08469912642106356,0.09530627653932933
xgboost_network_augmented,network_augmented,xgboost_02,141,0.08468787944491478,0.09522163151450097
xgboost_network_augmented,network_augmented,xgboost_02,142,0.08467842926823331,0.09521073360797903
xgboost_network_augmented,network_augmented,xgboost_02,143,0.0846672963483031,0.09519997353757421
xgboost_network_augmented,network_augmented,xgboost_02,144,0.0846589553839025,0.09518567837665938
xgboost_network_augmented,network_augmented,xgboost_02,145,0.08464997865107916,0.09517770220180438
xgboost_network_augmented,network_augmented,xgboost_02,146,0.08463251703281031,0.0951454938855837
xgboost_network_augmented,network_augmented,xgboost_02,147,0.08461836962058573,0.09513849746972435
xgboost_network_augmented,network_augmented,xgboost_02,148,0.08460623374637383,0.09513343613231719
xgboost_network_augmented,network_augmented,xgboost_02,149,0.08459509322894712,0.09513101705408526
xgboost_network_augmented,network_augmented,xgboost_02,150,0.08458807274340858,0.09512273697986114
xgboost_network_augmented,network_augmented,xgboost_02,151,0.08458042474601907,0.09510575102544144
xgboost_network_augmented,network_augmented,xgboost_02,152,0.08457005513034002,0.09510197073508539
xgboost_network_augmented,network_augmented,xgboost_02,153,0.08455879355622091,0.09509757668171556
xgboost_network_augmented,network_augmented,xgboost_02,154,0.08454974252553689,0.09508084331265905
xgboost_network_augmented,network_augmented,xgboost_02,155,0.08454055407683812,0.09507467249238623
xgboost_network_augmented,network_augmented,xgboost_02,156,0.08453212949486598,0.09507256666987408
xgboost_network_augmented,network_augmented,xgboost_02,157,0.08451978429283925,0.0950685945938862
xgboost_network_augmented,network_augmented,xgboost_02,158,0.08451271241348575,0.09506025652179632
xgboost_network_augmented,network_augmented,xgboost_02,159,0.08449953450373543,0.09506049966405757
xgboost_network_augmented,network_augmented,xgboost_02,160,0.08448986533104687,0.09505630266645954
xgboost_network_augmented,network_augmented,xgboost_02,161,0.08447555403207993,0.09502941219787757
xgboost_network_augmented,network_augmented,xgboost_02,162,0.0844655673930417,0.09502618749515536
xgboost_network_augmented,network_augmented,xgboost_02,163,0.08445312462768705,0.0950173119080289
xgboost_network_augmented,network_augmented,xgboost_02,164,0.08444589482808637,0.09502008347825341
xgboost_network_augmented,network_augmented,xgboost_02,165,0.08443752619408164,0.09502036989034567
xgboost_network_augmented,network_augmented,xgboost_02,166,0.08443047925874425,0.09501163603587263
xgboost_network_augmented,network_augmented,xgboost_02,167,0.0844162332646811,0.0949877336693243
xgboost_network_augmented,network_augmented,xgboost_02,168,0.08440730003022164,0.09496720218390371
xgboost_network_augmented,network_augmented,xgboost_02,169,0.08439883365139575,0.09496633347406179
xgboost_network_augmented,network_augmented,xgboost_02,170,0.08439182119395999,0.09495718347159164
xgboost_network_augmented,network_augmented,xgboost_02,171,0.08438650784166708,0.094960706698238
xgboost_network_augmented,network_augmented,xgboost_02,172,0.08438128462463138,0.09495836801411751
xgboost_network_augmented,network_augmented,xgboost_02,173,0.08437278299808498,0.0949547314093215
xgboost_network_augmented,network_augmented,xgboost_02,174,0.08436311811343303,0.09495604251882345
xgboost_network_augmented,network_augmented,xgboost_02,175,0.08435319706244725,0.09488928694062879
xgboost_network_augmented,network_augmented,xgboost_02,176,0.08434767487812805,0.09487896271715404
xgboost_network_augmented,network_augmented,xgboost_02,177,0.08433914823513076,0.09487742193966907
xgboost_network_augmented,network_augmented,xgboost_02,178,0.08433300197971791,0.0948800600409259
xgboost_network_augmented,network_augmented,xgboost_02,179,0.08432008845658052,0.09485111350419524
xgboost_network_augmented,network_augmented,xgboost_02,180,0.0843140447332446,0.09483083110650695
xgboost_network_augmented,network_augmented,xgboost_02,181,0.08430846085288062,0.0948343022447794
xgboost_network_augmented,network_augmented,xgboost_02,182,0.0843071711342134,0.09483182002202445
xgboost_network_augmented,network_augmented,xgboost_02,183,0.08429862904000801,0.09478178042364338
xgboost_network_augmented,network_augmented,xgboost_02,184,0.08429627003729497,0.0947830061681357
xgboost_network_augmented,network_augmented,xgboost_02,185,0.08428868121033276,0.09476531524602802
xgboost_network_augmented,network_augmented,xgboost_02,186,0.08428078599818789,0.09476910879303195
xgboost_network_augmented,network_augmented,xgboost_02,187,0.0842729046886154,0.09476617937610465
xgboost_network_augmented,network_augmented,xgboost_02,188,0.08426762181887577,0.09476299910244618
xgboost_network_augmented,network_augmented,xgboost_02,189,0.08426075787223783,0.0947605300441972
xgboost_network_augmented,network_augmented,xgboost_02,190,0.08425275950399959,0.09476579846843108
xgboost_network_augmented,network_augmented,xgboost_02,191,0.0842436808366035,0.09474246347665803
xgboost_network_augmented,network_augmented,xgboost_02,192,0.08423937670445648,0.09475087786968639
xgboost_network_augmented,network_augmented,xgboost_02,193,0.0842343663844315,0.09473441755164679
xgboost_network_augmented,network_augmented,xgboost_02,194,0.0842292518066244,0.094736274264112
xgboost_network_augmented,network_augmented,xgboost_02,195,0.08422161613301796,0.09473623643880104
xgboost_network_augmented,network_augmented,xgboost_02,196,0.08421510441146277,0.09473465397845673
xgboost_network_augmented,network_augmented,xgboost_02,197,0.08421403761806591,0.09473088368179741
xgboost_network_augmented,network_augmented,xgboost_02,198,0.08420775382757503,0.09473064942665269
xgboost_network_augmented,network_augmented,xgboost_02,199,0.08419833423543331,0.09472616007963995
xgboost_network_augmented,network_augmented,xgboost_02,200,0.08419340196170111,0.09466952488311753
xgboost_network_augmented,network_augmented,xgboost_02,201,0.08418687228261021,0.09464256402690789
xgboost_network_augmented,network_augmented,xgboost_02,202,0.08418257239140366,0.0946356986826974
xgboost_network_augmented,network_augmented,xgboost_02,203,0.0841712421326829,0.09463811830162043
xgboost_network_augmented,network_augmented,xgboost_02,204,0.08416938192904014,0.09463968808825536
xgboost_network_augmented,network_augmented,xgboost_02,205,0.0841640346367348,0.09463853207536554
xgboost_network_augmented,network_augmented,xgboost_02,206,0.08416152443480125,0.09463165520351526
xgboost_network_augmented,network_augmented,xgboost_02,207,0.08415388036086696,0.0946202043142796
xgboost_network_augmented,network_augmented,xgboost_02,208,0.08414706027211856,0.09462582139564842
xgboost_network_augmented,network_augmented,xgboost_02,209,0.08413842099075255,0.09462162073105393
xgboost_network_augmented,network_augmented,xgboost_02,210,0.08412837380604937,0.09462404698695095
xgboost_network_augmented,network_augmented,xgboost_02,211,0.08412245975237355,0.09462443605300527
xgboost_network_augmented,network_augmented,xgboost_02,212,0.08411571495507913,0.09460597454151146
xgboost_network_augmented,network_augmented,xgboost_02,213,0.08411474083008029,0.09460373335592033
xgboost_network_augmented,network_augmented,xgboost_02,214,0.0841093637402976,0.09459444419412537
xgboost_network_augmented,network_augmented,xgboost_02,215,0.08410177717867517,0.09457372808268577
xgboost_network_augmented,network_augmented,xgboost_02,216,0.08409919306955328,0.09458340799378556
xgboost_network_augmented,network_augmented,xgboost_02,217,0.08409202986733721,0.09457999558625162
xgboost_network_augmented,network_augmented,xgboost_02,218,0.08408436160397846,0.09457119463129715
xgboost_network_augmented,network_augmented,xgboost_02,219,0.08407920627163211,0.0945841607350998
xgboost_network_augmented,network_augmented,xgboost_02,220,0.08406734969708123,0.09458249483833199
xgboost_network_augmented,network_augmented,xgboost_02,221,0.08406315576646094,0.09457696495402937
xgboost_network_augmented,network_augmented,xgboost_02,222,0.08405303519021957,0.09458079989944373
xgboost_network_augmented,network_augmented,xgboost_02,223,0.08404737026517825,0.0945865100604175
xgboost_network_augmented,network_augmented,xgboost_02,224,0.08404793498311756,0.09458648070188054
xgboost_network_augmented,network_augmented,xgboost_02,225,0.08404170778034936,0.09457683000339503
xgboost_network_augmented,network_augmented,xgboost_02,226,0.08403246950651352,0.09457838264537048
xgboost_network_augmented,network_augmented,xgboost_02,227,0.08402464721696161,0.0946008252178773
xgboost_network_augmented,network_augmented,xgboost_02,228,0.0840192956091143,0.09457700210112588
xgboost_network_augmented,network_augmented,xgboost_02,229,0.08401423885857642,0.09456114966055257
xgboost_network_augmented,network_augmented,xgboost_02,230,0.08400903016656469,0.09456686916684504
xgboost_network_augmented,network_augmented,xgboost_02,231,0.08399956914841002,0.09457326301248555
xgboost_network_augmented,network_augmented,xgboost_02,232,0.0839938868402254,0.09457047028936669
xgboost_network_augmented,network_augmented,xgboost_02,233,0.08398673540927788,0.09455839289596255
xgboost_network_augmented,network_augmented,xgboost_02,234,0.08398257149536525,0.09455516347143865
xgboost_network_augmented,network_augmented,xgboost_02,235,0.08397872192498158,0.09455514995829785
xgboost_network_augmented,network_augmented,xgboost_02,236,0.08397846623836641,0.0945573963305371
xgboost_network_augmented,network_augmented,xgboost_02,237,0.08396760211863537,0.09456136854881211
xgboost_network_augmented,network_augmented,xgboost_02,238,0.0839617976871585,0.09455832261012972
xgboost_network_augmented,network_augmented,xgboost_02,239,0.08395715079968523,0.09454886139661219
xgboost_network_augmented,network_augmented,xgboost_02,240,0.08395829930839054,0.09455017103585553
xgboost_network_augmented,network_augmented,xgboost_02,241,0.08395433386487004,0.09454647354194427
xgboost_network_augmented,network_augmented,xgboost_02,242,0.0839514440261198,0.09457399825486412
xgboost_network_augmented,network_augmented,xgboost_02,243,0.08394601784644164,0.09455742015742664
xgboost_network_augmented,network_augmented,xgboost_02,244,0.08394519319658315,0.09455326212218303
xgboost_network_augmented,network_augmented,xgboost_02,245,0.08393981174091227,0.09453638292260359
xgboost_network_augmented,network_augmented,xgboost_02,246,0.08392886498907777,0.09454143250709343
xgboost_network_augmented,network_augmented,xgboost_02,247,0.0839249766962709,0.09453161655532702
xgboost_network_augmented,network_augmented,xgboost_02,248,0.08392423792944413,0.09452933090632268
xgboost_network_augmented,network_augmented,xgboost_02,249,0.0839162635239068,0.09453486781083434
xgboost_network_augmented,network_augmented,xgboost_02,250,0.0839120428575403,0.09453713770495467
xgboost_network_augmented,network_augmented,xgboost_02,251,0.08390826272466469,0.09454430575620572
xgboost_network_augmented,network_augmented,xgboost_02,252,0.08390200846159311,0.09452636697179019
xgboost_network_augmented,network_augmented,xgboost_02,253,0.083897727309929,0.09451988275551626
xgboost_network_augmented,network_augmented,xgboost_02,254,0.08389866867954153,0.09452478802111162
xgboost_network_augmented,network_augmented,xgboost_02,255,0.0838979210051027,0.09452103628897442
xgboost_network_augmented,network_augmented,xgboost_02,256,0.08389337162408086,0.09452164341388593
xgboost_network_augmented,network_augmented,xgboost_02,257,0.08389103194436082,0.09453323172992814
xgboost_network_augmented,network_augmented,xgboost_02,258,0.08388201869718637,0.09451110642789483
xgboost_network_augmented,network_augmented,xgboost_02,259,0.08388254784889677,0.09451108474910223
xgboost_network_augmented,network_augmented,xgboost_02,260,0.08387813207194426,0.09449947653417291
xgboost_network_augmented,network_augmented,xgboost_02,261,0.0838723847868437,0.0945199259185379
xgboost_network_augmented,network_augmented,xgboost_02,262,0.08386949872577634,0.09451951259158693
xgboost_network_augmented,network_augmented,xgboost_02,263,0.08386217062345326,0.094518192005135
xgboost_network_augmented,network_augmented,xgboost_02,264,0.08385742086628536,0.09451588412574037
xgboost_network_augmented,network_augmented,xgboost_02,265,0.0838527389206799,0.09450049823816219
xgboost_network_augmented,network_augmented,xgboost_02,266,0.08384879900011208,0.09450632257095949
xgboost_network_augmented,network_augmented,xgboost_02,267,0.08384281125375358,0.09450349132325422
xgboost_network_augmented,network_augmented,xgboost_02,268,0.08383317667317101,0.09451036330055246
xgboost_network_augmented,network_augmented,xgboost_02,269,0.0838271203098608,0.09451136672233734
xgboost_network_augmented,network_augmented,xgboost_02,270,0.0838173386240221,0.09449454580381891
xgboost_network_augmented,network_augmented,xgboost_02,271,0.0838122280631102,0.09451514594058805
xgboost_network_augmented,network_augmented,xgboost_02,272,0.08380594935466991,0.0944997590305483
xgboost_network_augmented,network_augmented,xgboost_02,273,0.08380385343573687,0.09450118923425646
xgboost_network_augmented,network_augmented,xgboost_02,274,0.08379742563142316,0.09450370542790808
xgboost_network_augmented,network_augmented,xgboost_02,275,0.08379308680572534,0.09449891520954688
xgboost_network_augmented,network_augmented,xgboost_02,276,0.08378914012813918,0.09450553992302076
xgboost_network_augmented,network_augmented,xgboost_02,277,0.08378763657526293,0.09451746886330564
xgboost_network_augmented,network_augmented,xgboost_02,278,0.08378879758223277,0.09451640881813621
xgboost_network_augmented,network_augmented,xgboost_02,279,0.08378508387352424,0.09452865958772425
xgboost_network_augmented,network_augmented,xgboost_02,280,0.08378139628205254,0.094527572895622
xgboost_network_augmented,network_augmented,xgboost_02,281,0.08377704551009316,0.09452100329352815
xgboost_network_augmented,network_augmented,xgboost_02,282,0.08377439516046412,0.094516920448197
xgboost_network_augmented,network_augmented,xgboost_02,283,0.08376683517006736,0.09452183201717511
xgboost_network_augmented,network_augmented,xgboost_02,284,0.08376224995110343,0.09452045728965364
xgboost_network_augmented,network_augmented,xgboost_02,285,0.08375813208970068,0.0945226774017053
xgboost_network_augmented,network_augmented,xgboost_02,286,0.08375927811178954,0.09452326386201179
xgboost_network_augmented,network_augmented,xgboost_02,287,0.08375353611433756,0.09451766827151627
xgboost_network_augmented,network_augmented,xgboost_02,288,0.08374980885424645,0.09453681808542713
xgboost_network_augmented,network_augmented,xgboost_02,289,0.08374620096564823,0.09453042310236709
xgboost_network_augmented,network_augmented,xgboost_02,290,0.08374254419329424,0.09452974260041909
xgboost_network_augmented,network_augmented,xgboost_02,291,0.08374369712608837,0.0945318358992815
xgboost_network_augmented,network_augmented,xgboost_02,292,0.08373767726223304,0.0945363329848339
xgboost_network_augmented,network_augmented,xgboost_02,293,0.0837376744233434,0.0945374318837933
xgboost_network_augmented,network_augmented,xgboost_02,294,0.08373779263985216,0.09454678946777302
xgboost_network_augmented,network_augmented,xgboost_02,295,0.0837338155985816,0.09454200626698822
xgboost_network_augmented,network_augmented,xgboost_02,296,0.08373138044446599,0.09453966579556582
xgboost_network_augmented,network_augmented,xgboost_02,297,0.08373192525605203,0.0945404036552755
xgboost_network_augmented,network_augmented,xgboost_02,298,0.08372913366290696,0.09455183211679931
xgboost_network_augmented,network_augmented,xgboost_02,299,0.08372501207437821,0.09455051568588389
xgboost_network_augmented,network_augmented,xgboost_02,300,0.08372176787319259,0.09455304918654021
xgboost_network_augmented,network_augmented,xgboost_03,1,0.11163715133743281,0.13203770521492156
xgboost_network_augmented,network_augmented,xgboost_03,2,0.1097991792447426,0.12950208320584902
xgboost_network_augmented,network_augmented,xgboost_03,3,0.10812022053241853,0.127107333308413
xgboost_network_augmented,network_augmented,xgboost_03,4,0.10656805994876518,0.12493761483695709
xgboost_network_augmented,network_augmented,xgboost_03,5,0.10515476557090696,0.12299694673233823
xgboost_network_augmented,network_augmented,xgboost_03,6,0.10386707700823944,0.12112411150581175
xgboost_network_augmented,network_augmented,xgboost_03,7,0.10265872046447612,0.11935597422600057
xgboost_network_augmented,network_augmented,xgboost_03,8,0.1016000295918037,0.11799685561447545
xgboost_network_augmented,network_augmented,xgboost_03,9,0.10055305277116715,0.11664415853791794
xgboost_network_augmented,network_augmented,xgboost_03,10,0.09959723216482688,0.1152255078525691
xgboost_network_augmented,network_augmented,xgboost_03,11,0.09871705765140747,0.11395179776572366
xgboost_network_augmented,network_augmented,xgboost_03,12,0.09790452919203635,0.11271505910757293
xgboost_network_augmented,network_augmented,xgboost_03,13,0.09717931474259603,0.11168462297817607
xgboost_network_augmented,network_augmented,xgboost_03,14,0.09648574945522519,0.11089406683258757
xgboost_network_augmented,network_augmented,xgboost_03,15,0.09584858650498793,0.11005669304551194
xgboost_network_augmented,network_augmented,xgboost_03,16,0.09523927467576197,0.10924440324141009
xgboost_network_augmented,network_augmented,xgboost_03,17,0.09470891025548091,0.10846398486460558
xgboost_network_augmented,network_augmented,xgboost_03,18,0.09420937283766861,0.10768356115134403
xgboost_network_augmented,network_augmented,xgboost_03,19,0.09371410245772258,0.10704756298273309
xgboost_network_augmented,network_augmented,xgboost_03,20,0.09325111930099356,0.10650674023460269
xgboost_network_augmented,network_augmented,xgboost_03,21,0.09284484371084428,0.105976583051016
xgboost_network_augmented,network_augmented,xgboost_03,22,0.09244779037491888,0.10547338881106015
xgboost_network_augmented,network_augmented,xgboost_03,23,0.09209135757359227,0.10498430987381008
xgboost_network_augmented,network_augmented,xgboost_03,24,0.09175277291726194,0.1044665580430616
xgboost_network_augmented,network_augmented,xgboost_03,25,0.09143401097722566,0.10405957732670063
xgboost_network_augmented,network_augmented,xgboost_03,26,0.09112575372019854,0.10367615527372724
xgboost_network_augmented,network_augmented,xgboost_03,27,0.0908420149195178,0.10333381205027968
xgboost_network_augmented,network_augmented,xgboost_03,28,0.09057828786727451,0.10290032427475661
xgboost_network_augmented,network_augmented,xgboost_03,29,0.09033695063735327,0.10256290413902616
xgboost_network_augmented,network_augmented,xgboost_03,30,0.09011344638975557,0.10225604386840491
xgboost_network_augmented,network_augmented,xgboost_03,31,0.0898973911113142,0.10192536153696574
xgboost_network_augmented,network_augmented,xgboost_03,32,0.0896754288753979,0.10165605035924281
xgboost_network_augmented,network_augmented,xgboost_03,33,0.08947339795997554,0.10141641664400101
xgboost_network_augmented,network_augmented,xgboost_03,34,0.08929353312905336,0.10113340044946485
xgboost_network_augmented,network_augmented,xgboost_03,35,0.08911846974324682,0.10086362722567609
xgboost_network_augmented,network_augmented,xgboost_03,36,0.0889495389507269,0.10066507168180377
xgboost_network_augmented,network_augmented,xgboost_03,37,0.08882966900025711,0.10045465579320852
xgboost_network_augmented,network_augmented,xgboost_03,38,0.08867193496711359,0.10025434299018737
xgboost_network_augmented,network_augmented,xgboost_03,39,0.08853889041042498,0.10004491296965769
xgboost_network_augmented,network_augmented,xgboost_03,40,0.08841262363007117,0.09980348703174527
xgboost_network_augmented,network_augmented,xgboost_03,41,0.0882938993757187,0.09961387597832783
xgboost_network_augmented,network_augmented,xgboost_03,42,0.0881680168508843,0.09948132463353153
xgboost_network_augmented,network_augmented,xgboost_03,43,0.08804369484486249,0.09934087564697623
xgboost_network_augmented,network_augmented,xgboost_03,44,0.08794642966461981,0.09920693411625825
xgboost_network_augmented,network_augmented,xgboost_03,45,0.08783213382921039,0.09906430463866352
xgboost_network_augmented,network_augmented,xgboost_03,46,0.08772051040862258,0.09894711052619552
xgboost_network_augmented,network_augmented,xgboost_03,47,0.08762134328144962,0.09876664588911097
xgboost_network_augmented,network_augmented,xgboost_03,48,0.08753552810686567,0.09864180441933255
xgboost_network_augmented,network_augmented,xgboost_03,49,0.08746687344242365,0.09849537481480014
xgboost_network_augmented,network_augmented,xgboost_03,50,0.0873732032696064,0.09838763965943899
xgboost_network_augmented,network_augmented,xgboost_03,51,0.08729175962931139,0.09826561647331547
xgboost_network_augmented,network_augmented,xgboost_03,52,0.08721062721074778,0.09815853185297815
xgboost_network_augmented,network_augmented,xgboost_03,53,0.08714536426472597,0.09803627915193999
xgboost_network_augmented,network_augmented,xgboost_03,54,0.08708200870775239,0.09796034564049873
xgboost_network_augmented,network_augmented,xgboost_03,55,0.08702201809700973,0.09790408813997227
xgboost_network_augmented,network_augmented,xgboost_03,56,0.08695086445122382,0.09780473467830089
xgboost_network_augmented,network_augmented,xgboost_03,57,0.08688069331767398,0.09775542700970348
xgboost_network_augmented,network_augmented,xgboost_03,58,0.08683251319307092,0.09765056618508756
xgboost_network_augmented,network_augmented,xgboost_03,59,0.08677489653314817,0.0975940265413336
xgboost_network_augmented,network_augmented,xgboost_03,60,0.08671697488211887,0.09752968967882075
xgboost_network_augmented,network_augmented,xgboost_03,61,0.08666905179120118,0.09748568262243969
xgboost_network_augmented,network_augmented,xgboost_03,62,0.08662628243265483,0.09742300163855208
xgboost_network_augmented,network_augmented,xgboost_03,63,0.08656303206151329,0.09736078340113404
xgboost_network_augmented,network_augmented,xgboost_03,64,0.08650586024063238,0.09732191200982511
xgboost_network_augmented,network_augmented,xgboost_03,65,0.0864549528206828,0.09730671043786687
xgboost_network_augmented,network_augmented,xgboost_03,66,0.08641317274821304,0.09724014275804461
xgboost_network_augmented,network_augmented,xgboost_03,67,0.0863755193018446,0.09717831835812636
xgboost_network_augmented,network_augmented,xgboost_03,68,0.08634221171559316,0.0971239102286758
xgboost_network_augmented,network_augmented,xgboost_03,69,0.08629243921595145,0.0970711369845434
xgboost_network_augmented,network_augmented,xgboost_03,70,0.08625603448399606,0.09703443234773604
xgboost_network_augmented,network_augmented,xgboost_03,71,0.08621991954370042,0.09699753407744455
xgboost_network_augmented,network_augmented,xgboost_03,72,0.0861767945073368,0.09693850947012188
xgboost_network_augmented,network_augmented,xgboost_03,73,0.08613820976866769,0.0969267682347741
xgboost_network_augmented,network_augmented,xgboost_03,74,0.08610939625501532,0.09690135488240731
xgboost_network_augmented,network_augmented,xgboost_03,75,0.0860792429662308,0.09687521206727759
xgboost_network_augmented,network_augmented,xgboost_03,76,0.0860414868387329,0.09683176695606997
xgboost_network_augmented,network_augmented,xgboost_03,77,0.08598900541425192,0.09677736205434351
xgboost_network_augmented,network_augmented,xgboost_03,78,0.08594908150577912,0.09674017640240144
xgboost_network_augmented,network_augmented,xgboost_03,79,0.0859043138196446,0.09671593592250824
xgboost_network_augmented,network_augmented,xgboost_03,80,0.08587463173661294,0.09670326721536461
xgboost_network_augmented,network_augmented,xgboost_03,81,0.08584109113887164,0.0966743045901587
xgboost_network_augmented,network_augmented,xgboost_03,82,0.08581119263967867,0.09661877380656689
xgboost_network_augmented,network_augmented,xgboost_03,83,0.08577950883365225,0.09658433568283668
xgboost_network_augmented,network_augmented,xgboost_03,84,0.08575039189757122,0.09653956465599117
xgboost_network_augmented,network_augmented,xgboost_03,85,0.08571875496879401,0.09641470722886732
xgboost_network_augmented,network_augmented,xgboost_03,86,0.08568518056113397,0.09637537948122286
xgboost_network_augmented,network_augmented,xgboost_03,87,0.08564962399271459,0.09633267820691285
xgboost_network_augmented,network_augmented,xgboost_03,88,0.08562824656147847,0.09631028437219999
xgboost_network_augmented,network_augmented,xgboost_03,89,0.08560016258657636,0.09629246801125889
xgboost_network_augmented,network_augmented,xgboost_03,90,0.0855786780254454,0.09627016482962254
xgboost_network_augmented,network_augmented,xgboost_03,91,0.08554888503730368,0.09625565029303637
xgboost_network_augmented,network_augmented,xgboost_03,92,0.08550965817268318,0.09623697847000044
xgboost_network_augmented,network_augmented,xgboost_03,93,0.08548652417843126,0.0962245249933968
xgboost_network_augmented,network_augmented,xgboost_03,94,0.08545708360881259,0.09620561797035436
xgboost_network_augmented,network_augmented,xgboost_03,95,0.08543332820772473,0.09617001097561581
xgboost_network_augmented,network_augmented,xgboost_03,96,0.08540885941900665,0.09614488059901295
xgboost_network_augmented,network_augmented,xgboost_03,97,0.0853891853965083,0.0961137609074923
xgboost_network_augmented,network_augmented,xgboost_03,98,0.08536883597196637,0.0961034286024844
xgboost_network_augmented,network_augmented,xgboost_03,99,0.08534711531299803,0.09606578202747929
xgboost_network_augmented,network_augmented,xgboost_03,100,0.08532120176328632,0.09605654689004081
xgboost_network_augmented,network_augmented,xgboost_03,101,0.08530791098392972,0.09602825135029706
xgboost_network_augmented,network_augmented,xgboost_03,102,0.08528160738493944,0.09598784058368962
xgboost_network_augmented,network_augmented,xgboost_03,103,0.08526221674141099,0.09595620387161961
xgboost_network_augmented,network_augmented,xgboost_03,104,0.08524226032992482,0.0959470058511905
xgboost_network_augmented,network_augmented,xgboost_03,105,0.08522608968988184,0.09593520985848812
xgboost_network_augmented,network_augmented,xgboost_03,106,0.0852070801644869,0.0958168821987018
xgboost_network_augmented,network_augmented,xgboost_03,107,0.08518943616525454,0.09579838276210796
xgboost_network_augmented,network_augmented,xgboost_03,108,0.0851761063087941,0.09576290799022776
xgboost_network_augmented,network_augmented,xgboost_03,109,0.08515070434784155,0.09575706156945266
xgboost_network_augmented,network_augmented,xgboost_03,110,0.08512980464816916,0.09569433165182856
xgboost_network_augmented,network_augmented,xgboost_03,111,0.08511568215835365,0.09568088447572562
xgboost_network_augmented,network_augmented,xgboost_03,112,0.08509495243096823,0.09560402940436225
xgboost_network_augmented,network_augmented,xgboost_03,113,0.08507807806501724,0.0955811625535589
xgboost_network_augmented,network_augmented,xgboost_03,114,0.08506112902296181,0.09555929263875436
xgboost_network_augmented,network_augmented,xgboost_03,115,0.08504649300438695,0.09554156817010417
xgboost_network_augmented,network_augmented,xgboost_03,116,0.08503309920733645,0.09553913437499482
xgboost_network_augmented,network_augmented,xgboost_03,117,0.0850173958464012,0.09548064116561561
xgboost_network_augmented,network_augmented,xgboost_03,118,0.08499739391316219,0.09548019408389398
xgboost_network_augmented,network_augmented,xgboost_03,119,0.08498332240674807,0.09546734051128779
xgboost_network_augmented,network_augmented,xgboost_03,120,0.08496964829408384,0.09546310088308527
xgboost_network_augmented,network_augmented,xgboost_03,121,0.08495987514841695,0.09545957221718411
xgboost_network_augmented,network_augmented,xgboost_03,122,0.08493706722478543,0.09542345595560484
xgboost_network_augmented,network_augmented,xgboost_03,123,0.0849226910491436,0.09540365167227415
xgboost_network_augmented,network_augmented,xgboost_03,124,0.08489875349179954,0.0953906783615968
xgboost_network_augmented,network_augmented,xgboost_03,125,0.08488078918633479,0.09537759972734985
xgboost_network_augmented,network_augmented,xgboost_03,126,0.08486236307310097,0.09536453882446178
xgboost_network_augmented,network_augmented,xgboost_03,127,0.08485340258983315,0.09534378821359463
xgboost_network_augmented,network_augmented,xgboost_03,128,0.08483799155797171,0.09533464116743744
xgboost_network_augmented,network_augmented,xgboost_03,129,0.08482508956150382,0.09533073851365588
xgboost_network_augmented,network_augmented,xgboost_03,130,0.08480907323005032,0.09530424635916515
xgboost_network_augmented,network_augmented,xgboost_03,131,0.08479558050908975,0.09529464576330182
xgboost_network_augmented,network_augmented,xgboost_03,132,0.08478255133240699,0.09528768630900158
xgboost_network_augmented,network_augmented,xgboost_03,133,0.0847648529113331,0.09526331360273987
xgboost_network_augmented,network_augmented,xgboost_03,134,0.08475383971029382,0.09525920859020144
xgboost_network_augmented,network_augmented,xgboost_03,135,0.08472112440069171,0.09525269258723239
xgboost_network_augmented,network_augmented,xgboost_03,136,0.08470376256664265,0.09523140330598218
xgboost_network_augmented,network_augmented,xgboost_03,137,0.08469313016242981,0.095152951532774
xgboost_network_augmented,network_augmented,xgboost_03,138,0.08467801337394264,0.09510458140664213
xgboost_network_augmented,network_augmented,xgboost_03,139,0.08466394442850572,0.09508692873871263
xgboost_network_augmented,network_augmented,xgboost_03,140,0.08465371636479992,0.09508608402399757
xgboost_network_augmented,network_augmented,xgboost_03,141,0.08464382746802489,0.0950858253220427
xgboost_network_augmented,network_augmented,xgboost_03,142,0.08462217904672403,0.09503881924487685
xgboost_network_augmented,network_augmented,xgboost_03,143,0.0846044477902756,0.0950230522351288
xgboost_network_augmented,network_augmented,xgboost_03,144,0.08459615704776327,0.09500678634449794
xgboost_network_augmented,network_augmented,xgboost_03,145,0.08458810531760264,0.09499593580041123
xgboost_network_augmented,network_augmented,xgboost_03,146,0.08457465346385093,0.09499570907984038
xgboost_network_augmented,network_augmented,xgboost_03,147,0.0845591357931585,0.09498953760705256
xgboost_network_augmented,network_augmented,xgboost_03,148,0.0845449826849181,0.09497094384562196
xgboost_network_augmented,network_augmented,xgboost_03,149,0.08453142805749976,0.09495661449956491
xgboost_network_augmented,network_augmented,xgboost_03,150,0.08451861845554999,0.09493758902267105
xgboost_network_augmented,network_augmented,xgboost_03,151,0.08450647784244238,0.09493705716138554
xgboost_network_augmented,network_augmented,xgboost_03,152,0.08449735463433782,0.09493666581159137
xgboost_network_augmented,network_augmented,xgboost_03,153,0.08448863795744849,0.09493612448288348
xgboost_network_augmented,network_augmented,xgboost_03,154,0.08448893064637902,0.09493334487262099
xgboost_network_augmented,network_augmented,xgboost_03,155,0.0844804154100388,0.0949340022561064
xgboost_network_augmented,network_augmented,xgboost_03,156,0.08447482153644388,0.0949281881567001
xgboost_network_augmented,network_augmented,xgboost_03,157,0.08446777249484035,0.09492326036598576
xgboost_network_augmented,network_augmented,xgboost_03,158,0.08445519220888258,0.09491676273021728
xgboost_network_augmented,network_augmented,xgboost_03,159,0.08444953141427879,0.09492941077739434
xgboost_network_augmented,network_augmented,xgboost_03,160,0.08444209576207758,0.0949259019885671
xgboost_network_augmented,network_augmented,xgboost_03,161,0.08443097861836403,0.09490376739198715
xgboost_network_augmented,network_augmented,xgboost_03,162,0.08442201293580179,0.09490132531325932
xgboost_network_augmented,network_augmented,xgboost_03,163,0.08441317413640262,0.09482340051255131
xgboost_network_augmented,network_augmented,xgboost_03,164,0.08440642474457045,0.09481669903610858
xgboost_network_augmented,network_augmented,xgboost_03,165,0.08439838216111382,0.09481851823566771
xgboost_network_augmented,network_augmented,xgboost_03,166,0.08439755243116082,0.09481695254577399
xgboost_network_augmented,network_augmented,xgboost_03,167,0.08439366486905145,0.09481521241423527
xgboost_network_augmented,network_augmented,xgboost_03,168,0.08438080977378709,0.0948102191512556
xgboost_network_augmented,network_augmented,xgboost_03,169,0.0843673320718334,0.09481343950475529
xgboost_network_augmented,network_augmented,xgboost_03,170,0.08435822246858737,0.09481238822635378
xgboost_network_augmented,network_augmented,xgboost_03,171,0.08435356354923684,0.09480716949467934
xgboost_network_augmented,network_augmented,xgboost_03,172,0.08434167387915412,0.09481087938562359
xgboost_network_augmented,network_augmented,xgboost_03,173,0.08433735044414659,0.09480911489753616
xgboost_network_augmented,network_augmented,xgboost_03,174,0.08433233040146029,0.09478361666193018
xgboost_network_augmented,network_augmented,xgboost_03,175,0.08432860984307587,0.09477757436555165
xgboost_network_augmented,network_augmented,xgboost_03,176,0.0843165115527942,0.09469521307066907
xgboost_network_augmented,network_augmented,xgboost_03,177,0.0843096097360981,0.09468698814530856
xgboost_network_augmented,network_augmented,xgboost_03,178,0.0843027919949648,0.09470662835101361
xgboost_network_augmented,network_augmented,xgboost_03,179,0.08429000716053345,0.09467749521316807
xgboost_network_augmented,network_augmented,xgboost_03,180,0.08428603243865039,0.09467980302261009
xgboost_network_augmented,network_augmented,xgboost_03,181,0.0842778799650433,0.09468034812700425
xgboost_network_augmented,network_augmented,xgboost_03,182,0.0842685849805834,0.09464998230606875
xgboost_network_augmented,network_augmented,xgboost_03,183,0.08426970936480575,0.09465620096515664
xgboost_network_augmented,network_augmented,xgboost_03,184,0.08426464277743227,0.09464926247545533
xgboost_network_augmented,network_augmented,xgboost_03,185,0.08425947037503424,0.09462740624767021
xgboost_network_augmented,network_augmented,xgboost_03,186,0.08425493600366026,0.09462900213189679
xgboost_network_augmented,network_augmented,xgboost_03,187,0.0842520641657802,0.09462407217327812
xgboost_network_augmented,network_augmented,xgboost_03,188,0.08424169694743054,0.09461143082563124
xgboost_network_augmented,network_augmented,xgboost_03,189,0.08423577299610037,0.09460577816270048
xgboost_network_augmented,network_augmented,xgboost_03,190,0.08423084485373862,0.09460426169914077
xgboost_network_augmented,network_augmented,xgboost_03,191,0.08421613026172513,0.09458649475533636
xgboost_network_augmented,network_augmented,xgboost_03,192,0.0842072148932272,0.09458634641140835
xgboost_network_augmented,network_augmented,xgboost_03,193,0.08420529189416807,0.09453615775152084
xgboost_network_augmented,network_augmented,xgboost_03,194,0.08419925762885222,0.09453541100732726
xgboost_network_augmented,network_augmented,xgboost_03,195,0.08419118866649675,0.09453527065429489
xgboost_network_augmented,network_augmented,xgboost_03,196,0.08418634114181729,0.09452758627061264
xgboost_network_augmented,network_augmented,xgboost_03,197,0.08418289990009667,0.09452321364744036
xgboost_network_augmented,network_augmented,xgboost_03,198,0.08418411094345915,0.09452171388726197
xgboost_network_augmented,network_augmented,xgboost_03,199,0.08418294516593534,0.09453331887083165
xgboost_network_augmented,network_augmented,xgboost_03,200,0.08417846054612009,0.09453412760445253
xgboost_network_augmented,network_augmented,xgboost_03,201,0.08417000537145289,0.09452813417273542
xgboost_network_augmented,network_augmented,xgboost_03,202,0.0841699997197646,0.09452898317223636
xgboost_network_augmented,network_augmented,xgboost_03,203,0.08415830904207387,0.09453577769293163
xgboost_network_augmented,network_augmented,xgboost_03,204,0.08414150140943931,0.09454048370238183
xgboost_network_augmented,network_augmented,xgboost_03,205,0.0841433192462596,0.09453775042557415
xgboost_network_augmented,network_augmented,xgboost_03,206,0.08413398210054514,0.09451344015879332
xgboost_network_augmented,network_augmented,xgboost_03,207,0.0841273428146631,0.09452031822309755
xgboost_network_augmented,network_augmented,xgboost_03,208,0.08412526475269369,0.09451747102644618
xgboost_network_augmented,network_augmented,xgboost_03,209,0.08411580599103136,0.0944979331622983
xgboost_network_augmented,network_augmented,xgboost_03,210,0.08410284638477913,0.09449959402636389
xgboost_network_augmented,network_augmented,xgboost_03,211,0.08409663009880787,0.0944865150076283
xgboost_network_augmented,network_augmented,xgboost_03,212,0.08408538367159253,0.09448293263316034
xgboost_network_augmented,network_augmented,xgboost_03,213,0.08408506056610353,0.09449698868624967
xgboost_network_augmented,network_augmented,xgboost_03,214,0.08407796727988036,0.09449718072912662
xgboost_network_augmented,network_augmented,xgboost_03,215,0.08407159093116334,0.09449621171136795
xgboost_network_augmented,network_augmented,xgboost_03,216,0.0840651871402579,0.09449552214829943
xgboost_network_augmented,network_augmented,xgboost_03,217,0.08406138343700884,0.09451072718491804
xgboost_network_augmented,network_augmented,xgboost_03,218,0.08405729676375898,0.09449566919697572
xgboost_network_augmented,network_augmented,xgboost_03,219,0.08405179049017387,0.09449279341628071
xgboost_network_augmented,network_augmented,xgboost_03,220,0.08405231044657947,0.09448869803764687
xgboost_network_augmented,network_augmented,xgboost_03,221,0.0840472459497333,0.09448613145667345
xgboost_network_augmented,network_augmented,xgboost_03,222,0.08404785382113619,0.09448694512571476
xgboost_network_augmented,network_augmented,xgboost_03,223,0.0840440108856218,0.09448708299329804
xgboost_network_augmented,network_augmented,xgboost_03,224,0.08404158147699556,0.09449009610113593
xgboost_network_augmented,network_augmented,xgboost_03,225,0.08403460445491256,0.09447624771831326
xgboost_network_augmented,network_augmented,xgboost_03,226,0.084031500836964,0.09447474367121782
xgboost_network_augmented,network_augmented,xgboost_03,227,0.08402506665751701,0.09447172945065692
xgboost_network_augmented,network_augmented,xgboost_03,228,0.08401887350348866,0.09446894112853556
xgboost_network_augmented,network_augmented,xgboost_03,229,0.084013378518414,0.09446906847865501
xgboost_network_augmented,network_augmented,xgboost_03,230,0.08400919324824879,0.09449094764726318
xgboost_network_augmented,network_augmented,xgboost_03,231,0.08399845067043589,0.09447076862061396
xgboost_network_augmented,network_augmented,xgboost_03,232,0.08399278998446923,0.09446828350673488
xgboost_network_augmented,network_augmented,xgboost_03,233,0.0839860587811696,0.09448352807999633
xgboost_network_augmented,network_augmented,xgboost_03,234,0.08398436771532423,0.09447655322220488
xgboost_network_augmented,network_augmented,xgboost_03,235,0.08397406560630144,0.09446304248925963
xgboost_network_augmented,network_augmented,xgboost_03,236,0.08396533090524964,0.09446009775822505
xgboost_network_augmented,network_augmented,xgboost_03,237,0.08396055100122018,0.09445523511947329
xgboost_network_augmented,network_augmented,xgboost_03,238,0.08395524713932785,0.09447565708855493
xgboost_network_augmented,network_augmented,xgboost_03,239,0.08395223785875647,0.09446582491241966
xgboost_network_augmented,network_augmented,xgboost_03,240,0.0839473346928515,0.09445436001034585
xgboost_network_augmented,network_augmented,xgboost_03,241,0.08393713812506363,0.09442969595281056
xgboost_network_augmented,network_augmented,xgboost_03,242,0.08392381778359004,0.09443998501506588
xgboost_network_augmented,network_augmented,xgboost_03,243,0.08392081197720974,0.094434190672761
xgboost_network_augmented,network_augmented,xgboost_03,244,0.08391340133634355,0.09443320343460196
xgboost_network_augmented,network_augmented,xgboost_03,245,0.08390711610868286,0.09442817521461938
xgboost_network_augmented,network_augmented,xgboost_03,246,0.08389744162767154,0.09443136584477543
xgboost_network_augmented,network_augmented,xgboost_03,247,0.08389671510611421,0.09444026888140937
xgboost_network_augmented,network_augmented,xgboost_03,248,0.0838948328858195,0.0944474506092747
xgboost_network_augmented,network_augmented,xgboost_03,249,0.08389430961583122,0.09444208683147434
xgboost_network_augmented,network_augmented,xgboost_03,250,0.08387958074083486,0.09445191437005195
xgboost_network_augmented,network_augmented,xgboost_03,251,0.08387505752309275,0.09445486939026411
xgboost_network_augmented,network_augmented,xgboost_03,252,0.0838699635933506,0.09445646063806126
xgboost_network_augmented,network_augmented,xgboost_03,253,0.08386108033004129,0.09439516623440149
xgboost_network_augmented,network_augmented,xgboost_03,254,0.08385463518959019,0.09438814380381551
xgboost_network_augmented,network_augmented,xgboost_03,255,0.08385286966921798,0.09439283420016739
xgboost_network_augmented,network_augmented,xgboost_03,256,0.08385273415692705,0.09441340316063439
xgboost_network_augmented,network_augmented,xgboost_03,257,0.08385106524294321,0.0944144010486407
xgboost_network_augmented,network_augmented,xgboost_03,258,0.08384190699009803,0.0943940586378746
xgboost_network_augmented,network_augmented,xgboost_03,259,0.08384219814510852,0.09439417306518816
xgboost_network_augmented,network_augmented,xgboost_03,260,0.08383447564717936,0.09439248648739279
xgboost_network_augmented,network_augmented,xgboost_03,261,0.08382744262290069,0.0944062945775077
xgboost_network_augmented,network_augmented,xgboost_03,262,0.08382866965906192,0.09440791721484962
xgboost_network_augmented,network_augmented,xgboost_03,263,0.08382899004453019,0.09441535941153757
xgboost_network_augmented,network_augmented,xgboost_03,264,0.08382367613869955,0.09441553271212749
xgboost_network_augmented,network_augmented,xgboost_03,265,0.08382303005935,0.09440990314070627
xgboost_network_augmented,network_augmented,xgboost_03,266,0.08382059529133253,0.09441226245094528
xgboost_network_augmented,network_augmented,xgboost_03,267,0.08382417624893865,0.09441450132057823
xgboost_network_augmented,network_augmented,xgboost_03,268,0.08382273982405357,0.09442480178874577
xgboost_network_augmented,network_augmented,xgboost_03,269,0.08381892537349352,0.09442071162509211
xgboost_network_augmented,network_augmented,xgboost_03,270,0.08381239160711898,0.09441487171881123
xgboost_network_augmented,network_augmented,xgboost_03,271,0.08381477503287145,0.09441667863554316
xgboost_network_augmented,network_augmented,xgboost_03,272,0.08380987259682136,0.09440339228665104
xgboost_network_augmented,network_augmented,xgboost_03,273,0.08381006537619316,0.09440365679943698
xgboost_network_augmented,network_augmented,xgboost_03,274,0.08380640363930325,0.09438576246527154
xgboost_network_augmented,network_augmented,xgboost_03,275,0.08379927192665543,0.09440615624119174
xgboost_network_augmented,network_augmented,xgboost_03,276,0.08379335001968932,0.09442337451289312
xgboost_network_augmented,network_augmented,xgboost_03,277,0.08379235571343413,0.0944241912443046
xgboost_network_augmented,network_augmented,xgboost_03,278,0.08378920495302336,0.09441861412882191
xgboost_network_augmented,network_augmented,xgboost_03,279,0.08378242482290434,0.09442518955691576
xgboost_network_augmented,network_augmented,xgboost_03,280,0.0837760994326112,0.09442335615910641
xgboost_network_augmented,network_augmented,xgboost_03,281,0.0837686688845792,0.09440720227038893
xgboost_network_augmented,network_augmented,xgboost_03,282,0.08376295868148129,0.09440387290538757
xgboost_network_augmented,network_augmented,xgboost_03,283,0.08375307498701001,0.09436970917330742
xgboost_network_augmented,network_augmented,xgboost_03,284,0.08375233875868068,0.09437180019870976
xgboost_network_augmented,network_augmented,xgboost_03,285,0.08374832674501398,0.09438661292399912
xgboost_network_augmented,network_augmented,xgboost_03,286,0.08373601555486271,0.09438814290621561
xgboost_network_augmented,network_augmented,xgboost_03,287,0.08373601105930212,0.0943820989209452
xgboost_network_augmented,network_augmented,xgboost_03,288,0.08373755321868183,0.09440625063184413
xgboost_network_augmented,network_augmented,xgboost_03,289,0.08373432691701188,0.09440816277561606
xgboost_network_augmented,network_augmented,xgboost_03,290,0.08373308338681645,0.09441625831333043
xgboost_network_augmented,network_augmented,xgboost_03,291,0.083729086250477,0.09441916614460992
xgboost_network_augmented,network_augmented,xgboost_03,292,0.08372472629473855,0.09440122615783676
xgboost_network_augmented,network_augmented,xgboost_03,293,0.08371803881559346,0.09439966834826839
xgboost_network_augmented,network_augmented,xgboost_03,294,0.08371235100820376,0.09439380582033893
xgboost_network_augmented,network_augmented,xgboost_03,295,0.08370864126920399,0.09439647330395172
xgboost_network_augmented,network_augmented,xgboost_03,296,0.08371113109222784,0.09440415830429513
xgboost_network_augmented,network_augmented,xgboost_03,297,0.08370900702680077,0.0944020869517502
xgboost_network_augmented,network_augmented,xgboost_03,298,0.08370465386010004,0.09440283182878556
xgboost_network_augmented,network_augmented,xgboost_03,299,0.0836976819243108,0.09440451418008891
xgboost_network_augmented,network_augmented,xgboost_03,300,0.08369338653263718,0.09441129543786816
xgboost_network_augmented,network_augmented,xgboost_03,301,0.0836910570930342,0.09441334053686974
xgboost_network_augmented,network_augmented,xgboost_03,302,0.08368515006315459,0.09441291952867004
xgboost_network_augmented,network_augmented,xgboost_03,303,0.08368146952169044,0.09440824865561738
xgboost_network_augmented,network_augmented,xgboost_03,304,0.08368035572113124,0.09440234487281825
xgboost_network_augmented,network_augmented,xgboost_03,305,0.08367568981981431,0.09440938028701122
xgboost_network_augmented,network_augmented,xgboost_03,306,0.08367196071036428,0.09440989109030229
xgboost_network_augmented,network_augmented,xgboost_03,307,0.0836684140904547,0.09441120781569566
xgboost_network_augmented,network_augmented,xgboost_03,308,0.08366022774198735,0.09440841150104895
xgboost_network_augmented,network_augmented,xgboost_03,309,0.08365323438850987,0.0943894200740305
xgboost_network_augmented,network_augmented,xgboost_03,310,0.08365002660760344,0.0943815462478784
xgboost_network_augmented,network_augmented,xgboost_03,311,0.0836474715130193,0.09438211657119412
xgboost_network_augmented,network_augmented,xgboost_03,312,0.08365076848963732,0.09440616044499305
xgboost_network_augmented,network_augmented,xgboost_03,313,0.08365280815638891,0.0944010379939453
xgboost_network_augmented,network_augmented,xgboost_04,1,0.11148781388262068,0.13199206864365273
xgboost_network_augmented,network_augmented,xgboost_04,2,0.10985933869617065,0.12950612900048789
xgboost_network_augmented,network_augmented,xgboost_04,3,0.10816009463982897,0.1271166457696949
xgboost_network_augmented,network_augmented,xgboost_04,4,0.10660413390075617,0.12494926460975873
xgboost_network_augmented,network_augmented,xgboost_04,5,0.10523143275190219,0.12301491078268649
xgboost_network_augmented,network_augmented,xgboost_04,6,0.10391439830357868,0.12111019180065402
xgboost_network_augmented,network_augmented,xgboost_04,7,0.10270250749336095,0.11935353391238539
xgboost_network_augmented,network_augmented,xgboost_04,8,0.10158501763314381,0.1178246381046843
xgboost_network_augmented,network_augmented,xgboost_04,9,0.10054577805276474,0.11647312457827824
xgboost_network_augmented,network_augmented,xgboost_04,10,0.09960375234027614,0.11509216501697074
xgboost_network_augmented,network_augmented,xgboost_04,11,0.09874633385456512,0.11408323406930454
xgboost_network_augmented,network_augmented,xgboost_04,12,0.09795953398301309,0.11288528523783589
xgboost_network_augmented,network_augmented,xgboost_04,13,0.09721587747466641,0.11198380566593864
xgboost_network_augmented,network_augmented,xgboost_04,14,0.09651395822637426,0.11097129665291082
xgboost_network_augmented,network_augmented,xgboost_04,15,0.09587086663703978,0.11014145487529069
xgboost_network_augmented,network_augmented,xgboost_04,16,0.09529536741316752,0.1092886194668992
xgboost_network_augmented,network_augmented,xgboost_04,17,0.09474137750527532,0.10844599014667872
xgboost_network_augmented,network_augmented,xgboost_04,18,0.09423179514706435,0.10778575533115177
xgboost_network_augmented,network_augmented,xgboost_04,19,0.09374433838805986,0.10716402263696878
xgboost_network_augmented,network_augmented,xgboost_04,20,0.09329926506560089,0.1065728380470798
xgboost_network_augmented,network_augmented,xgboost_04,21,0.09287585207242555,0.10593986303027408
xgboost_network_augmented,network_augmented,xgboost_04,22,0.09249947107652144,0.10540763827872952
xgboost_network_augmented,network_augmented,xgboost_04,23,0.09212435111053781,0.10491461671190806
xgboost_network_augmented,network_augmented,xgboost_04,24,0.09177473802429004,0.10449941556432885
xgboost_network_augmented,network_augmented,xgboost_04,25,0.09147246088416576,0.10401213970669652
xgboost_network_augmented,network_augmented,xgboost_04,26,0.09118117815976627,0.10367643054580244
xgboost_network_augmented,network_augmented,xgboost_04,27,0.09090352816156076,0.10329406020812101
xgboost_network_augmented,network_augmented,xgboost_04,28,0.0906378150117715,0.1029551437934205
xgboost_network_augmented,network_augmented,xgboost_04,29,0.09037459655158803,0.10265300469541955
xgboost_network_augmented,network_augmented,xgboost_04,30,0.0901473188734233,0.10228262035215523
xgboost_network_augmented,network_augmented,xgboost_04,31,0.08993701234280159,0.10190608815764785
xgboost_network_augmented,network_augmented,xgboost_04,32,0.08973007414238193,0.10166216998723726
xgboost_network_augmented,network_augmented,xgboost_04,33,0.08953251885405869,0.10140737927427144
xgboost_network_augmented,network_augmented,xgboost_04,34,0.08933600557629635,0.10117074673844188
xgboost_network_augmented,network_augmented,xgboost_04,35,0.08916122462299265,0.10087495648511118
xgboost_network_augmented,network_augmented,xgboost_04,36,0.08900636797192388,0.10063225172910384
xgboost_network_augmented,network_augmented,xgboost_04,37,0.08883571720940338,0.10044205250605381
xgboost_network_augmented,network_augmented,xgboost_04,38,0.08869885760016664,0.10022660387211829
xgboost_network_augmented,network_augmented,xgboost_04,39,0.08854807379868022,0.1000592518885675
xgboost_network_augmented,network_augmented,xgboost_04,40,0.08841568938933689,0.09981624216973572
xgboost_network_augmented,network_augmented,xgboost_04,41,0.08828750125735625,0.09966130681418164
xgboost_network_augmented,network_augmented,xgboost_04,42,0.08816857968861896,0.09947841807569055
xgboost_network_augmented,network_augmented,xgboost_04,43,0.08804822824957675,0.0993458817854999
xgboost_network_augmented,network_augmented,xgboost_04,44,0.08793210332627277,0.09918666575071404
xgboost_network_augmented,network_augmented,xgboost_04,45,0.0878328200087787,0.09899961275044417
xgboost_network_augmented,network_augmented,xgboost_04,46,0.08772912570104624,0.09887909934590103
xgboost_network_augmented,network_augmented,xgboost_04,47,0.08763494267241792,0.09870465319359975
xgboost_network_augmented,network_augmented,xgboost_04,48,0.08754091023596634,0.09860594237183402
xgboost_network_augmented,network_augmented,xgboost_04,49,0.08746435168237301,0.09851866801865955
xgboost_network_augmented,network_augmented,xgboost_04,50,0.08738733227132962,0.0983999640878798
xgboost_network_augmented,network_augmented,xgboost_04,51,0.08730689817838588,0.09832296785589487
xgboost_network_augmented,network_augmented,xgboost_04,52,0.08724549255248669,0.09825564209742378
xgboost_network_augmented,network_augmented,xgboost_04,53,0.0871705664562753,0.09813746691817213
xgboost_network_augmented,network_augmented,xgboost_04,54,0.08711060388648917,0.09804027495954147
xgboost_network_augmented,network_augmented,xgboost_04,55,0.0870437298484864,0.0979370989407133
xgboost_network_augmented,network_augmented,xgboost_04,56,0.0869809388071945,0.09789099196918075
xgboost_network_augmented,network_augmented,xgboost_04,57,0.08690756610250835,0.09784224195796222
xgboost_network_augmented,network_augmented,xgboost_04,58,0.08683810866053192,0.09777186492761114
xgboost_network_augmented,network_augmented,xgboost_04,59,0.0867885011284064,0.0977301608541922
xgboost_network_augmented,network_augmented,xgboost_04,60,0.08673795312215725,0.09762758222269564
xgboost_network_augmented,network_augmented,xgboost_04,61,0.08669053650656075,0.09753846427906385
xgboost_network_augmented,network_augmented,xgboost_04,62,0.08663543820700877,0.09745047989340622
xgboost_network_augmented,network_augmented,xgboost_04,63,0.08656955475292005,0.09741276414767319
xgboost_network_augmented,network_augmented,xgboost_04,64,0.08651762241445951,0.0973387060966255
xgboost_network_augmented,network_augmented,xgboost_04,65,0.08647142538384178,0.09732516568007672
xgboost_network_augmented,network_augmented,xgboost_04,66,0.08643385347556184,0.09728587447766048
xgboost_network_augmented,network_augmented,xgboost_04,67,0.08637915420708069,0.09722458045522993
xgboost_network_augmented,network_augmented,xgboost_04,68,0.08633262260319721,0.0971475454756376
xgboost_network_augmented,network_augmented,xgboost_04,69,0.08629294419686517,0.09708454153104475
xgboost_network_augmented,network_augmented,xgboost_04,70,0.08624624465380386,0.09703472022920935
xgboost_network_augmented,network_augmented,xgboost_04,71,0.08621013380834529,0.09699919196288255
xgboost_network_augmented,network_augmented,xgboost_04,72,0.08617361198200331,0.09696433459405948
xgboost_network_augmented,network_augmented,xgboost_04,73,0.08614147245594925,0.09692908007777432
xgboost_network_augmented,network_augmented,xgboost_04,74,0.08610478678644014,0.09690034016390149
xgboost_network_augmented,network_augmented,xgboost_04,75,0.0860630598751699,0.09686975160543201
xgboost_network_augmented,network_augmented,xgboost_04,76,0.08601447978485564,0.09684390076450519
xgboost_network_augmented,network_augmented,xgboost_04,77,0.08598156220196027,0.09683116000478638
xgboost_network_augmented,network_augmented,xgboost_04,78,0.08595424384934264,0.09678883303778199
xgboost_network_augmented,network_augmented,xgboost_04,79,0.0859191994761845,0.09677293583129425
xgboost_network_augmented,network_augmented,xgboost_04,80,0.08589215817690712,0.09672948620237609
xgboost_network_augmented,network_augmented,xgboost_04,81,0.0858640691628676,0.09670752916095944
xgboost_network_augmented,network_augmented,xgboost_04,82,0.08583346223131157,0.09668754055135294
xgboost_network_augmented,network_augmented,xgboost_04,83,0.08579621029667191,0.09663263810599199
xgboost_network_augmented,network_augmented,xgboost_04,84,0.08576574406977974,0.09659841362407501
xgboost_network_augmented,network_augmented,xgboost_04,85,0.08573873212395182,0.0965855760436652
xgboost_network_augmented,network_augmented,xgboost_04,86,0.08570431811763426,0.09654475211796798
xgboost_network_augmented,network_augmented,xgboost_04,87,0.08567755301003324,0.09649573806821217
xgboost_network_augmented,network_augmented,xgboost_04,88,0.08564634666795007,0.0964741947778499
xgboost_network_augmented,network_augmented,xgboost_04,89,0.08562238611640052,0.09645266312519624
xgboost_network_augmented,network_augmented,xgboost_04,90,0.08559561453544141,0.09642997936734639
xgboost_network_augmented,network_augmented,xgboost_04,91,0.08557000121801875,0.09642772793607868
xgboost_network_augmented,network_augmented,xgboost_04,92,0.08554671877872307,0.0963920124415707
xgboost_network_augmented,network_augmented,xgboost_04,93,0.08551047418167738,0.09635445102923915
xgboost_network_augmented,network_augmented,xgboost_04,94,0.08547892687984998,0.0963326172277869
xgboost_network_augmented,network_augmented,xgboost_04,95,0.08545935308376362,0.0963043156140749
xgboost_network_augmented,network_augmented,xgboost_04,96,0.0854355789545989,0.09628163032742187
xgboost_network_augmented,network_augmented,xgboost_04,97,0.08541405873163234,0.09625075872850111
xgboost_network_augmented,network_augmented,xgboost_04,98,0.085395278057738,0.0962352652801232
xgboost_network_augmented,network_augmented,xgboost_04,99,0.08537342554207275,0.09618716841937917
xgboost_network_augmented,network_augmented,xgboost_04,100,0.08534993166538583,0.09618372228189646
xgboost_network_augmented,network_augmented,xgboost_04,101,0.08532836973277616,0.09613860510781093
xgboost_network_augmented,network_augmented,xgboost_04,102,0.08529659833173542,0.0961322719781592
xgboost_network_augmented,network_augmented,xgboost_04,103,0.08527695780278403,0.0960676472964785
xgboost_network_augmented,network_augmented,xgboost_04,104,0.08525093732299757,0.09602946144872057
xgboost_network_augmented,network_augmented,xgboost_04,105,0.08523446791314392,0.09600426918736861
xgboost_network_augmented,network_augmented,xgboost_04,106,0.08521944046328182,0.09597994378900918
xgboost_network_augmented,network_augmented,xgboost_04,107,0.08520054652140496,0.09596760566427207
xgboost_network_augmented,network_augmented,xgboost_04,108,0.08517876399067655,0.09595428365446314
xgboost_network_augmented,network_augmented,xgboost_04,109,0.08515908940762869,0.09593440953046405
xgboost_network_augmented,network_augmented,xgboost_04,110,0.08513670878975985,0.0959032639722706
xgboost_network_augmented,network_augmented,xgboost_04,111,0.08511741731296502,0.09588615083509121
xgboost_network_augmented,network_augmented,xgboost_04,112,0.08509660275377003,0.09582891181584707
xgboost_network_augmented,network_augmented,xgboost_04,113,0.08508306245366212,0.09581321937922498
xgboost_network_augmented,network_augmented,xgboost_04,114,0.0850608972351593,0.09578917691037049
xgboost_network_augmented,network_augmented,xgboost_04,115,0.08504500984393235,0.0957668857526865
xgboost_network_augmented,network_augmented,xgboost_04,116,0.08503175454004298,0.09574951021634329
xgboost_network_augmented,network_augmented,xgboost_04,117,0.08502005349250259,0.0957284179506233
xgboost_network_augmented,network_augmented,xgboost_04,118,0.08500783618673277,0.09571730886830594
xgboost_network_augmented,network_augmented,xgboost_04,119,0.08498865867039936,0.09564694122940719
xgboost_network_augmented,network_augmented,xgboost_04,120,0.08497222007839947,0.0956337249178782
xgboost_network_augmented,network_augmented,xgboost_04,121,0.0849578820856967,0.095622686016214
xgboost_network_augmented,network_augmented,xgboost_04,122,0.08494139487042938,0.09557031955833746
xgboost_network_augmented,network_augmented,xgboost_04,123,0.0849303935823684,0.09555029455067905
xgboost_network_augmented,network_augmented,xgboost_04,124,0.08491929998724068,0.0955324902042881
xgboost_network_augmented,network_augmented,xgboost_04,125,0.08490642805617156,0.09551975736877173
xgboost_network_augmented,network_augmented,xgboost_04,126,0.08489399379433497,0.09551864523021385
xgboost_network_augmented,network_augmented,xgboost_04,127,0.08487267934945775,0.09550863977492574
xgboost_network_augmented,network_augmented,xgboost_04,128,0.08485927529709301,0.09550670073913611
xgboost_network_augmented,network_augmented,xgboost_04,129,0.0848408370015451,0.09547608569256891
xgboost_network_augmented,network_augmented,xgboost_04,130,0.08482341298038738,0.09545497505839472
xgboost_network_augmented,network_augmented,xgboost_04,131,0.08480958033910811,0.09545262934416152
xgboost_network_augmented,network_augmented,xgboost_04,132,0.08480025527188556,0.09543613895477028
xgboost_network_augmented,network_augmented,xgboost_04,133,0.08479036347549244,0.09542503695597032
xgboost_network_augmented,network_augmented,xgboost_04,134,0.08477583408744278,0.09533223977179811
xgboost_network_augmented,network_augmented,xgboost_04,135,0.08476118125731842,0.09532422594601224
xgboost_network_augmented,network_augmented,xgboost_04,136,0.08474905875483157,0.09532708165481905
xgboost_network_augmented,network_augmented,xgboost_04,137,0.08473858803909945,0.09531763982833101
xgboost_network_augmented,network_augmented,xgboost_04,138,0.08472690493964545,0.09531346754770065
xgboost_network_augmented,network_augmented,xgboost_04,139,0.08471234861846706,0.09530885634184895
xgboost_network_augmented,network_augmented,xgboost_04,140,0.08469912642106356,0.09530627653932933
xgboost_network_augmented,network_augmented,xgboost_04,141,0.08468787944491478,0.09522163151450097
xgboost_network_augmented,network_augmented,xgboost_04,142,0.08467842926823331,0.09521073360797903
xgboost_network_augmented,network_augmented,xgboost_04,143,0.0846672963483031,0.09519997353757421
xgboost_network_augmented,network_augmented,xgboost_04,144,0.0846589553839025,0.09518567837665938
xgboost_network_augmented,network_augmented,xgboost_04,145,0.08464997865107916,0.09517770220180438
xgboost_network_augmented,network_augmented,xgboost_04,146,0.08463251703281031,0.0951454938855837
xgboost_network_augmented,network_augmented,xgboost_04,147,0.08461836962058573,0.09513849746972435
xgboost_network_augmented,network_augmented,xgboost_04,148,0.08460623374637383,0.09513343613231719
xgboost_network_augmented,network_augmented,xgboost_04,149,0.08459509322894712,0.09513101705408526
xgboost_network_augmented,network_augmented,xgboost_04,150,0.08458807274340858,0.09512273697986114
xgboost_network_augmented,network_augmented,xgboost_04,151,0.08458042474601907,0.09510575102544144
xgboost_network_augmented,network_augmented,xgboost_04,152,0.08457005513034002,0.09510197073508539
xgboost_network_augmented,network_augmented,xgboost_04,153,0.08455879355622091,0.09509757668171556
xgboost_network_augmented,network_augmented,xgboost_04,154,0.08454974252553689,0.09508084331265905
xgboost_network_augmented,network_augmented,xgboost_04,155,0.08454055407683812,0.09507467249238623
xgboost_network_augmented,network_augmented,xgboost_04,156,0.08453212949486598,0.09507256666987408
xgboost_network_augmented,network_augmented,xgboost_04,157,0.08451978429283925,0.0950685945938862
xgboost_network_augmented,network_augmented,xgboost_04,158,0.08451271241348575,0.09506025652179632
xgboost_network_augmented,network_augmented,xgboost_04,159,0.08449953450373543,0.09506049966405757
xgboost_network_augmented,network_augmented,xgboost_04,160,0.08448986533104687,0.09505630266645954
xgboost_network_augmented,network_augmented,xgboost_04,161,0.08447555403207993,0.09502941219787757
xgboost_network_augmented,network_augmented,xgboost_04,162,0.0844655673930417,0.09502618749515536
xgboost_network_augmented,network_augmented,xgboost_04,163,0.08445312462768705,0.0950173119080289
xgboost_network_augmented,network_augmented,xgboost_04,164,0.08444589482808637,0.09502008347825341
xgboost_network_augmented,network_augmented,xgboost_04,165,0.08443752619408164,0.09502036989034567
xgboost_network_augmented,network_augmented,xgboost_04,166,0.08443047925874425,0.09501163603587263
xgboost_network_augmented,network_augmented,xgboost_04,167,0.0844162332646811,0.0949877336693243
xgboost_network_augmented,network_augmented,xgboost_04,168,0.08440730003022164,0.09496720218390371
xgboost_network_augmented,network_augmented,xgboost_04,169,0.08439883365139575,0.09496633347406179
xgboost_network_augmented,network_augmented,xgboost_04,170,0.08439182119395999,0.09495718347159164
xgboost_network_augmented,network_augmented,xgboost_04,171,0.08438650784166708,0.094960706698238
xgboost_network_augmented,network_augmented,xgboost_04,172,0.08438128462463138,0.09495836801411751
xgboost_network_augmented,network_augmented,xgboost_04,173,0.08437278299808498,0.0949547314093215
xgboost_network_augmented,network_augmented,xgboost_04,174,0.08436311811343303,0.09495604251882345
xgboost_network_augmented,network_augmented,xgboost_04,175,0.08435319706244725,0.09488928694062879
xgboost_network_augmented,network_augmented,xgboost_04,176,0.08434767487812805,0.09487896271715404
xgboost_network_augmented,network_augmented,xgboost_04,177,0.08433914823513076,0.09487742193966907
xgboost_network_augmented,network_augmented,xgboost_04,178,0.08433300197971791,0.0948800600409259
xgboost_network_augmented,network_augmented,xgboost_04,179,0.08432008845658052,0.09485111350419524
xgboost_network_augmented,network_augmented,xgboost_04,180,0.0843140447332446,0.09483083110650695
xgboost_network_augmented,network_augmented,xgboost_04,181,0.08430846085288062,0.0948343022447794
xgboost_network_augmented,network_augmented,xgboost_04,182,0.0843071711342134,0.09483182002202445
xgboost_network_augmented,network_augmented,xgboost_04,183,0.08429862904000801,0.09478178042364338
xgboost_network_augmented,network_augmented,xgboost_04,184,0.08429627003729497,0.0947830061681357
xgboost_network_augmented,network_augmented,xgboost_04,185,0.08428868121033276,0.09476531524602802
xgboost_network_augmented,network_augmented,xgboost_04,186,0.08428078599818789,0.09476910879303195
xgboost_network_augmented,network_augmented,xgboost_04,187,0.0842729046886154,0.09476617937610465
xgboost_network_augmented,network_augmented,xgboost_04,188,0.08426762181887577,0.09476299910244618
xgboost_network_augmented,network_augmented,xgboost_04,189,0.08426075787223783,0.0947605300441972
xgboost_network_augmented,network_augmented,xgboost_04,190,0.08425275950399959,0.09476579846843108
xgboost_network_augmented,network_augmented,xgboost_04,191,0.0842436808366035,0.09474246347665803
xgboost_network_augmented,network_augmented,xgboost_04,192,0.08423937670445648,0.09475087786968639
xgboost_network_augmented,network_augmented,xgboost_04,193,0.0842343663844315,0.09473441755164679
xgboost_network_augmented,network_augmented,xgboost_04,194,0.0842292518066244,0.094736274264112
xgboost_network_augmented,network_augmented,xgboost_04,195,0.08422161613301796,0.09473623643880104
xgboost_network_augmented,network_augmented,xgboost_04,196,0.08421510441146277,0.09473465397845673
xgboost_network_augmented,network_augmented,xgboost_04,197,0.08421403761806591,0.09473088368179741
xgboost_network_augmented,network_augmented,xgboost_04,198,0.08420775382757503,0.09473064942665269
xgboost_network_augmented,network_augmented,xgboost_04,199,0.08419833423543331,0.09472616007963995
xgboost_network_augmented,network_augmented,xgboost_04,200,0.08419340196170111,0.09466952488311753
xgboost_network_augmented,network_augmented,xgboost_04,201,0.08418687228261021,0.09464256402690789
xgboost_network_augmented,network_augmented,xgboost_04,202,0.08418257239140366,0.0946356986826974
xgboost_network_augmented,network_augmented,xgboost_04,203,0.0841712421326829,0.09463811830162043
xgboost_network_augmented,network_augmented,xgboost_04,204,0.08416938192904014,0.09463968808825536
xgboost_network_augmented,network_augmented,xgboost_04,205,0.0841640346367348,0.09463853207536554
xgboost_network_augmented,network_augmented,xgboost_04,206,0.08416152443480125,0.09463165520351526
xgboost_network_augmented,network_augmented,xgboost_04,207,0.08415388036086696,0.0946202043142796
xgboost_network_augmented,network_augmented,xgboost_04,208,0.08414706027211856,0.09462582139564842
xgboost_network_augmented,network_augmented,xgboost_04,209,0.08413842099075255,0.09462162073105393
xgboost_network_augmented,network_augmented,xgboost_04,210,0.08412837380604937,0.09462404698695095
xgboost_network_augmented,network_augmented,xgboost_04,211,0.08412245975237355,0.09462443605300527
xgboost_network_augmented,network_augmented,xgboost_04,212,0.08411571495507913,0.09460597454151146
xgboost_network_augmented,network_augmented,xgboost_04,213,0.08411474083008029,0.09460373335592033
xgboost_network_augmented,network_augmented,xgboost_04,214,0.0841093637402976,0.09459444419412537
xgboost_network_augmented,network_augmented,xgboost_04,215,0.08410177717867517,0.09457372808268577
xgboost_network_augmented,network_augmented,xgboost_04,216,0.08409919306955328,0.09458340799378556
xgboost_network_augmented,network_augmented,xgboost_04,217,0.08409202986733721,0.09457999558625162
xgboost_network_augmented,network_augmented,xgboost_04,218,0.08408436160397846,0.09457119463129715
xgboost_network_augmented,network_augmented,xgboost_04,219,0.08407920627163211,0.0945841607350998
xgboost_network_augmented,network_augmented,xgboost_04,220,0.08406734969708123,0.09458249483833199
xgboost_network_augmented,network_augmented,xgboost_04,221,0.08406315576646094,0.09457696495402937
xgboost_network_augmented,network_augmented,xgboost_04,222,0.08405303519021957,0.09458079989944373
xgboost_network_augmented,network_augmented,xgboost_04,223,0.08404737026517825,0.0945865100604175
xgboost_network_augmented,network_augmented,xgboost_04,224,0.08404793498311756,0.09458648070188054
xgboost_network_augmented,network_augmented,xgboost_04,225,0.08404170778034936,0.09457683000339503
xgboost_network_augmented,network_augmented,xgboost_04,226,0.08403246950651352,0.09457838264537048
xgboost_network_augmented,network_augmented,xgboost_04,227,0.08402464721696161,0.0946008252178773
xgboost_network_augmented,network_augmented,xgboost_04,228,0.0840192956091143,0.09457700210112588
xgboost_network_augmented,network_augmented,xgboost_04,229,0.08401423885857642,0.09456114966055257
xgboost_network_augmented,network_augmented,xgboost_04,230,0.08400903016656469,0.09456686916684504
xgboost_network_augmented,network_augmented,xgboost_04,231,0.08399956914841002,0.09457326301248555
xgboost_network_augmented,network_augmented,xgboost_04,232,0.0839938868402254,0.09457047028936669
xgboost_network_augmented,network_augmented,xgboost_04,233,0.08398673540927788,0.09455839289596255
xgboost_network_augmented,network_augmented,xgboost_04,234,0.08398257149536525,0.09455516347143865
xgboost_network_augmented,network_augmented,xgboost_04,235,0.08397872192498158,0.09455514995829785
xgboost_network_augmented,network_augmented,xgboost_04,236,0.08397846623836641,0.0945573963305371
xgboost_network_augmented,network_augmented,xgboost_04,237,0.08396760211863537,0.09456136854881211
xgboost_network_augmented,network_augmented,xgboost_04,238,0.0839617976871585,0.09455832261012972
xgboost_network_augmented,network_augmented,xgboost_04,239,0.08395715079968523,0.09454886139661219
xgboost_network_augmented,network_augmented,xgboost_04,240,0.08395829930839054,0.09455017103585553
xgboost_network_augmented,network_augmented,xgboost_04,241,0.08395433386487004,0.09454647354194427
xgboost_network_augmented,network_augmented,xgboost_04,242,0.0839514440261198,0.09457399825486412
xgboost_network_augmented,network_augmented,xgboost_04,243,0.08394601784644164,0.09455742015742664
xgboost_network_augmented,network_augmented,xgboost_04,244,0.08394519319658315,0.09455326212218303
xgboost_network_augmented,network_augmented,xgboost_04,245,0.08393981174091227,0.09453638292260359
xgboost_network_augmented,network_augmented,xgboost_04,246,0.08392886498907777,0.09454143250709343
xgboost_network_augmented,network_augmented,xgboost_04,247,0.0839249766962709,0.09453161655532702
xgboost_network_augmented,network_augmented,xgboost_04,248,0.08392423792944413,0.09452933090632268
xgboost_network_augmented,network_augmented,xgboost_04,249,0.0839162635239068,0.09453486781083434
xgboost_network_augmented,network_augmented,xgboost_04,250,0.0839120428575403,0.09453713770495467
xgboost_network_augmented,network_augmented,xgboost_04,251,0.08390826272466469,0.09454430575620572
xgboost_network_augmented,network_augmented,xgboost_04,252,0.08390200846159311,0.09452636697179019
xgboost_network_augmented,network_augmented,xgboost_04,253,0.083897727309929,0.09451988275551626
xgboost_network_augmented,network_augmented,xgboost_04,254,0.08389866867954153,0.09452478802111162
xgboost_network_augmented,network_augmented,xgboost_04,255,0.0838979210051027,0.09452103628897442
xgboost_network_augmented,network_augmented,xgboost_04,256,0.08389337162408086,0.09452164341388593
xgboost_network_augmented,network_augmented,xgboost_04,257,0.08389103194436082,0.09453323172992814
xgboost_network_augmented,network_augmented,xgboost_04,258,0.08388201869718637,0.09451110642789483
xgboost_network_augmented,network_augmented,xgboost_04,259,0.08388254784889677,0.09451108474910223
xgboost_network_augmented,network_augmented,xgboost_04,260,0.08387813207194426,0.09449947653417291
xgboost_network_augmented,network_augmented,xgboost_04,261,0.0838723847868437,0.0945199259185379
xgboost_network_augmented,network_augmented,xgboost_04,262,0.08386949872577634,0.09451951259158693
xgboost_network_augmented,network_augmented,xgboost_04,263,0.08386217062345326,0.094518192005135
xgboost_network_augmented,network_augmented,xgboost_04,264,0.08385742086628536,0.09451588412574037
xgboost_network_augmented,network_augmented,xgboost_04,265,0.0838527389206799,0.09450049823816219
xgboost_network_augmented,network_augmented,xgboost_04,266,0.08384879900011208,0.09450632257095949
xgboost_network_augmented,network_augmented,xgboost_04,267,0.08384281125375358,0.09450349132325422
xgboost_network_augmented,network_augmented,xgboost_04,268,0.08383317667317101,0.09451036330055246
xgboost_network_augmented,network_augmented,xgboost_04,269,0.0838271203098608,0.09451136672233734
xgboost_network_augmented,network_augmented,xgboost_04,270,0.0838173386240221,0.09449454580381891
xgboost_network_augmented,network_augmented,xgboost_04,271,0.0838122280631102,0.09451514594058805
xgboost_network_augmented,network_augmented,xgboost_04,272,0.08380594935466991,0.0944997590305483
xgboost_network_augmented,network_augmented,xgboost_04,273,0.08380385343573687,0.09450118923425646
xgboost_network_augmented,network_augmented,xgboost_04,274,0.08379742563142316,0.09450370542790808
xgboost_network_augmented,network_augmented,xgboost_04,275,0.08379308680572534,0.09449891520954688
xgboost_network_augmented,network_augmented,xgboost_04,276,0.08378914012813918,0.09450553992302076
xgboost_network_augmented,network_augmented,xgboost_04,277,0.08378763657526293,0.09451746886330564
xgboost_network_augmented,network_augmented,xgboost_04,278,0.08378879758223277,0.09451640881813621
xgboost_network_augmented,network_augmented,xgboost_04,279,0.08378508387352424,0.09452865958772425
xgboost_network_augmented,network_augmented,xgboost_04,280,0.08378139628205254,0.094527572895622
xgboost_network_augmented,network_augmented,xgboost_04,281,0.08377704551009316,0.09452100329352815
xgboost_network_augmented,network_augmented,xgboost_04,282,0.08377439516046412,0.094516920448197
xgboost_network_augmented,network_augmented,xgboost_04,283,0.08376683517006736,0.09452183201717511
xgboost_network_augmented,network_augmented,xgboost_04,284,0.08376224995110343,0.09452045728965364
xgboost_network_augmented,network_augmented,xgboost_04,285,0.08375813208970068,0.0945226774017053
xgboost_network_augmented,network_augmented,xgboost_04,286,0.08375927811178954,0.09452326386201179
xgboost_network_augmented,network_augmented,xgboost_04,287,0.08375353611433756,0.09451766827151627
xgboost_network_augmented,network_augmented,xgboost_04,288,0.08374980885424645,0.09453681808542713
xgboost_network_augmented,network_augmented,xgboost_04,289,0.08374620096564823,0.09453042310236709
xgboost_network_augmented,network_augmented,xgboost_04,290,0.08374254419329424,0.09452974260041909
xgboost_network_augmented,network_augmented,xgboost_04,291,0.08374369712608837,0.0945318358992815
xgboost_network_augmented,network_augmented,xgboost_04,292,0.08373767726223304,0.0945363329848339
xgboost_network_augmented,network_augmented,xgboost_04,293,0.0837376744233434,0.0945374318837933
xgboost_network_augmented,network_augmented,xgboost_04,294,0.08373779263985216,0.09454678946777302
xgboost_network_augmented,network_augmented,xgboost_04,295,0.0837338155985816,0.09454200626698822
xgboost_network_augmented,network_augmented,xgboost_04,296,0.08373138044446599,0.09453966579556582
xgboost_network_augmented,network_augmented,xgboost_04,297,0.08373192525605203,0.0945404036552755
xgboost_network_augmented,network_augmented,xgboost_04,298,0.08372913366290696,0.09455183211679931
xgboost_network_augmented,network_augmented,xgboost_04,299,0.08372501207437821,0.09455051568588389
xgboost_network_augmented,network_augmented,xgboost_04,300,0.08372176787319259,0.09455304918654021
xgboost_network_augmented,network_augmented,xgboost_05,1,0.11145095645120104,0.13197045656730194
xgboost_network_augmented,network_augmented,xgboost_05,2,0.10950531304856902,0.12916049517356165
xgboost_network_augmented,network_augmented,xgboost_05,3,0.10771702186563936,0.1265382528418382
xgboost_network_augmented,network_augmented,xgboost_05,4,0.10607241763611984,0.12410669888775037
xgboost_network_augmented,network_augmented,xgboost_05,5,0.10455852350025727,0.12204387238649593
xgboost_network_augmented,network_augmented,xgboost_05,6,0.10320014808758168,0.12013366480298648
xgboost_network_augmented,network_augmented,xgboost_05,7,0.10190030730872993,0.11832111844258163
xgboost_network_augmented,network_augmented,xgboost_05,8,0.1007660044788464,0.11673267456121328
xgboost_network_augmented,network_augmented,xgboost_05,9,0.09965403313254849,0.11514846587533312
xgboost_network_augmented,network_augmented,xgboost_05,10,0.09862496757260847,0.11366975230566866
xgboost_network_augmented,network_augmented,xgboost_05,11,0.09768248530752863,0.11233358204325664
xgboost_network_augmented,network_augmented,xgboost_05,12,0.09681244559203321,0.11109691426666424
xgboost_network_augmented,network_augmented,xgboost_05,13,0.09601924624948123,0.11009915425359545
xgboost_network_augmented,network_augmented,xgboost_05,14,0.09527909349271539,0.10916191242211021
xgboost_network_augmented,network_augmented,xgboost_05,15,0.0945960961337565,0.10825038249562408
xgboost_network_augmented,network_augmented,xgboost_05,16,0.09394832762724073,0.1074166209997953
xgboost_network_augmented,network_augmented,xgboost_05,17,0.09336294269411494,0.10661166228167437
xgboost_network_augmented,network_augmented,xgboost_05,18,0.09283399894194261,0.10582753028888604
xgboost_network_augmented,network_augmented,xgboost_05,19,0.09233204841534563,0.1051755901446135
xgboost_network_augmented,network_augmented,xgboost_05,20,0.09187018365281076,0.10457104300937946
xgboost_network_augmented,network_augmented,xgboost_05,21,0.09143568995997484,0.10398695240195137
xgboost_network_augmented,network_augmented,xgboost_05,22,0.09103113559785002,0.10347120450935714
xgboost_network_augmented,network_augmented,xgboost_05,23,0.09064492608691715,0.10300039390656385
xgboost_network_augmented,network_augmented,xgboost_05,24,0.09029889526848132,0.10254508125230817
xgboost_network_augmented,network_augmented,xgboost_05,25,0.08997297874368061,0.10209145146447286
xgboost_network_augmented,network_augmented,xgboost_05,26,0.08967176505517299,0.10165105949120007
xgboost_network_augmented,network_augmented,xgboost_05,27,0.08937528676510535,0.10124153351675239
xgboost_network_augmented,network_augmented,xgboost_05,28,0.08910346020999345,0.10089989659761432
xgboost_network_augmented,network_augmented,xgboost_05,29,0.08885190402142114,0.10054633443477352
xgboost_network_augmented,network_augmented,xgboost_05,30,0.0886287999681842,0.10023769396179849
xgboost_network_augmented,network_augmented,xgboost_05,31,0.08842737443818023,0.09994962142557527
xgboost_network_augmented,network_augmented,xgboost_05,32,0.08822589211320044,0.09966524525499529
xgboost_network_augmented,network_augmented,xgboost_05,33,0.08803296825819322,0.0994433157722898
xgboost_network_augmented,network_augmented,xgboost_05,34,0.0878409876815016,0.09922382881560775
xgboost_network_augmented,network_augmented,xgboost_05,35,0.0876609160524146,0.09897697598533373
xgboost_network_augmented,network_augmented,xgboost_05,36,0.08748498357047416,0.09880764130791274
xgboost_network_augmented,network_augmented,xgboost_05,37,0.08735148227524726,0.0986169356453363
xgboost_network_augmented,network_augmented,xgboost_05,38,0.08719498780839842,0.09845908145613438
xgboost_network_augmented,network_augmented,xgboost_05,39,0.08705504749178908,0.09828106360528796
xgboost_network_augmented,network_augmented,xgboost_05,40,0.08691569624613117,0.09811834466346145
xgboost_network_augmented,network_augmented,xgboost_05,41,0.08679632492359059,0.09794572035061577
xgboost_network_augmented,network_augmented,xgboost_05,42,0.08667699507301557,0.0978102586102375
xgboost_network_augmented,network_augmented,xgboost_05,43,0.08655053314918368,0.09766040121762139
xgboost_network_augmented,network_augmented,xgboost_05,44,0.0864446598065131,0.09753098387658789
xgboost_network_augmented,network_augmented,xgboost_05,45,0.0863501715716105,0.09743055242326511
xgboost_network_augmented,network_augmented,xgboost_05,46,0.08625285313898536,0.09731775162653035
xgboost_network_augmented,network_augmented,xgboost_05,47,0.08616172909235158,0.09717356942008355
xgboost_network_augmented,network_augmented,xgboost_05,48,0.08607123393990847,0.09703339499504533
xgboost_network_augmented,network_augmented,xgboost_05,49,0.0859915289893851,0.09689897875445583
xgboost_network_augmented,network_augmented,xgboost_05,50,0.08590171045244115,0.09678361484278702
xgboost_network_augmented,network_augmented,xgboost_05,51,0.08582329913413951,0.09672301657335412
xgboost_network_augmented,network_augmented,xgboost_05,52,0.08574805935371516,0.09663260825202
xgboost_network_augmented,network_augmented,xgboost_05,53,0.08568798634297933,0.09655753125798026
xgboost_network_augmented,network_augmented,xgboost_05,54,0.08562765788441935,0.09646705253748505
xgboost_network_augmented,network_augmented,xgboost_05,55,0.08555099979331181,0.09641037902874133
xgboost_network_augmented,network_augmented,xgboost_05,56,0.08549343851894117,0.09635958726759682
xgboost_network_augmented,network_augmented,xgboost_05,57,0.08543063967103383,0.0963300411521873
xgboost_network_augmented,network_augmented,xgboost_05,58,0.08537564837919755,0.09626045855190186
xgboost_network_augmented,network_augmented,xgboost_05,59,0.08531806894461225,0.09623017965436487
xgboost_network_augmented,network_augmented,xgboost_05,60,0.08526183426116057,0.09618343519886083
xgboost_network_augmented,network_augmented,xgboost_05,61,0.08520794674406143,0.09615475211935869
xgboost_network_augmented,network_augmented,xgboost_05,62,0.08516677843563418,0.09610688060244776
xgboost_network_augmented,network_augmented,xgboost_05,63,0.08510916136264962,0.09607542206345585
xgboost_network_augmented,network_augmented,xgboost_05,64,0.08507416383411945,0.09601582919792402
xgboost_network_augmented,network_augmented,xgboost_05,65,0.08502068422181802,0.09599209595624564
xgboost_network_augmented,network_augmented,xgboost_05,66,0.08498471611172498,0.09593854150647714
xgboost_network_augmented,network_augmented,xgboost_05,67,0.0849486924255887,0.0958997353527538
xgboost_network_augmented,network_augmented,xgboost_05,68,0.08490707342209722,0.09586397912877295
xgboost_network_augmented,network_augmented,xgboost_05,69,0.0848627667825497,0.09580025978264549
xgboost_network_augmented,network_augmented,xgboost_05,70,0.0848218229285882,0.09575149656893596
xgboost_network_augmented,network_augmented,xgboost_05,71,0.08478508456808873,0.095725788688845
xgboost_network_augmented,network_augmented,xgboost_05,72,0.0847530972602774,0.09570849947190081
xgboost_network_augmented,network_augmented,xgboost_05,73,0.08471875631419995,0.0956909122386277
xgboost_network_augmented,network_augmented,xgboost_05,74,0.0846903665482489,0.0956597571586043
xgboost_network_augmented,network_augmented,xgboost_05,75,0.08465669019671725,0.09564230241232961
xgboost_network_augmented,network_augmented,xgboost_05,76,0.08462392394710841,0.09561319608012657
xgboost_network_augmented,network_augmented,xgboost_05,77,0.08459267046397742,0.09557636599596112
xgboost_network_augmented,network_augmented,xgboost_05,78,0.08457027287190433,0.09555490746059156
xgboost_network_augmented,network_augmented,xgboost_05,79,0.08452956647979301,0.09553331859960905
xgboost_network_augmented,network_augmented,xgboost_05,80,0.08450389112729347,0.0955156867701632
xgboost_network_augmented,network_augmented,xgboost_05,81,0.08447671130421988,0.09550588317393459
xgboost_network_augmented,network_augmented,xgboost_05,82,0.08445193151248913,0.09547694705776205
xgboost_network_augmented,network_augmented,xgboost_05,83,0.08442329770043568,0.09547119672342619
xgboost_network_augmented,network_augmented,xgboost_05,84,0.0844007641623056,0.09544894751336845
xgboost_network_augmented,network_augmented,xgboost_05,85,0.08437227511039094,0.09545982287007489
xgboost_network_augmented,network_augmented,xgboost_05,86,0.08433908767348623,0.0954187998598546
xgboost_network_augmented,network_augmented,xgboost_05,87,0.08432184525378304,0.09541973510842586
xgboost_network_augmented,network_augmented,xgboost_05,88,0.08430311729344911,0.09540527649619952
xgboost_network_augmented,network_augmented,xgboost_05,89,0.08428376643081852,0.09531401853601257
xgboost_network_augmented,network_augmented,xgboost_05,90,0.08424493610045072,0.09531921995654531
xgboost_network_augmented,network_augmented,xgboost_05,91,0.08422679062841096,0.09531726863567197
xgboost_network_augmented,network_augmented,xgboost_05,92,0.08419161449067177,0.09530687326399154
xgboost_network_augmented,network_augmented,xgboost_05,93,0.08416872676091636,0.09529296808766655
xgboost_network_augmented,network_augmented,xgboost_05,94,0.08414564855871802,0.09526541409694357
xgboost_network_augmented,network_augmented,xgboost_05,95,0.08412120994993413,0.09526540081885862
xgboost_network_augmented,network_augmented,xgboost_05,96,0.08410711070996742,0.0952408707832677
xgboost_network_augmented,network_augmented,xgboost_05,97,0.08408924489091513,0.09522233824003054
xgboost_network_augmented,network_augmented,xgboost_05,98,0.08405850610729657,0.09519076643045052
xgboost_network_augmented,network_augmented,xgboost_05,99,0.08404617874038567,0.09519748670308639
xgboost_network_augmented,network_augmented,xgboost_05,100,0.08403373639727131,0.09518411882792853
xgboost_network_augmented,network_augmented,xgboost_05,101,0.08401663233882996,0.0951160964752733
xgboost_network_augmented,network_augmented,xgboost_05,102,0.0840030753425506,0.09510982202182713
xgboost_network_augmented,network_augmented,xgboost_05,103,0.08398851104304392,0.09508446818973575
xgboost_network_augmented,network_augmented,xgboost_05,104,0.08396828969890031,0.09503700335640829
xgboost_network_augmented,network_augmented,xgboost_05,105,0.08395115129725535,0.09501596713677572
xgboost_network_augmented,network_augmented,xgboost_05,106,0.08392935998560802,0.0949587524411098
xgboost_network_augmented,network_augmented,xgboost_05,107,0.08391421708969445,0.09494467562325033
xgboost_network_augmented,network_augmented,xgboost_05,108,0.08390261553801903,0.09492856890340744
xgboost_network_augmented,network_augmented,xgboost_05,109,0.08389247778955894,0.09492700716395616
xgboost_network_augmented,network_augmented,xgboost_05,110,0.08387179318220975,0.09492620722179976
xgboost_network_augmented,network_augmented,xgboost_05,111,0.0838540532782464,0.09486621398910497
xgboost_network_augmented,network_augmented,xgboost_05,112,0.08384260575646563,0.09486702396758157
xgboost_network_augmented,network_augmented,xgboost_05,113,0.08383259343314407,0.09485333213244906
xgboost_network_augmented,network_augmented,xgboost_05,114,0.0838203021519341,0.09485015511559892
xgboost_network_augmented,network_augmented,xgboost_05,115,0.08380923491208192,0.09482975186410775
xgboost_network_augmented,network_augmented,xgboost_05,116,0.08379516485421291,0.09482018006515465
xgboost_network_augmented,network_augmented,xgboost_05,117,0.08378495928802125,0.09481252807091337
xgboost_network_augmented,network_augmented,xgboost_05,118,0.08376501097436422,0.09480416592484324
xgboost_network_augmented,network_augmented,xgboost_05,119,0.08375547234172676,0.09479238649285895
xgboost_network_augmented,network_augmented,xgboost_05,120,0.08374011885097654,0.09479962240466802
xgboost_network_augmented,network_augmented,xgboost_05,121,0.08373211651143458,0.09478761504210811
xgboost_network_augmented,network_augmented,xgboost_05,122,0.08371169038776037,0.09478628543615622
xgboost_network_augmented,network_augmented,xgboost_05,123,0.08370277868755586,0.09477487844256424
xgboost_network_augmented,network_augmented,xgboost_05,124,0.08368561850239241,0.09470295826386099
xgboost_network_augmented,network_augmented,xgboost_05,125,0.08366335423108953,0.09471248264885462
xgboost_network_augmented,network_augmented,xgboost_05,126,0.08364969801354734,0.0946909896141829
xgboost_network_augmented,network_augmented,xgboost_05,127,0.083642738851016,0.09470054924764869
xgboost_network_augmented,network_augmented,xgboost_05,128,0.08363288749799654,0.09468673112133896
xgboost_network_augmented,network_augmented,xgboost_05,129,0.08361964965131026,0.09467961647753252
xgboost_network_augmented,network_augmented,xgboost_05,130,0.08360822792142675,0.09467773227030375
xgboost_network_augmented,network_augmented,xgboost_05,131,0.0835956491003849,0.09466198361321415
xgboost_network_augmented,network_augmented,xgboost_05,132,0.08358238809671803,0.09465426891184175
xgboost_network_augmented,network_augmented,xgboost_05,133,0.08356742768537949,0.09463644952927353
xgboost_network_augmented,network_augmented,xgboost_05,134,0.08355674920954748,0.09460709908036176
xgboost_network_augmented,network_augmented,xgboost_05,135,0.0835446566413726,0.09459811158471741
xgboost_network_augmented,network_augmented,xgboost_05,136,0.08352518911535288,0.09460901131627557
xgboost_network_augmented,network_augmented,xgboost_05,137,0.08351550116165318,0.09457917832104402
xgboost_network_augmented,network_augmented,xgboost_05,138,0.08349691855920297,0.09457296250356184
xgboost_network_augmented,network_augmented,xgboost_05,139,0.08348631585297873,0.09458101286166352
xgboost_network_augmented,network_augmented,xgboost_05,140,0.08347355981126678,0.09456638938879354
xgboost_network_augmented,network_augmented,xgboost_05,141,0.08346846782633975,0.09457035750782009
xgboost_network_augmented,network_augmented,xgboost_05,142,0.08345863733592097,0.09457408485344682
xgboost_network_augmented,network_augmented,xgboost_05,143,0.08344659146861796,0.09457301608864596
xgboost_network_augmented,network_augmented,xgboost_05,144,0.08344070475219495,0.09458127652310855
xgboost_network_augmented,network_augmented,xgboost_05,145,0.08343322060931775,0.09458537970634842
xgboost_network_augmented,network_augmented,xgboost_05,146,0.08342480380762934,0.0946238979628027
xgboost_network_augmented,network_augmented,xgboost_05,147,0.08342318073580261,0.09462473349191167
xgboost_network_augmented,network_augmented,xgboost_05,148,0.08340824909073138,0.09462464726829006
xgboost_network_augmented,network_augmented,xgboost_05,149,0.08339380896619371,0.09464205718107961
xgboost_network_augmented,network_augmented,xgboost_05,150,0.08338184409899976,0.09462118638898269
xgboost_network_augmented,network_augmented,xgboost_05,151,0.0833669306659941,0.09459380086572551
xgboost_network_augmented,network_augmented,xgboost_05,152,0.08335028859687524,0.0945995918561968
xgboost_network_augmented,network_augmented,xgboost_05,153,0.08334600986336513,0.09459904018553346
xgboost_network_augmented,network_augmented,xgboost_05,154,0.08334318052510967,0.094589203337491
xgboost_network_augmented,network_augmented,xgboost_05,155,0.0833359064493214,0.09459317227689377
xgboost_network_augmented,network_augmented,xgboost_05,156,0.08332608817997698,0.09459749617455769
xgboost_network_augmented,network_augmented,xgboost_05,157,0.08332116613775516,0.09460642805611591
xgboost_network_augmented,network_augmented,xgboost_05,158,0.08331321556891773,0.09460520903547422
xgboost_network_augmented,network_augmented,xgboost_05,159,0.08330816494313616,0.09460080381149875
xgboost_network_augmented,network_augmented,xgboost_05,160,0.08329890090839925,0.0945983284795781
xgboost_network_augmented,network_augmented,xgboost_05,161,0.08329051554226145,0.09459990076582815
xgboost_network_augmented,network_augmented,xgboost_05,162,0.08327990728185151,0.09460424199995711
xgboost_network_augmented,network_augmented,xgboost_05,163,0.08327449923295668,0.09459867769696079
xgboost_network_augmented,network_augmented,xgboost_05,164,0.08326315297893942,0.0946069560752727
xgboost_network_augmented,network_augmented,xgboost_05,165,0.08325641266917067,0.09460844821888972
xgboost_network_augmented,network_augmented,xgboost_05,166,0.08325100818531886,0.09459150500777597
xgboost_network_augmented,network_augmented,xgboost_05,167,0.08324665956235823,0.09459750943459036
xgboost_network_augmented,network_augmented,xgboost_05,168,0.08323254324024229,0.09460059974604844
xgboost_network_augmented,network_augmented,xgboost_05,169,0.08322335887431315,0.09460540169175287
xgboost_network_augmented,network_augmented,xgboost_05,170,0.08321735614575196,0.09460650164326098
xgboost_network_augmented,network_augmented,xgboost_06,1,0.11136353238319871,0.13173999707368103
xgboost_network_augmented,network_augmented,xgboost_06,2,0.10955885907507662,0.12922980024410757
xgboost_network_augmented,network_augmented,xgboost_06,3,0.10775616354235527,0.12658461014646022
xgboost_network_augmented,network_augmented,xgboost_06,4,0.1061073689030212,0.12419890310589728
xgboost_network_augmented,network_augmented,xgboost_06,5,0.1046240881281364,0.12214497865968356
xgboost_network_augmented,network_augmented,xgboost_06,6,0.10322325847501705,0.12012312231994819
xgboost_network_augmented,network_augmented,xgboost_06,7,0.10192588081209185,0.11832200186641761
xgboost_network_augmented,network_augmented,xgboost_06,8,0.10075101681162757,0.11660156003516059
xgboost_network_augmented,network_augmented,xgboost_06,9,0.09963962651305347,0.11508641934238183
xgboost_network_augmented,network_augmented,xgboost_06,10,0.09862199652884332,0.11363578535042736
xgboost_network_augmented,network_augmented,xgboost_06,11,0.09771571072129291,0.11233295881532776
xgboost_network_augmented,network_augmented,xgboost_06,12,0.09686160010937596,0.11126648261541393
xgboost_network_augmented,network_augmented,xgboost_06,13,0.09607873776485414,0.11016422035497273
xgboost_network_augmented,network_augmented,xgboost_06,14,0.09532730441732686,0.10910808765273634
xgboost_network_augmented,network_augmented,xgboost_06,15,0.09463771989365802,0.10818857322139236
xgboost_network_augmented,network_augmented,xgboost_06,16,0.09401838067594037,0.10734568062960612
xgboost_network_augmented,network_augmented,xgboost_06,17,0.09342694192089077,0.10652350770806758
xgboost_network_augmented,network_augmented,xgboost_06,18,0.09286770601737648,0.10583580416164763
xgboost_network_augmented,network_augmented,xgboost_06,19,0.09236525901329357,0.10516368378260155
xgboost_network_augmented,network_augmented,xgboost_06,20,0.09190294093838244,0.1044925118825737
xgboost_network_augmented,network_augmented,xgboost_06,21,0.09146138372065854,0.10395634889292764
xgboost_network_augmented,network_augmented,xgboost_06,22,0.09105880281848278,0.1034298234328734
xgboost_network_augmented,network_augmented,xgboost_06,23,0.09068756299896634,0.10294281627628328
xgboost_network_augmented,network_augmented,xgboost_06,24,0.09035334866665924,0.10244687660567804
xgboost_network_augmented,network_augmented,xgboost_06,25,0.09004833527082268,0.10201956012379892
xgboost_network_augmented,network_augmented,xgboost_06,26,0.08974400876812878,0.10166907538145255
xgboost_network_augmented,network_augmented,xgboost_06,27,0.08944590976694014,0.10128618254660877
xgboost_network_augmented,network_augmented,xgboost_06,28,0.08917125488371744,0.10091842310361465
xgboost_network_augmented,network_augmented,xgboost_06,29,0.08890702944347952,0.10059269556422416
xgboost_network_augmented,network_augmented,xgboost_06,30,0.08867526425265246,0.10024266133378494
xgboost_network_augmented,network_augmented,xgboost_06,31,0.08844397811764855,0.09993715128307389
xgboost_network_augmented,network_augmented,xgboost_06,32,0.0882430280371065,0.0997233462069514
xgboost_network_augmented,network_augmented,xgboost_06,33,0.08806091826396312,0.0994477788371764
xgboost_network_augmented,network_augmented,xgboost_06,34,0.0878727381318884,0.09921918055881304
xgboost_network_augmented,network_augmented,xgboost_06,35,0.08769263074427576,0.09896377158831508
xgboost_network_augmented,network_augmented,xgboost_06,36,0.08753738727809465,0.09878282153559981
xgboost_network_augmented,network_augmented,xgboost_06,37,0.08737393607803311,0.09858925053520111
xgboost_network_augmented,network_augmented,xgboost_06,38,0.08723704095020529,0.0983936600382082
xgboost_network_augmented,network_augmented,xgboost_06,39,0.08709681486572281,0.09819365309122366
xgboost_network_augmented,network_augmented,xgboost_06,40,0.0869575533344661,0.09807792592676864
xgboost_network_augmented,network_augmented,xgboost_06,41,0.08683996426039826,0.09792266552321345
xgboost_network_augmented,network_augmented,xgboost_06,42,0.08671715027891916,0.09775133425015582
xgboost_network_augmented,network_augmented,xgboost_06,43,0.08660029930664437,0.09761979979114287
xgboost_network_augmented,network_augmented,xgboost_06,44,0.08649629874993192,0.09746206007162725
xgboost_network_augmented,network_augmented,xgboost_06,45,0.08639632958687603,0.0973104671309986
xgboost_network_augmented,network_augmented,xgboost_06,46,0.08629484531568568,0.09722918242307374
xgboost_network_augmented,network_augmented,xgboost_06,47,0.08619990497120937,0.09714029826974023
xgboost_network_augmented,network_augmented,xgboost_06,48,0.08611069397241415,0.0970558759758016
xgboost_network_augmented,network_augmented,xgboost_06,49,0.08602995959839999,0.09696414043643217
xgboost_network_augmented,network_augmented,xgboost_06,50,0.0859532689795325,0.09681894911007086
xgboost_network_augmented,network_augmented,xgboost_06,51,0.0858718434414321,0.09677089378300406
xgboost_network_augmented,network_augmented,xgboost_06,52,0.08580316244708328,0.09672563275524654
xgboost_network_augmented,network_augmented,xgboost_06,53,0.08573046594612849,0.09665768226311022
xgboost_network_augmented,network_augmented,xgboost_06,54,0.0856686112374483,0.09656341372340865
xgboost_network_augmented,network_augmented,xgboost_06,55,0.08560032550632796,0.0965253574892012
xgboost_network_augmented,network_augmented,xgboost_06,56,0.08553609824595965,0.09644452142890862
xgboost_network_augmented,network_augmented,xgboost_06,57,0.0854788430695303,0.09640294794060429
xgboost_network_augmented,network_augmented,xgboost_06,58,0.08542519790629219,0.09638365086615347
xgboost_network_augmented,network_augmented,xgboost_06,59,0.08536659630788426,0.09633432065363262
xgboost_network_augmented,network_augmented,xgboost_06,60,0.08532003603899772,0.09631539069590991
xgboost_network_augmented,network_augmented,xgboost_06,61,0.08526447324334423,0.09627956273351383
xgboost_network_augmented,network_augmented,xgboost_06,62,0.08522633534200805,0.09622146493757412
xgboost_network_augmented,network_augmented,xgboost_06,63,0.0851794027127049,0.09617384564573278
xgboost_network_augmented,network_augmented,xgboost_06,64,0.08513071407735434,0.09613187599356535
xgboost_network_augmented,network_augmented,xgboost_06,65,0.08507667733236209,0.0960833587656032
xgboost_network_augmented,network_augmented,xgboost_06,66,0.0850315154735533,0.09605615799736368
xgboost_network_augmented,network_augmented,xgboost_06,67,0.08499691938139807,0.09601514388842596
xgboost_network_augmented,network_augmented,xgboost_06,68,0.08495822071482859,0.09596904206380141
xgboost_network_augmented,network_augmented,xgboost_06,69,0.08491701737923524,0.09591789022293647
xgboost_network_augmented,network_augmented,xgboost_06,70,0.08488472433974922,0.09588095340298594
xgboost_network_augmented,network_augmented,xgboost_06,71,0.08483181608865244,0.09585122347666837
xgboost_network_augmented,network_augmented,xgboost_06,72,0.084791702898863,0.09583666337635692
xgboost_network_augmented,network_augmented,xgboost_06,73,0.08475314713732555,0.09581194514265041
xgboost_network_augmented,network_augmented,xgboost_06,74,0.08472556214927644,0.09579634555020135
xgboost_network_augmented,network_augmented,xgboost_06,75,0.08468908823347016,0.09577997211205926
xgboost_network_augmented,network_augmented,xgboost_06,76,0.08465233029908914,0.09574099631421193
xgboost_network_augmented,network_augmented,xgboost_06,77,0.0846244760415947,0.09572008567519846
xgboost_network_augmented,network_augmented,xgboost_06,78,0.08459271376489859,0.09569647487441998
xgboost_network_augmented,network_augmented,xgboost_06,79,0.08457220092782587,0.09567899464295247
xgboost_network_augmented,network_augmented,xgboost_06,80,0.08454496876395866,0.09566216905014498
xgboost_network_augmented,network_augmented,xgboost_06,81,0.08452216301601873,0.09562616511278767
xgboost_network_augmented,network_augmented,xgboost_06,82,0.08449308797432412,0.09559796850547658
xgboost_network_augmented,network_augmented,xgboost_06,83,0.08447229862327489,0.09557699293338454
xgboost_network_augmented,network_augmented,xgboost_06,84,0.08444261519091602,0.0955560939394761
xgboost_network_augmented,network_augmented,xgboost_06,85,0.08441632920329725,0.09554221389858085
xgboost_network_augmented,network_augmented,xgboost_06,86,0.084386054754269,0.09554097322221339
xgboost_network_augmented,network_augmented,xgboost_06,87,0.08435656882227206,0.09550769382648733
xgboost_network_augmented,network_augmented,xgboost_06,88,0.08433905458716295,0.09547813829768693
xgboost_network_augmented,network_augmented,xgboost_06,89,0.08432303501471201,0.09546551539684621
xgboost_network_augmented,network_augmented,xgboost_06,90,0.0843077189410844,0.09543756832180501
xgboost_network_augmented,network_augmented,xgboost_06,91,0.08427998253705211,0.09542879020826066
xgboost_network_augmented,network_augmented,xgboost_06,92,0.08425377272054708,0.09539352460461095
xgboost_network_augmented,network_augmented,xgboost_06,93,0.08423886069040479,0.09537084188150824
xgboost_network_augmented,network_augmented,xgboost_06,94,0.0842106849645617,0.09528726394587735
xgboost_network_augmented,network_augmented,xgboost_06,95,0.08418419847861773,0.09528478905247685
xgboost_network_augmented,network_augmented,xgboost_06,96,0.08415551025474385,0.09526807355192644
xgboost_network_augmented,network_augmented,xgboost_06,97,0.08413874295759813,0.0952466682778281
xgboost_network_augmented,network_augmented,xgboost_06,98,0.08411886941818007,0.09523071001737263
xgboost_network_augmented,network_augmented,xgboost_06,99,0.08410229000655958,0.09522452792695585
xgboost_network_augmented,network_augmented,xgboost_06,100,0.08408521481402474,0.09521108143007026
xgboost_network_augmented,network_augmented,xgboost_06,101,0.08406065200785227,0.09520352676123188
xgboost_network_augmented,network_augmented,xgboost_06,102,0.08403828157948343,0.09517789134929484
xgboost_network_augmented,network_augmented,xgboost_06,103,0.08401767638893999,0.09515377168158395
xgboost_network_augmented,network_augmented,xgboost_06,104,0.08399699343546307,0.09514291063018784
xgboost_network_augmented,network_augmented,xgboost_06,105,0.08398322706258753,0.09513715034339972
xgboost_network_augmented,network_augmented,xgboost_06,106,0.08397196939594406,0.0951207092401407
xgboost_network_augmented,network_augmented,xgboost_06,107,0.08395934443644563,0.0951199786770657
xgboost_network_augmented,network_augmented,xgboost_06,108,0.08394490581462118,0.09511672223077329
xgboost_network_augmented,network_augmented,xgboost_06,109,0.08392348055626823,0.09511552080659975
xgboost_network_augmented,network_augmented,xgboost_06,110,0.08390542735795174,0.09507501551658036
xgboost_network_augmented,network_augmented,xgboost_06,111,0.08388601530243775,0.09506841319383619
xgboost_network_augmented,network_augmented,xgboost_06,112,0.08387560064258791,0.0950691122331025
xgboost_network_augmented,network_augmented,xgboost_06,113,0.0838586162116138,0.0950519619698876
xgboost_network_augmented,network_augmented,xgboost_06,114,0.08384490942881782,0.09503299520618141
xgboost_network_augmented,network_augmented,xgboost_06,115,0.08382643030406897,0.09504105689196872
xgboost_network_augmented,network_augmented,xgboost_06,116,0.08380903520909481,0.09502775850082121
xgboost_network_augmented,network_augmented,xgboost_06,117,0.08379618166195459,0.09503096074336254
xgboost_network_augmented,network_augmented,xgboost_06,118,0.0837847238306012,0.09502608457993657
xgboost_network_augmented,network_augmented,xgboost_06,119,0.0837754176429757,0.0950153928937315
xgboost_network_augmented,network_augmented,xgboost_06,120,0.0837609868199424,0.09501166525839062
xgboost_network_augmented,network_augmented,xgboost_06,121,0.08374227942169661,0.09502581145056771
xgboost_network_augmented,network_augmented,xgboost_06,122,0.08372669203522261,0.09499826406748374
xgboost_network_augmented,network_augmented,xgboost_06,123,0.08371454186939103,0.09499440117800444
xgboost_network_augmented,network_augmented,xgboost_06,124,0.08370448506446443,0.09497558851389754
xgboost_network_augmented,network_augmented,xgboost_06,125,0.08369491388291136,0.09497191213238831
xgboost_network_augmented,network_augmented,xgboost_06,126,0.08368055744774806,0.09497275248033002
xgboost_network_augmented,network_augmented,xgboost_06,127,0.08365920699815121,0.09497150548014563
xgboost_network_augmented,network_augmented,xgboost_06,128,0.0836469759304354,0.09496204284601328
xgboost_network_augmented,network_augmented,xgboost_06,129,0.08363700553370017,0.09496194251703552
xgboost_network_augmented,network_augmented,xgboost_06,130,0.08362831628599894,0.09496091883531778
xgboost_network_augmented,network_augmented,xgboost_06,131,0.0836198551154052,0.09497110444717917
xgboost_network_augmented,network_augmented,xgboost_06,132,0.0836070478871916,0.09493760842148469
xgboost_network_augmented,network_augmented,xgboost_06,133,0.08359706259326752,0.09492743407976725
xgboost_network_augmented,network_augmented,xgboost_06,134,0.0835822411660938,0.09493019093098318
xgboost_network_augmented,network_augmented,xgboost_06,135,0.08357617232546403,0.09491929738233382
xgboost_network_augmented,network_augmented,xgboost_06,136,0.08356753875233179,0.09491855160193186
xgboost_network_augmented,network_augmented,xgboost_06,137,0.08354925620768915,0.09492391552878895
xgboost_network_augmented,network_augmented,xgboost_06,138,0.08353686859704024,0.09492947531144212
xgboost_network_augmented,network_augmented,xgboost_06,139,0.08352921448572803,0.09493075350623165
xgboost_network_augmented,network_augmented,xgboost_06,140,0.083520402269953,0.09492486936758177
xgboost_network_augmented,network_augmented,xgboost_06,141,0.08350991339189967,0.09490329090860365
xgboost_network_augmented,network_augmented,xgboost_06,142,0.08349738387769651,0.09490996177149928
xgboost_network_augmented,network_augmented,xgboost_06,143,0.08348904393668169,0.09490537584913115
xgboost_network_augmented,network_augmented,xgboost_06,144,0.08348535644797891,0.09490054041530342
xgboost_network_augmented,network_augmented,xgboost_06,145,0.08347770896130423,0.09490031183685123
xgboost_network_augmented,network_augmented,xgboost_06,146,0.08346822937814877,0.09490059523922584
xgboost_network_augmented,network_augmented,xgboost_06,147,0.08345555104101919,0.09485156005111782
xgboost_network_augmented,network_augmented,xgboost_06,148,0.08344221705294755,0.0948583917614077
xgboost_network_augmented,network_augmented,xgboost_06,149,0.08343348510529007,0.09486379491388176
xgboost_network_augmented,network_augmented,xgboost_06,150,0.08343092663191086,0.09486174616292731
xgboost_network_augmented,network_augmented,xgboost_06,151,0.08342230492086898,0.09485193779048941
xgboost_network_augmented,network_augmented,xgboost_06,152,0.08341632068682987,0.09487668923890226
xgboost_network_augmented,network_augmented,xgboost_06,153,0.08340604386545958,0.09488460998796654
xgboost_network_augmented,network_augmented,xgboost_06,154,0.08339760459878796,0.0948673144193748
xgboost_network_augmented,network_augmented,xgboost_06,155,0.08338954808417023,0.09488092178810047
xgboost_network_augmented,network_augmented,xgboost_06,156,0.08337735930473314,0.09485853917150586
xgboost_network_augmented,network_augmented,xgboost_06,157,0.08337106989282793,0.09485801127370057
xgboost_network_augmented,network_augmented,xgboost_06,158,0.08336118370517984,0.09482952720199925
xgboost_network_augmented,network_augmented,xgboost_06,159,0.08334722936143421,0.0948312102010538
xgboost_network_augmented,network_augmented,xgboost_06,160,0.08333877467461089,0.09483451501105664
xgboost_network_augmented,network_augmented,xgboost_06,161,0.0833243142453136,0.09483756000738451
xgboost_network_augmented,network_augmented,xgboost_06,162,0.08331726964760032,0.09483828915022077
xgboost_network_augmented,network_augmented,xgboost_06,163,0.08331510513690374,0.09483529801765923
xgboost_network_augmented,network_augmented,xgboost_06,164,0.0833038656265628,0.09484969422563175
xgboost_network_augmented,network_augmented,xgboost_06,165,0.08329566108384516,0.09485873008210316
xgboost_network_augmented,network_augmented,xgboost_06,166,0.08328739296322295,0.0948724504367173
xgboost_network_augmented,network_augmented,xgboost_06,167,0.08327779779182475,0.09486324535420788
xgboost_network_augmented,network_augmented,xgboost_06,168,0.08326981616474757,0.09487707212969494
xgboost_network_augmented,network_augmented,xgboost_06,169,0.08325907411919639,0.09486870987004584
xgboost_network_augmented,network_augmented,xgboost_06,170,0.08325523431914193,0.09488460530289623
xgboost_network_augmented,network_augmented,xgboost_06,171,0.08324884913362261,0.09488550403582499
xgboost_network_augmented,network_augmented,xgboost_06,172,0.083238936582965,0.09486661746113619
xgboost_network_augmented,network_augmented,xgboost_06,173,0.08322866482754532,0.0948421388296873
xgboost_network_augmented,network_augmented,xgboost_06,174,0.0832174938090579,0.09484522734005353
xgboost_network_augmented,network_augmented,xgboost_06,175,0.08321111333023437,0.09484727966511036
xgboost_network_augmented,network_augmented,xgboost_06,176,0.08320635201497949,0.09484943722284851
xgboost_network_augmented,network_augmented,xgboost_06,177,0.08319946704296571,0.09486728892916745
xgboost_network_augmented,network_augmented,xgboost_06,178,0.08319231901675374,0.09487008323863115
xgboost_network_augmented,network_augmented,xgboost_06,179,0.08318487052511928,0.09486073422535145
xgboost_network_augmented,network_augmented,xgboost_06,180,0.08317568693809722,0.09482853770893389
xgboost_network_augmented,network_augmented,xgboost_06,181,0.08317078011530424,0.09482881989979935
xgboost_network_augmented,network_augmented,xgboost_06,182,0.08316805557067371,0.0948340821501506
xgboost_network_augmented,network_augmented,xgboost_06,183,0.08316213330785333,0.09482859484505358
xgboost_network_augmented,network_augmented,xgboost_06,184,0.08316077123433498,0.09482773071610522
xgboost_network_augmented,network_augmented,xgboost_06,185,0.08315269896014221,0.09483898218822946
xgboost_network_augmented,network_augmented,xgboost_06,186,0.08314604622041027,0.0948585291334306
xgboost_network_augmented,network_augmented,xgboost_06,187,0.08313766606849321,0.09485148586899941
xgboost_network_augmented,network_augmented,xgboost_06,188,0.08313139368703679,0.09484622379177463
xgboost_network_augmented,network_augmented,xgboost_06,189,0.08312502546260099,0.09483267239279025
xgboost_network_augmented,network_augmented,xgboost_06,190,0.08312217587859905,0.09482833283075451
xgboost_network_augmented,network_augmented,xgboost_06,191,0.08311459185135127,0.0948276563599828
xgboost_network_augmented,network_augmented,xgboost_06,192,0.08310991779150687,0.0948313901413757
xgboost_network_augmented,network_augmented,xgboost_06,193,0.08310483745600025,0.09483456360769173
xgboost_network_augmented,network_augmented,xgboost_06,194,0.08310245831316852,0.09481987564640613
xgboost_network_augmented,network_augmented,xgboost_06,195,0.08309784306004277,0.09481383250909184
xgboost_network_augmented,network_augmented,xgboost_06,196,0.08309240891723346,0.09481595516197813
xgboost_network_augmented,network_augmented,xgboost_06,197,0.08308498134922908,0.09480137974781012
xgboost_network_augmented,network_augmented,xgboost_06,198,0.08307932915976872,0.09479993687603391
xgboost_network_augmented,network_augmented,xgboost_06,199,0.08307603151498726,0.09480513275952863
xgboost_network_augmented,network_augmented,xgboost_06,200,0.08307124525490373,0.094811960409558
xgboost_network_augmented,network_augmented,xgboost_06,201,0.08306348801079043,0.09477939277682752
xgboost_network_augmented,network_augmented,xgboost_06,202,0.08305589952063339,0.09477527697265614
xgboost_network_augmented,network_augmented,xgboost_06,203,0.08305333368903017,0.09477825829567936
xgboost_network_augmented,network_augmented,xgboost_06,204,0.0830427460338322,0.09477300057356916
xgboost_network_augmented,network_augmented,xgboost_06,205,0.08303968664091249,0.0947690449534958
xgboost_network_augmented,network_augmented,xgboost_06,206,0.08303266911307228,0.09477778150615913
xgboost_network_augmented,network_augmented,xgboost_06,207,0.08302385409578361,0.09479172351529531
xgboost_network_augmented,network_augmented,xgboost_06,208,0.08302189523849947,0.09479354818018478
xgboost_network_augmented,network_augmented,xgboost_06,209,0.08301531487603822,0.09479845671111316
xgboost_network_augmented,network_augmented,xgboost_06,210,0.08301145118150458,0.09481561554841289
xgboost_network_augmented,network_augmented,xgboost_06,211,0.0830053767192799,0.09491578321041445
xgboost_network_augmented,network_augmented,xgboost_06,212,0.08300149647314342,0.09491675303501013
xgboost_network_augmented,network_augmented,xgboost_06,213,0.08299495703672363,0.0948963763548578
xgboost_network_augmented,network_augmented,xgboost_06,214,0.08298874932628392,0.0948914393889425
xgboost_network_augmented,network_augmented,xgboost_06,215,0.0829836068238914,0.09488366263220181
xgboost_network_augmented,network_augmented,xgboost_06,216,0.08298055656831663,0.09488005937712822
xgboost_network_augmented,network_augmented,xgboost_06,217,0.08297683482795432,0.09486559417280788
xgboost_network_augmented,network_augmented,xgboost_06,218,0.08296910961009468,0.09484043037552707
xgboost_network_augmented,network_augmented,xgboost_06,219,0.08296485727892616,0.094845172233688
xgboost_network_augmented,network_augmented,xgboost_06,220,0.0829631261521339,0.09484498531377472
xgboost_network_augmented,network_augmented,xgboost_06,221,0.08295645089556786,0.09483896533428704
xgboost_network_augmented,network_augmented,xgboost_06,222,0.08295220013927648,0.09484261022345374
xgboost_network_augmented,network_augmented,xgboost_06,223,0.08294605726605923,0.09483945923236217
xgboost_network_augmented,network_augmented,xgboost_06,224,0.0829444127265742,0.09484535157991413
xgboost_network_augmented,network_augmented,xgboost_06,225,0.08294153798131197,0.09484195380100195
xgboost_network_augmented,network_augmented,xgboost_06,226,0.08293805977552468,0.09484602417295397
xgboost_network_augmented,network_augmented,xgboost_06,227,0.08293410126753649,0.09486942039332559
xgboost_network_augmented,network_augmented,xgboost_06,228,0.08292447585664928,0.09485861122796731
xgboost_network_augmented,network_augmented,xgboost_06,229,0.0829192560317701,0.09486492631611183
xgboost_network_augmented,network_augmented,xgboost_06,230,0.08291268061037194,0.09486779278984925
xgboost_network_augmented,network_augmented,xgboost_06,231,0.08291041064787796,0.09485971683009241
xgboost_network_augmented,network_augmented,xgboost_06,232,0.08290456446050445,0.09484572542713711
xgboost_network_augmented,network_augmented,xgboost_06,233,0.08290020161868995,0.09484723862135216
xgboost_network_augmented,network_augmented,xgboost_06,234,0.08289630285299368,0.09484971654101823
xgboost_network_augmented,network_augmented,xgboost_06,235,0.08289145393697664,0.09485680096416559
xgboost_network_augmented,network_augmented,xgboost_07,1,0.11145095645120104,0.13197045656730194
xgboost_network_augmented,network_augmented,xgboost_07,2,0.10950531304856902,0.12916049517356165
xgboost_network_augmented,network_augmented,xgboost_07,3,0.10771702186563936,0.1265382528418382
xgboost_network_augmented,network_augmented,xgboost_07,4,0.10607241763611984,0.12410669888775037
xgboost_network_augmented,network_augmented,xgboost_07,5,0.10455852350025727,0.12204387238649593
xgboost_network_augmented,network_augmented,xgboost_07,6,0.10320014808758168,0.12013366480298648
xgboost_network_augmented,network_augmented,xgboost_07,7,0.10190030730872993,0.11832111844258163
xgboost_network_augmented,network_augmented,xgboost_07,8,0.1007660044788464,0.11673267456121328
xgboost_network_augmented,network_augmented,xgboost_07,9,0.09965403313254849,0.11514846587533312
xgboost_network_augmented,network_augmented,xgboost_07,10,0.09862496757260847,0.11366975230566866
xgboost_network_augmented,network_augmented,xgboost_07,11,0.09768248530752863,0.11233358204325664
xgboost_network_augmented,network_augmented,xgboost_07,12,0.09681244559203321,0.11109691426666424
xgboost_network_augmented,network_augmented,xgboost_07,13,0.09601924624948123,0.11009915425359545
xgboost_network_augmented,network_augmented,xgboost_07,14,0.09527909349271539,0.10916191242211021
xgboost_network_augmented,network_augmented,xgboost_07,15,0.0945960961337565,0.10825038249562408
xgboost_network_augmented,network_augmented,xgboost_07,16,0.09394832762724073,0.1074166209997953
xgboost_network_augmented,network_augmented,xgboost_07,17,0.09336294269411494,0.10661166228167437
xgboost_network_augmented,network_augmented,xgboost_07,18,0.09283399894194261,0.10582753028888604
xgboost_network_augmented,network_augmented,xgboost_07,19,0.09233204841534563,0.1051755901446135
xgboost_network_augmented,network_augmented,xgboost_07,20,0.09187018365281076,0.10457104300937946
xgboost_network_augmented,network_augmented,xgboost_07,21,0.09143568995997484,0.10398695240195137
xgboost_network_augmented,network_augmented,xgboost_07,22,0.09103113559785002,0.10347120450935714
xgboost_network_augmented,network_augmented,xgboost_07,23,0.09064492608691715,0.10300039390656385
xgboost_network_augmented,network_augmented,xgboost_07,24,0.09029889526848132,0.10254508125230817
xgboost_network_augmented,network_augmented,xgboost_07,25,0.08997297874368061,0.10209145146447286
xgboost_network_augmented,network_augmented,xgboost_07,26,0.08967176505517299,0.10165105949120007
xgboost_network_augmented,network_augmented,xgboost_07,27,0.08937528676510535,0.10124153351675239
xgboost_network_augmented,network_augmented,xgboost_07,28,0.08910346020999345,0.10089989659761432
xgboost_network_augmented,network_augmented,xgboost_07,29,0.08885190402142114,0.10054633443477352
xgboost_network_augmented,network_augmented,xgboost_07,30,0.0886287999681842,0.10023769396179849
xgboost_network_augmented,network_augmented,xgboost_07,31,0.08842737443818023,0.09994962142557527
xgboost_network_augmented,network_augmented,xgboost_07,32,0.08822589211320044,0.09966524525499529
xgboost_network_augmented,network_augmented,xgboost_07,33,0.08803296825819322,0.0994433157722898
xgboost_network_augmented,network_augmented,xgboost_07,34,0.0878409876815016,0.09922382881560775
xgboost_network_augmented,network_augmented,xgboost_07,35,0.0876609160524146,0.09897697598533373
xgboost_network_augmented,network_augmented,xgboost_07,36,0.08748498357047416,0.09880764130791274
xgboost_network_augmented,network_augmented,xgboost_07,37,0.08735148227524726,0.0986169356453363
xgboost_network_augmented,network_augmented,xgboost_07,38,0.08719498780839842,0.09845908145613438
xgboost_network_augmented,network_augmented,xgboost_07,39,0.08705504749178908,0.09828106360528796
xgboost_network_augmented,network_augmented,xgboost_07,40,0.08691569624613117,0.09811834466346145
xgboost_network_augmented,network_augmented,xgboost_07,41,0.08679632492359059,0.09794572035061577
xgboost_network_augmented,network_augmented,xgboost_07,42,0.08667699507301557,0.0978102586102375
xgboost_network_augmented,network_augmented,xgboost_07,43,0.08655053314918368,0.09766040121762139
xgboost_network_augmented,network_augmented,xgboost_07,44,0.0864446598065131,0.09753098387658789
xgboost_network_augmented,network_augmented,xgboost_07,45,0.0863501715716105,0.09743055242326511
xgboost_network_augmented,network_augmented,xgboost_07,46,0.08625285313898536,0.09731775162653035
xgboost_network_augmented,network_augmented,xgboost_07,47,0.08616172909235158,0.09717356942008355
xgboost_network_augmented,network_augmented,xgboost_07,48,0.08607123393990847,0.09703339499504533
xgboost_network_augmented,network_augmented,xgboost_07,49,0.0859915289893851,0.09689897875445583
xgboost_network_augmented,network_augmented,xgboost_07,50,0.08590171045244115,0.09678361484278702
xgboost_network_augmented,network_augmented,xgboost_07,51,0.08582329913413951,0.09672301657335412
xgboost_network_augmented,network_augmented,xgboost_07,52,0.08574805935371516,0.09663260825202
xgboost_network_augmented,network_augmented,xgboost_07,53,0.08568798634297933,0.09655753125798026
xgboost_network_augmented,network_augmented,xgboost_07,54,0.08562765788441935,0.09646705253748505
xgboost_network_augmented,network_augmented,xgboost_07,55,0.08555099979331181,0.09641037902874133
xgboost_network_augmented,network_augmented,xgboost_07,56,0.08549343851894117,0.09635958726759682
xgboost_network_augmented,network_augmented,xgboost_07,57,0.08543063967103383,0.0963300411521873
xgboost_network_augmented,network_augmented,xgboost_07,58,0.08537564837919755,0.09626045855190186
xgboost_network_augmented,network_augmented,xgboost_07,59,0.08531806894461225,0.09623017965436487
xgboost_network_augmented,network_augmented,xgboost_07,60,0.08526183426116057,0.09618343519886083
xgboost_network_augmented,network_augmented,xgboost_07,61,0.08520794674406143,0.09615475211935869
xgboost_network_augmented,network_augmented,xgboost_07,62,0.08516677843563418,0.09610688060244776
xgboost_network_augmented,network_augmented,xgboost_07,63,0.08510916136264962,0.09607542206345585
xgboost_network_augmented,network_augmented,xgboost_07,64,0.08507416383411945,0.09601582919792402
xgboost_network_augmented,network_augmented,xgboost_07,65,0.08502068422181802,0.09599209595624564
xgboost_network_augmented,network_augmented,xgboost_07,66,0.08498471611172498,0.09593854150647714
xgboost_network_augmented,network_augmented,xgboost_07,67,0.0849486924255887,0.0958997353527538
xgboost_network_augmented,network_augmented,xgboost_07,68,0.08490707342209722,0.09586397912877295
xgboost_network_augmented,network_augmented,xgboost_07,69,0.0848627667825497,0.09580025978264549
xgboost_network_augmented,network_augmented,xgboost_07,70,0.0848218229285882,0.09575149656893596
xgboost_network_augmented,network_augmented,xgboost_07,71,0.08478508456808873,0.095725788688845
xgboost_network_augmented,network_augmented,xgboost_07,72,0.0847530972602774,0.09570849947190081
xgboost_network_augmented,network_augmented,xgboost_07,73,0.08471875631419995,0.0956909122386277
xgboost_network_augmented,network_augmented,xgboost_07,74,0.0846903665482489,0.0956597571586043
xgboost_network_augmented,network_augmented,xgboost_07,75,0.08465669019671725,0.09564230241232961
xgboost_network_augmented,network_augmented,xgboost_07,76,0.08462392394710841,0.09561319608012657
xgboost_network_augmented,network_augmented,xgboost_07,77,0.08459267046397742,0.09557636599596112
xgboost_network_augmented,network_augmented,xgboost_07,78,0.08457027287190433,0.09555490746059156
xgboost_network_augmented,network_augmented,xgboost_07,79,0.08452956647979301,0.09553331859960905
xgboost_network_augmented,network_augmented,xgboost_07,80,0.08450389112729347,0.0955156867701632
xgboost_network_augmented,network_augmented,xgboost_07,81,0.08447671130421988,0.09550588317393459
xgboost_network_augmented,network_augmented,xgboost_07,82,0.08445193151248913,0.09547694705776205
xgboost_network_augmented,network_augmented,xgboost_07,83,0.08442329770043568,0.09547119672342619
xgboost_network_augmented,network_augmented,xgboost_07,84,0.0844007641623056,0.09544894751336845
xgboost_network_augmented,network_augmented,xgboost_07,85,0.08437227511039094,0.09545982287007489
xgboost_network_augmented,network_augmented,xgboost_07,86,0.08433908767348623,0.0954187998598546
xgboost_network_augmented,network_augmented,xgboost_07,87,0.08432184525378304,0.09541973510842586
xgboost_network_augmented,network_augmented,xgboost_07,88,0.08430311729344911,0.09540527649619952
xgboost_network_augmented,network_augmented,xgboost_07,89,0.08428376643081852,0.09531401853601257
xgboost_network_augmented,network_augmented,xgboost_07,90,0.08424493610045072,0.09531921995654531
xgboost_network_augmented,network_augmented,xgboost_07,91,0.08422679062841096,0.09531726863567197
xgboost_network_augmented,network_augmented,xgboost_07,92,0.08419161449067177,0.09530687326399154
xgboost_network_augmented,network_augmented,xgboost_07,93,0.08416872676091636,0.09529296808766655
xgboost_network_augmented,network_augmented,xgboost_07,94,0.08414564855871802,0.09526541409694357
xgboost_network_augmented,network_augmented,xgboost_07,95,0.08412120994993413,0.09526540081885862
xgboost_network_augmented,network_augmented,xgboost_07,96,0.08410711070996742,0.0952408707832677
xgboost_network_augmented,network_augmented,xgboost_07,97,0.08408924489091513,0.09522233824003054
xgboost_network_augmented,network_augmented,xgboost_07,98,0.08405850610729657,0.09519076643045052
xgboost_network_augmented,network_augmented,xgboost_07,99,0.08404617874038567,0.09519748670308639
xgboost_network_augmented,network_augmented,xgboost_07,100,0.08403376749505376,0.09518411934241876
xgboost_network_augmented,network_augmented,xgboost_07,101,0.08401666165111166,0.09511609625413278
xgboost_network_augmented,network_augmented,xgboost_07,102,0.08400310356051642,0.09510982084190951
xgboost_network_augmented,network_augmented,xgboost_07,103,0.08398853807605258,0.09508446684358662
xgboost_network_augmented,network_augmented,xgboost_07,104,0.08396831302554743,0.09503700177934031
xgboost_network_augmented,network_augmented,xgboost_07,105,0.08395117464228952,0.09501596652450227
xgboost_network_augmented,network_augmented,xgboost_07,106,0.08392938139154481,0.09495875146628621
xgboost_network_augmented,network_augmented,xgboost_07,107,0.08391423867766612,0.09494467629018209
xgboost_network_augmented,network_augmented,xgboost_07,108,0.083902638710588,0.09492857053362937
xgboost_network_augmented,network_augmented,xgboost_07,109,0.08389250052469047,0.09492700843789613
xgboost_network_augmented,network_augmented,xgboost_07,110,0.08387181406136181,0.09492620832298936
xgboost_network_augmented,network_augmented,xgboost_07,111,0.0838540766973404,0.09486621528736539
xgboost_network_augmented,network_augmented,xgboost_07,112,0.08384262820119598,0.09486702479171867
xgboost_network_augmented,network_augmented,xgboost_07,113,0.083832614364779,0.09485333227310648
xgboost_network_augmented,network_augmented,xgboost_07,114,0.08382032414357844,0.09485015564087038
xgboost_network_augmented,network_augmented,xgboost_07,115,0.08380925691179128,0.0948297524974422
xgboost_network_augmented,network_augmented,xgboost_07,116,0.08379518649033399,0.0948201814556823
xgboost_network_augmented,network_augmented,xgboost_07,117,0.0837849790347592,0.0948125288398907
xgboost_network_augmented,network_augmented,xgboost_07,118,0.08376502956413187,0.09480416639069257
xgboost_network_augmented,network_augmented,xgboost_07,119,0.08375549119487172,0.09479238695996192
xgboost_network_augmented,network_augmented,xgboost_07,120,0.08374013832344339,0.09479962291138572
xgboost_network_augmented,network_augmented,xgboost_07,121,0.0837321386996489,0.09478761796357013
xgboost_network_augmented,network_augmented,xgboost_07,122,0.08371171304290367,0.09478628786067884
xgboost_network_augmented,network_augmented,xgboost_07,123,0.08370280140902499,0.09477488103106183
xgboost_network_augmented,network_augmented,xgboost_07,124,0.08368564099286471,0.09470296153834554
xgboost_network_augmented,network_augmented,xgboost_07,125,0.08366337812836742,0.09471248570019283
xgboost_network_augmented,network_augmented,xgboost_07,126,0.08364972151756486,0.0946909928480498
xgboost_network_augmented,network_augmented,xgboost_07,127,0.0836427613319788,0.09470055162528551
xgboost_network_augmented,network_augmented,xgboost_07,128,0.08363290797148976,0.09468673299827551
xgboost_network_augmented,network_augmented,xgboost_07,129,0.08361966801609977,0.0946796177727842
xgboost_network_augmented,network_augmented,xgboost_07,130,0.0836082458838075,0.09467773365957778
xgboost_network_augmented,network_augmented,xgboost_07,131,0.08359566564554775,0.09466198488840775
xgboost_network_augmented,network_augmented,xgboost_07,132,0.08358240529237951,0.09465427025247489
xgboost_network_augmented,network_augmented,xgboost_07,133,0.08356744419930541,0.09463645100855826
xgboost_network_augmented,network_augmented,xgboost_07,134,0.08355676562681344,0.09460710063285856
xgboost_network_augmented,network_augmented,xgboost_07,135,0.08354467413339374,0.09459811362337238
xgboost_network_augmented,network_augmented,xgboost_07,136,0.08352520623999396,0.0946090127246048
xgboost_network_augmented,network_augmented,xgboost_07,137,0.08351551729874973,0.09457917930589664
xgboost_network_augmented,network_augmented,xgboost_07,138,0.0834969343564248,0.09457296472123533
xgboost_network_augmented,network_augmented,xgboost_07,139,0.08348633207740629,0.0945810155687546
xgboost_network_augmented,network_augmented,xgboost_07,140,0.08347357715847853,0.09456639256323832
xgboost_network_augmented,network_augmented,xgboost_07,141,0.08347321596015006,0.09457325211416859
xgboost_network_augmented,network_augmented,xgboost_07,142,0.08345839587760899,0.09458442267242592
xgboost_network_augmented,network_augmented,xgboost_07,143,0.08344524787722322,0.09457593735308457
xgboost_network_augmented,network_augmented,xgboost_07,144,0.08343730345243197,0.09455775090819582
xgboost_network_augmented,network_augmented,xgboost_07,145,0.08342983178184872,0.09456208076186128
xgboost_network_augmented,network_augmented,xgboost_07,146,0.08341992606118591,0.0945975608322135
xgboost_network_augmented,network_augmented,xgboost_07,147,0.0834072467528224,0.09461167141449657
xgboost_network_augmented,network_augmented,xgboost_07,148,0.0833932715904726,0.09461149456475153
xgboost_network_augmented,network_augmented,xgboost_07,149,0.08337905715338688,0.0946290895290425
xgboost_network_augmented,network_augmented,xgboost_07,150,0.08337220383392713,0.09461147865830352
xgboost_network_augmented,network_augmented,xgboost_07,151,0.08336250407784235,0.0945943925549275
xgboost_network_augmented,network_augmented,xgboost_07,152,0.08334574196527539,0.09460006528498267
xgboost_network_augmented,network_augmented,xgboost_07,153,0.08334137243054147,0.09459952601636683
xgboost_network_augmented,network_augmented,xgboost_07,154,0.0833381017312872,0.09458903374037819
xgboost_network_augmented,network_augmented,xgboost_07,155,0.08333010390957493,0.09459218941052262
xgboost_network_augmented,network_augmented,xgboost_07,156,0.0833266398990182,0.09458955980136315
xgboost_network_augmented,network_augmented,xgboost_07,157,0.08331920775206444,0.09459550345727971
xgboost_network_augmented,network_augmented,xgboost_07,158,0.0833112170104531,0.09459426403354047
xgboost_network_augmented,network_augmented,xgboost_07,159,0.08330619222522981,0.09459461267362602
xgboost_network_augmented,network_augmented,xgboost_07,160,0.08329698557108602,0.09459217301804183
xgboost_network_augmented,network_augmented,xgboost_07,161,0.0832884926581396,0.09459354487173927
xgboost_network_augmented,network_augmented,xgboost_07,162,0.08328094973947976,0.09459396402932867
xgboost_network_augmented,network_augmented,xgboost_07,163,0.08327557828868594,0.09458845475246547
xgboost_network_augmented,network_augmented,xgboost_07,164,0.08326406166560041,0.09459677027987971
xgboost_network_augmented,network_augmented,xgboost_07,165,0.08325852976770812,0.09460616342924953
xgboost_network_augmented,network_augmented,xgboost_07,166,0.08325301133437898,0.09458841379708827
xgboost_network_augmented,network_augmented,xgboost_07,167,0.08324395320448474,0.0946078859871362
xgboost_network_augmented,network_augmented,xgboost_07,168,0.08322987322287043,0.09461025638348611
xgboost_network_augmented,network_augmented,xgboost_07,169,0.08322057241579181,0.09461577770147643
xgboost_network_augmented,network_augmented,xgboost_07,170,0.08321447406579877,0.09461964642698478
xgboost_network_augmented,network_augmented,xgboost_07,171,0.08321280415560349,0.09461925770530294
xgboost_network_augmented,network_augmented,xgboost_07,172,0.08320315031266612,0.09463172355198651
xgboost_network_augmented,network_augmented,xgboost_07,173,0.08320041587489525,0.09465303509634679
xgboost_network_augmented,network_augmented,xgboost_07,174,0.0831892580228659,0.09463843976661837
xgboost_network_augmented,network_augmented,xgboost_08,1,0.11136353238319871,0.13173999707368103
xgboost_network_augmented,network_augmented,xgboost_08,2,0.10955885907507662,0.12922980024410757
xgboost_network_augmented,network_augmented,xgboost_08,3,0.10775616354235527,0.12658461014646022
xgboost_network_augmented,network_augmented,xgboost_08,4,0.1061073689030212,0.12419890310589728
xgboost_network_augmented,network_augmented,xgboost_08,5,0.1046240881281364,0.12214497865968356
xgboost_network_augmented,network_augmented,xgboost_08,6,0.10322325847501705,0.12012312231994819
xgboost_network_augmented,network_augmented,xgboost_08,7,0.10192588081209185,0.11832200186641761
xgboost_network_augmented,network_augmented,xgboost_08,8,0.10075101681162757,0.11660156003516059
xgboost_network_augmented,network_augmented,xgboost_08,9,0.09963962651305347,0.11508641934238183
xgboost_network_augmented,network_augmented,xgboost_08,10,0.09862199652884332,0.11363578535042736
xgboost_network_augmented,network_augmented,xgboost_08,11,0.09771571072129291,0.11233295881532776
xgboost_network_augmented,network_augmented,xgboost_08,12,0.09686160010937596,0.11126648261541393
xgboost_network_augmented,network_augmented,xgboost_08,13,0.09607873776485414,0.11016422035497273
xgboost_network_augmented,network_augmented,xgboost_08,14,0.09532730441732686,0.10910808765273634
xgboost_network_augmented,network_augmented,xgboost_08,15,0.09463771989365802,0.10818857322139236
xgboost_network_augmented,network_augmented,xgboost_08,16,0.09401838067594037,0.10734568062960612
xgboost_network_augmented,network_augmented,xgboost_08,17,0.09342694192089077,0.10652350770806758
xgboost_network_augmented,network_augmented,xgboost_08,18,0.09286770601737648,0.10583580416164763
xgboost_network_augmented,network_augmented,xgboost_08,19,0.09236525901329357,0.10516368378260155
xgboost_network_augmented,network_augmented,xgboost_08,20,0.09190294093838244,0.1044925118825737
xgboost_network_augmented,network_augmented,xgboost_08,21,0.09146138372065854,0.10395634889292764
xgboost_network_augmented,network_augmented,xgboost_08,22,0.09105880281848278,0.1034298234328734
xgboost_network_augmented,network_augmented,xgboost_08,23,0.09068756299896634,0.10294281627628328
xgboost_network_augmented,network_augmented,xgboost_08,24,0.09035334866665924,0.10244687660567804
xgboost_network_augmented,network_augmented,xgboost_08,25,0.09004833527082268,0.10201956012379892
xgboost_network_augmented,network_augmented,xgboost_08,26,0.08974400876812878,0.10166907538145255
xgboost_network_augmented,network_augmented,xgboost_08,27,0.08944590976694014,0.10128618254660877
xgboost_network_augmented,network_augmented,xgboost_08,28,0.08917125488371744,0.10091842310361465
xgboost_network_augmented,network_augmented,xgboost_08,29,0.08890702944347952,0.10059269556422416
xgboost_network_augmented,network_augmented,xgboost_08,30,0.08867526425265246,0.10024266133378494
xgboost_network_augmented,network_augmented,xgboost_08,31,0.08844397811764855,0.09993715128307389
xgboost_network_augmented,network_augmented,xgboost_08,32,0.0882430280371065,0.0997233462069514
xgboost_network_augmented,network_augmented,xgboost_08,33,0.08806091826396312,0.0994477788371764
xgboost_network_augmented,network_augmented,xgboost_08,34,0.0878727381318884,0.09921918055881304
xgboost_network_augmented,network_augmented,xgboost_08,35,0.08769263074427576,0.09896377158831508
xgboost_network_augmented,network_augmented,xgboost_08,36,0.08753738727809465,0.09878282153559981
xgboost_network_augmented,network_augmented,xgboost_08,37,0.08737393607803311,0.09858925053520111
xgboost_network_augmented,network_augmented,xgboost_08,38,0.08723704095020529,0.0983936600382082
xgboost_network_augmented,network_augmented,xgboost_08,39,0.08709681486572281,0.09819365309122366
xgboost_network_augmented,network_augmented,xgboost_08,40,0.0869575533344661,0.09807792592676864
xgboost_network_augmented,network_augmented,xgboost_08,41,0.08683996426039826,0.09792266552321345
xgboost_network_augmented,network_augmented,xgboost_08,42,0.08671715027891916,0.09775133425015582
xgboost_network_augmented,network_augmented,xgboost_08,43,0.08660029930664437,0.09761979979114287
xgboost_network_augmented,network_augmented,xgboost_08,44,0.08649629874993192,0.09746206007162725
xgboost_network_augmented,network_augmented,xgboost_08,45,0.08639632958687603,0.0973104671309986
xgboost_network_augmented,network_augmented,xgboost_08,46,0.08629484531568568,0.09722918242307374
xgboost_network_augmented,network_augmented,xgboost_08,47,0.08619990497120937,0.09714029826974023
xgboost_network_augmented,network_augmented,xgboost_08,48,0.08611069397241415,0.0970558759758016
xgboost_network_augmented,network_augmented,xgboost_08,49,0.08602995959839999,0.09696414043643217
xgboost_network_augmented,network_augmented,xgboost_08,50,0.0859532689795325,0.09681894911007086
xgboost_network_augmented,network_augmented,xgboost_08,51,0.0858718434414321,0.09677089378300406
xgboost_network_augmented,network_augmented,xgboost_08,52,0.08580316244708328,0.09672563275524654
xgboost_network_augmented,network_augmented,xgboost_08,53,0.08573046594612849,0.09665768226311022
xgboost_network_augmented,network_augmented,xgboost_08,54,0.0856686112374483,0.09656341372340865
xgboost_network_augmented,network_augmented,xgboost_08,55,0.08560032550632796,0.0965253574892012
xgboost_network_augmented,network_augmented,xgboost_08,56,0.08553609824595965,0.09644452142890862
xgboost_network_augmented,network_augmented,xgboost_08,57,0.0854788430695303,0.09640294794060429
xgboost_network_augmented,network_augmented,xgboost_08,58,0.08542519790629219,0.09638365086615347
xgboost_network_augmented,network_augmented,xgboost_08,59,0.08536659630788426,0.09633432065363262
xgboost_network_augmented,network_augmented,xgboost_08,60,0.08532003603899772,0.09631539069590991
xgboost_network_augmented,network_augmented,xgboost_08,61,0.08526447324334423,0.09627956273351383
xgboost_network_augmented,network_augmented,xgboost_08,62,0.08522633534200805,0.09622146493757412
xgboost_network_augmented,network_augmented,xgboost_08,63,0.0851794027127049,0.09617384564573278
xgboost_network_augmented,network_augmented,xgboost_08,64,0.08513071407735434,0.09613187599356535
xgboost_network_augmented,network_augmented,xgboost_08,65,0.08507667733236209,0.0960833587656032
xgboost_network_augmented,network_augmented,xgboost_08,66,0.0850315154735533,0.09605615799736368
xgboost_network_augmented,network_augmented,xgboost_08,67,0.08499691938139807,0.09601514388842596
xgboost_network_augmented,network_augmented,xgboost_08,68,0.08495822071482859,0.09596904206380141
xgboost_network_augmented,network_augmented,xgboost_08,69,0.08491701737923524,0.09591789022293647
xgboost_network_augmented,network_augmented,xgboost_08,70,0.08488472433974922,0.09588095340298594
xgboost_network_augmented,network_augmented,xgboost_08,71,0.08483181608865244,0.09585122347666837
xgboost_network_augmented,network_augmented,xgboost_08,72,0.084791702898863,0.09583666337635692
xgboost_network_augmented,network_augmented,xgboost_08,73,0.08475314713732555,0.09581194514265041
xgboost_network_augmented,network_augmented,xgboost_08,74,0.08472556214927644,0.09579634555020135
xgboost_network_augmented,network_augmented,xgboost_08,75,0.08468908823347016,0.09577997211205926
xgboost_network_augmented,network_augmented,xgboost_08,76,0.08465233029908914,0.09574099631421193
xgboost_network_augmented,network_augmented,xgboost_08,77,0.0846244760415947,0.09572008567519846
xgboost_network_augmented,network_augmented,xgboost_08,78,0.08459271376489859,0.09569647487441998
xgboost_network_augmented,network_augmented,xgboost_08,79,0.08457215819774615,0.09567867431311752
xgboost_network_augmented,network_augmented,xgboost_08,80,0.08454494103404736,0.09566184726033121
xgboost_network_augmented,network_augmented,xgboost_08,81,0.08452213503374431,0.09562584241208551
xgboost_network_augmented,network_augmented,xgboost_08,82,0.08449306545261488,0.09559764197618491
xgboost_network_augmented,network_augmented,xgboost_08,83,0.08447224533794016,0.09557671225590257
xgboost_network_augmented,network_augmented,xgboost_08,84,0.08444256668573503,0.09555583722089105
xgboost_network_augmented,network_augmented,xgboost_08,85,0.08441628373784914,0.09554189336590839
xgboost_network_augmented,network_augmented,xgboost_08,86,0.08438601730557845,0.09554062751086091
xgboost_network_augmented,network_augmented,xgboost_08,87,0.08435670986094242,0.09550023696494767
xgboost_network_augmented,network_augmented,xgboost_08,88,0.08433919106343529,0.09547067581486524
xgboost_network_augmented,network_augmented,xgboost_08,89,0.08432317737755152,0.09545800814685647
xgboost_network_augmented,network_augmented,xgboost_08,90,0.0843039155650708,0.0954505836569562
xgboost_network_augmented,network_augmented,xgboost_08,91,0.08427619140056014,0.09544184382429237
xgboost_network_augmented,network_augmented,xgboost_08,92,0.08425015938594888,0.09540664948806866
xgboost_network_augmented,network_augmented,xgboost_08,93,0.0842351363138017,0.09538372281248292
xgboost_network_augmented,network_augmented,xgboost_08,94,0.08420375606851313,0.09537963157058112
xgboost_network_augmented,network_augmented,xgboost_08,95,0.08418101562192598,0.09536400558342983
xgboost_network_augmented,network_augmented,xgboost_08,96,0.0841666740349595,0.09534623572681346
xgboost_network_augmented,network_augmented,xgboost_08,97,0.08414968935905534,0.09532223912882386
xgboost_network_augmented,network_augmented,xgboost_08,98,0.08412146745247447,0.0952792150048803
xgboost_network_augmented,network_augmented,xgboost_08,99,0.08409938620273301,0.09520878475437712
xgboost_network_augmented,network_augmented,xgboost_08,100,0.08407943383167507,0.0952101983181377
xgboost_network_augmented,network_augmented,xgboost_08,101,0.08405956260457256,0.09518861233060313
xgboost_network_augmented,network_augmented,xgboost_08,102,0.08404322107469528,0.09517978218509826
xgboost_network_augmented,network_augmented,xgboost_08,103,0.0840231977655527,0.09515751827897338
xgboost_network_augmented,network_augmented,xgboost_08,104,0.08400235876002601,0.0951462120214132
xgboost_network_augmented,network_augmented,xgboost_08,105,0.08399027017353708,0.09514510844866618
xgboost_network_augmented,network_augmented,xgboost_08,106,0.08397835563813244,0.0951278318292106
xgboost_network_augmented,network_augmented,xgboost_08,107,0.08395779244492488,0.095103277257551
xgboost_network_augmented,network_augmented,xgboost_08,108,0.0839405017435142,0.0950864491314057
xgboost_network_augmented,network_augmented,xgboost_08,109,0.08392235032222274,0.09508353984679163
xgboost_network_augmented,network_augmented,xgboost_08,110,0.08389991997954818,0.09508468767121356
xgboost_network_augmented,network_augmented,xgboost_08,111,0.08387926197866401,0.09503678037479232
xgboost_network_augmented,network_augmented,xgboost_08,112,0.08386588483083929,0.09503134576595497
xgboost_network_augmented,network_augmented,xgboost_08,113,0.08384226565718157,0.09502816730379349
xgboost_network_augmented,network_augmented,xgboost_08,114,0.08382867534550807,0.09502037407220842
xgboost_network_augmented,network_augmented,xgboost_08,115,0.08381452095829876,0.09497438813161684
xgboost_network_augmented,network_augmented,xgboost_08,116,0.08379430564128854,0.09497438576538805
xgboost_network_augmented,network_augmented,xgboost_08,117,0.0837808837742414,0.0949538033439313
xgboost_network_augmented,network_augmented,xgboost_08,118,0.08376310153950745,0.0949687507564671
xgboost_network_augmented,network_augmented,xgboost_08,119,0.0837518711782479,0.09496394459680696
xgboost_network_augmented,network_augmented,xgboost_08,120,0.08374309857945204,0.09496631785996057
xgboost_network_augmented,network_augmented,xgboost_08,121,0.08373052976280577,0.09497249298670708
xgboost_network_augmented,network_augmented,xgboost_08,122,0.08371586515704933,0.09493674980550462
xgboost_network_augmented,network_augmented,xgboost_08,123,0.08370602096878348,0.09492484887886123
xgboost_network_augmented,network_augmented,xgboost_08,124,0.08369469020903794,0.09491550332497665
xgboost_network_augmented,network_augmented,xgboost_08,125,0.08368068999701415,0.09490650080619281
xgboost_network_augmented,network_augmented,xgboost_08,126,0.08367400418028786,0.09489854843754245
xgboost_network_augmented,network_augmented,xgboost_08,127,0.08366313324473601,0.09486843559147332
xgboost_network_augmented,network_augmented,xgboost_08,128,0.08365290515271233,0.09487317299911835
xgboost_network_augmented,network_augmented,xgboost_08,129,0.083633923464,0.0948600667989016
xgboost_network_augmented,network_augmented,xgboost_08,130,0.08362284813236746,0.094859539434391
xgboost_network_augmented,network_augmented,xgboost_08,131,0.08360947067575451,0.09485924571262629
xgboost_network_augmented,network_augmented,xgboost_08,132,0.08359631222727629,0.09484001696959733
xgboost_network_augmented,network_augmented,xgboost_08,133,0.08358822545712977,0.09483776084749262
xgboost_network_augmented,network_augmented,xgboost_08,134,0.08357340733911502,0.09484328339479363
xgboost_network_augmented,network_augmented,xgboost_08,135,0.08356403824072521,0.09484584178228464
xgboost_network_augmented,network_augmented,xgboost_08,136,0.08355248460551387,0.09483782157476409
xgboost_network_augmented,network_augmented,xgboost_08,137,0.0835427149430059,0.09481862550976199
xgboost_network_augmented,network_augmented,xgboost_08,138,0.08353396923957157,0.0948174873989756
xgboost_network_augmented,network_augmented,xgboost_08,139,0.08352234819932934,0.09482042535062368
xgboost_network_augmented,network_augmented,xgboost_08,140,0.0835088863760603,0.09479267422615306
xgboost_network_augmented,network_augmented,xgboost_08,141,0.08349776260439894,0.09479236796920522
xgboost_network_augmented,network_augmented,xgboost_08,142,0.0834847287596302,0.09475066204705643
xgboost_network_augmented,network_augmented,xgboost_08,143,0.08347244191319218,0.09475288770216353
xgboost_network_augmented,network_augmented,xgboost_08,144,0.08346518049889498,0.09475650492807865
xgboost_network_augmented,network_augmented,xgboost_08,145,0.08345993580833276,0.09476949275229445
xgboost_network_augmented,network_augmented,xgboost_08,146,0.08344516751328834,0.09477240203101645
xgboost_network_augmented,network_augmented,xgboost_08,147,0.08343506162096404,0.09477111693235486
xgboost_network_augmented,network_augmented,xgboost_08,148,0.08342330683608626,0.09473813264114865
xgboost_network_augmented,network_augmented,xgboost_08,149,0.08341748083333955,0.0947534606246327
xgboost_network_augmented,network_augmented,xgboost_08,150,0.08340648023426664,0.0947140874878938
xgboost_network_augmented,network_augmented,xgboost_08,151,0.08340179016907452,0.09470450444825707
xgboost_network_augmented,network_augmented,xgboost_08,152,0.08338960544168171,0.09469796246428407
xgboost_network_augmented,network_augmented,xgboost_08,153,0.08338393498977946,0.09469817059601235
xgboost_network_augmented,network_augmented,xgboost_08,154,0.08338000651670542,0.0946993617099473
xgboost_network_augmented,network_augmented,xgboost_08,155,0.08336933729058707,0.09469386926784595
xgboost_network_augmented,network_augmented,xgboost_08,156,0.08336628668526698,0.09469830130047265
xgboost_network_augmented,network_augmented,xgboost_08,157,0.08335598414855698,0.09469413107880606
xgboost_network_augmented,network_augmented,xgboost_08,158,0.08334892610379491,0.0947042383388465
xgboost_network_augmented,network_augmented,xgboost_08,159,0.08333611878521086,0.09470783430856809
xgboost_network_augmented,network_augmented,xgboost_08,160,0.08332555080720504,0.09467864801450562
xgboost_network_augmented,network_augmented,xgboost_08,161,0.08332047765501967,0.09468611446243727
xgboost_network_augmented,network_augmented,xgboost_08,162,0.08331582313893332,0.09468522504887705
xgboost_network_augmented,network_augmented,xgboost_08,163,0.08331287539891422,0.09468225648894711
xgboost_network_augmented,network_augmented,xgboost_08,164,0.08330020695408236,0.09465648382383142
xgboost_network_augmented,network_augmented,xgboost_08,165,0.0832950821966158,0.09465219127271274
xgboost_network_augmented,network_augmented,xgboost_08,166,0.08328539911265787,0.09463448501731722
xgboost_network_augmented,network_augmented,xgboost_08,167,0.08327521001594418,0.09462965036976694
xgboost_network_augmented,network_augmented,xgboost_08,168,0.08326557634126282,0.09460787237420636
xgboost_network_augmented,network_augmented,xgboost_08,169,0.08325945158922912,0.09460770945481055
xgboost_network_augmented,network_augmented,xgboost_08,170,0.08325618634127128,0.09462437556643098
xgboost_network_augmented,network_augmented,xgboost_08,171,0.08324746534574037,0.09462486593779099
xgboost_network_augmented,network_augmented,xgboost_08,172,0.08324298251082402,0.09463686961743333
xgboost_network_augmented,network_augmented,xgboost_08,173,0.08323672150966284,0.0946268502602534
xgboost_network_augmented,network_augmented,xgboost_08,174,0.083229176570503,0.09461053418576505
xgboost_network_augmented,network_augmented,xgboost_08,175,0.08322228932905673,0.09461192832288137
xgboost_network_augmented,network_augmented,xgboost_08,176,0.08321440067438096,0.09461129440335932
xgboost_network_augmented,network_augmented,xgboost_08,177,0.08320955950169298,0.09460724653358482
xgboost_network_augmented,network_augmented,xgboost_08,178,0.08320224766686107,0.0946074039339949
xgboost_network_augmented,network_augmented,xgboost_08,179,0.0831956755121902,0.09459537428713856
xgboost_network_augmented,network_augmented,xgboost_08,180,0.08319415364291462,0.0945941632812115
xgboost_network_augmented,network_augmented,xgboost_08,181,0.08318675181116482,0.09461005341696886
xgboost_network_augmented,network_augmented,xgboost_08,182,0.08317858784997954,0.09461347934152986
xgboost_network_augmented,network_augmented,xgboost_08,183,0.08317472699824766,0.094620988153544
xgboost_network_augmented,network_augmented,xgboost_08,184,0.0831679210201072,0.09463499525045684
xgboost_network_augmented,network_augmented,xgboost_08,185,0.08315985655051364,0.09462062594829197
xgboost_network_augmented,network_augmented,xgboost_08,186,0.08315196290132894,0.09462906442608181
xgboost_network_augmented,network_augmented,xgboost_08,187,0.08314619523822145,0.09463079926366158
xgboost_network_augmented,network_augmented,xgboost_08,188,0.08313970385699625,0.09463200423473371
xgboost_network_augmented,network_augmented,xgboost_08,189,0.08313406543324355,0.0946339280625986
xgboost_network_augmented,network_augmented,xgboost_08,190,0.0831225321983985,0.09464783545258545
xgboost_network_augmented,network_augmented,xgboost_08,191,0.08311712688941617,0.09462086581506576
xgboost_network_augmented,network_augmented,xgboost_08,192,0.08311410080505938,0.0946186059671693
xgboost_network_augmented,network_augmented,xgboost_08,193,0.08310616076129329,0.09461474161470244
xgboost_network_augmented,network_augmented,xgboost_08,194,0.08310089234194604,0.09460511251954094
xgboost_network_augmented,network_augmented,xgboost_08,195,0.08309683588305719,0.09460729980538653
xgboost_network_augmented,network_augmented,xgboost_08,196,0.08309160851496997,0.09460206542839544
xgboost_network_augmented,network_augmented,xgboost_08,197,0.08308345937504795,0.09460395762689591
xgboost_network_augmented,network_augmented,xgboost_08,198,0.08307701647709574,0.09460797316151166
xgboost_network_augmented,network_augmented,xgboost_08,199,0.08306939884570781,0.0946117737358703
xgboost_network_augmented,network_augmented,xgboost_08,200,0.08306306258333651,0.09460407631994015
xgboost_network_augmented,network_augmented,xgboost_08,201,0.08305948270912236,0.09461354104512926
xgboost_network_augmented,network_augmented,xgboost_08,202,0.08305422800020122,0.09460087896442912
xgboost_network_augmented,network_augmented,xgboost_08,203,0.08304913596766647,0.09460392293403308
xgboost_network_augmented,network_augmented,xgboost_08,204,0.08304406333077015,0.0946283911031779
xgboost_network_augmented,network_augmented,xgboost_08,205,0.08303845196364942,0.09463231309083502
xgboost_network_augmented,network_augmented,xgboost_08,206,0.08303520773823864,0.094635923777434
xgboost_network_augmented,network_augmented,xgboost_08,207,0.08302299788154473,0.09463336998136705
xgboost_network_augmented,network_augmented,xgboost_08,208,0.08301739138618203,0.09461917815024683
xgboost_network_augmented,network_augmented,xgboost_08,209,0.08301119451255103,0.0946221525622523
xgboost_network_augmented,network_augmented,xgboost_08,210,0.08300102954880663,0.094608007319074
xgboost_network_augmented,network_augmented,xgboost_09,1,0.11133183938662224,0.1317704072925902
xgboost_network_augmented,network_augmented,xgboost_09,2,0.10929922986437056,0.1288372517714716
xgboost_network_augmented,network_augmented,xgboost_09,3,0.10743269025848512,0.1261593474807068
xgboost_network_augmented,network_augmented,xgboost_09,4,0.10569898747904104,0.12373254034602517
xgboost_network_augmented,network_augmented,xgboost_09,5,0.10412005515472297,0.12151765620702247
xgboost_network_augmented,network_augmented,xgboost_09,6,0.10270329083965647,0.1194930283157417
xgboost_network_augmented,network_augmented,xgboost_09,7,0.10136203497873097,0.11756666054151103
xgboost_network_augmented,network_augmented,xgboost_09,8,0.10018575136156066,0.11586332939482943
xgboost_network_augmented,network_augmented,xgboost_09,9,0.09903742968850728,0.1142689977345171
xgboost_network_augmented,network_augmented,xgboost_09,10,0.09796815481021223,0.11272688793400316
xgboost_network_augmented,network_augmented,xgboost_09,11,0.09697952789093886,0.11130210792407372
xgboost_network_augmented,network_augmented,xgboost_09,12,0.09607245430096677,0.1100059379659907
xgboost_network_augmented,network_augmented,xgboost_09,13,0.0952463929531576,0.10891561027802302
xgboost_network_augmented,network_augmented,xgboost_09,14,0.09447803063354591,0.1078900520790452
xgboost_network_augmented,network_augmented,xgboost_09,15,0.09376492678258198,0.10692678323535326
xgboost_network_augmented,network_augmented,xgboost_09,16,0.09309768219946238,0.10604350329817408
xgboost_network_augmented,network_augmented,xgboost_09,17,0.09249805818905756,0.1052534131235198
xgboost_network_augmented,network_augmented,xgboost_09,18,0.09193270494370484,0.104521503239501
xgboost_network_augmented,network_augmented,xgboost_09,19,0.09140898438954921,0.1038075192984525
xgboost_network_augmented,network_augmented,xgboost_09,20,0.09092193440614832,0.10317514712628549
xgboost_network_augmented,network_augmented,xgboost_09,21,0.09046720974467212,0.10259321680412084
xgboost_network_augmented,network_augmented,xgboost_09,22,0.09005597073735654,0.10203939250401219
xgboost_network_augmented,network_augmented,xgboost_09,23,0.08965931087124429,0.10153729738741571
xgboost_network_augmented,network_augmented,xgboost_09,24,0.08930203519487291,0.10110267180975023
xgboost_network_augmented,network_augmented,xgboost_09,25,0.08896052464081433,0.10071819895036746
xgboost_network_augmented,network_augmented,xgboost_09,26,0.08865180481191698,0.10031747017273882
xgboost_network_augmented,network_augmented,xgboost_09,27,0.0883602159076319,0.09993778406354668
xgboost_network_augmented,network_augmented,xgboost_09,28,0.08808301515615614,0.0995752499290267
xgboost_network_augmented,network_augmented,xgboost_09,29,0.08782589310093994,0.09923424148087905
xgboost_network_augmented,network_augmented,xgboost_09,30,0.0876027663100737,0.09896501744029872
xgboost_network_augmented,network_augmented,xgboost_09,31,0.08738941049077772,0.09869074775852531
xgboost_network_augmented,network_augmented,xgboost_09,32,0.08717816741336967,0.09839700308772172
xgboost_network_augmented,network_augmented,xgboost_09,33,0.08697916476404446,0.09818377844795739
xgboost_network_augmented,network_augmented,xgboost_09,34,0.0867905553614701,0.0979250935163925
xgboost_network_augmented,network_augmented,xgboost_09,35,0.08662325594414387,0.09772682292689014
xgboost_network_augmented,network_augmented,xgboost_09,36,0.0864440928341579,0.09757872631788145
xgboost_network_augmented,network_augmented,xgboost_09,37,0.08630249321265357,0.0974256228997818
xgboost_network_augmented,network_augmented,xgboost_09,38,0.08614550840222347,0.09725981201589917
xgboost_network_augmented,network_augmented,xgboost_09,39,0.08601728266651115,0.09709804599871764
xgboost_network_augmented,network_augmented,xgboost_09,40,0.08588733336942354,0.09695329956323218
xgboost_network_augmented,network_augmented,xgboost_09,41,0.08575718957773144,0.09680147315925224
xgboost_network_augmented,network_augmented,xgboost_09,42,0.08563525986155912,0.09668620580451047
xgboost_network_augmented,network_augmented,xgboost_09,43,0.08550184429236675,0.09654906977417853
xgboost_network_augmented,network_augmented,xgboost_09,44,0.08539450052786196,0.09641132221517962
xgboost_network_augmented,network_augmented,xgboost_09,45,0.08530058579094488,0.0962784334461595
xgboost_network_augmented,network_augmented,xgboost_09,46,0.08520133349759475,0.09617956936547951
xgboost_network_augmented,network_augmented,xgboost_09,47,0.08511719292572789,0.09606864824234188
xgboost_network_augmented,network_augmented,xgboost_09,48,0.08502216392135271,0.09599161679385239
xgboost_network_augmented,network_augmented,xgboost_09,49,0.0849333079645918,0.09593793503608646
xgboost_network_augmented,network_augmented,xgboost_09,50,0.0848421813124426,0.09585021978710787
xgboost_network_augmented,network_augmented,xgboost_09,51,0.08476641426803583,0.09580868304448736
xgboost_network_augmented,network_augmented,xgboost_09,52,0.08469225459886623,0.09572006125433848
xgboost_network_augmented,network_augmented,xgboost_09,53,0.08462887741121847,0.09566397923045487
xgboost_network_augmented,network_augmented,xgboost_09,54,0.08456644871824368,0.09561398955229267
xgboost_network_augmented,network_augmented,xgboost_09,55,0.08449429935587606,0.09556602987176593
xgboost_network_augmented,network_augmented,xgboost_09,56,0.08443905077726901,0.09550727516320467
xgboost_network_augmented,network_augmented,xgboost_09,57,0.08437988209016485,0.09547566438863762
xgboost_network_augmented,network_augmented,xgboost_09,58,0.08432476827187523,0.09541447081102034
xgboost_network_augmented,network_augmented,xgboost_09,59,0.08426958190029867,0.09540278949272221
xgboost_network_augmented,network_augmented,xgboost_09,60,0.08421870454270841,0.09538788139882279
xgboost_network_augmented,network_augmented,xgboost_09,61,0.08416485320056717,0.09534314515961462
xgboost_network_augmented,network_augmented,xgboost_09,62,0.08412783782124454,0.09531262632209177
xgboost_network_augmented,network_augmented,xgboost_09,63,0.08407253072550751,0.09530142768199543
xgboost_network_augmented,network_augmented,xgboost_09,64,0.0840315433447138,0.09526148207484673
xgboost_network_augmented,network_augmented,xgboost_09,65,0.08397835203788015,0.09527035222434813
xgboost_network_augmented,network_augmented,xgboost_09,66,0.08394748397018803,0.0952373171743692
xgboost_network_augmented,network_augmented,xgboost_09,67,0.08390109001065167,0.0952173322207272
xgboost_network_augmented,network_augmented,xgboost_09,68,0.08386209350451825,0.09519118298500022
xgboost_network_augmented,network_augmented,xgboost_09,69,0.08382438558355457,0.09515013551656175
xgboost_network_augmented,network_augmented,xgboost_09,70,0.08378570511412434,0.09512064731577685
xgboost_network_augmented,network_augmented,xgboost_09,71,0.08375728562448491,0.09510224942079819
xgboost_network_augmented,network_augmented,xgboost_09,72,0.08372975100078615,0.095087797321311
xgboost_network_augmented,network_augmented,xgboost_09,73,0.08369272596046358,0.09506987988711134
xgboost_network_augmented,network_augmented,xgboost_09,74,0.08366776041102061,0.09505062486772294
xgboost_network_augmented,network_augmented,xgboost_09,75,0.08364233719396627,0.09503973579854837
xgboost_network_augmented,network_augmented,xgboost_09,76,0.08361191313341443,0.09502461542841611
xgboost_network_augmented,network_augmented,xgboost_09,77,0.08357641019541062,0.09499770585662673
xgboost_network_augmented,network_augmented,xgboost_09,78,0.08354967254955874,0.09495616411991585
xgboost_network_augmented,network_augmented,xgboost_09,79,0.08351793989287927,0.09495289549234036
xgboost_network_augmented,network_augmented,xgboost_09,80,0.0834928369797702,0.09493891119358737
xgboost_network_augmented,network_augmented,xgboost_09,81,0.08347252884877016,0.09494626500689798
xgboost_network_augmented,network_augmented,xgboost_09,82,0.08344690463745161,0.09493758926299214
xgboost_network_augmented,network_augmented,xgboost_09,83,0.0834211572295903,0.09494319892298997
xgboost_network_augmented,network_augmented,xgboost_09,84,0.0833865533041268,0.09494102934418279
xgboost_network_augmented,network_augmented,xgboost_09,85,0.08336125013395121,0.09492350877801087
xgboost_network_augmented,network_augmented,xgboost_09,86,0.0833360809397691,0.09491684421398491
xgboost_network_augmented,network_augmented,xgboost_09,87,0.08331724603353129,0.09490440523249133
xgboost_network_augmented,network_augmented,xgboost_09,88,0.08330058392038192,0.09488793046735573
xgboost_network_augmented,network_augmented,xgboost_09,89,0.08326910955315472,0.09489911149180337
xgboost_network_augmented,network_augmented,xgboost_09,90,0.08323360908900777,0.09491398102037336
xgboost_network_augmented,network_augmented,xgboost_09,91,0.08321601081020477,0.09492315899837461
xgboost_network_augmented,network_augmented,xgboost_09,92,0.08318567093234817,0.09491894981748769
xgboost_network_augmented,network_augmented,xgboost_09,93,0.08316573401424375,0.09491391320670116
xgboost_network_augmented,network_augmented,xgboost_09,94,0.08313882837844648,0.09491183346648635
xgboost_network_augmented,network_augmented,xgboost_09,95,0.08311210334891547,0.09491538755489877
xgboost_network_augmented,network_augmented,xgboost_09,96,0.0830965666749121,0.09490476907937334
xgboost_network_augmented,network_augmented,xgboost_09,97,0.08308040089874266,0.09489807772211584
xgboost_network_augmented,network_augmented,xgboost_09,98,0.08305854648716401,0.09490055409618006
xgboost_network_augmented,network_augmented,xgboost_09,99,0.08304525951964628,0.09490808879517582
xgboost_network_augmented,network_augmented,xgboost_09,100,0.08303339686596066,0.09487225811791614
xgboost_network_augmented,network_augmented,xgboost_09,101,0.08302070177066725,0.09486256326415995
xgboost_network_augmented,network_augmented,xgboost_09,102,0.0830049897016391,0.0948485827072452
xgboost_network_augmented,network_augmented,xgboost_09,103,0.08299134306583088,0.09484325552644801
xgboost_network_augmented,network_augmented,xgboost_09,104,0.0829765107242677,0.09485573001127695
xgboost_network_augmented,network_augmented,xgboost_09,105,0.08295453163160947,0.09486337032631442
xgboost_network_augmented,network_augmented,xgboost_09,106,0.08293690584486399,0.0948707997605359
xgboost_network_augmented,network_augmented,xgboost_09,107,0.08292361916594182,0.0948581674327651
xgboost_network_augmented,network_augmented,xgboost_09,108,0.08291116862629203,0.09486981128830238
xgboost_network_augmented,network_augmented,xgboost_09,109,0.08290119730087493,0.09486385497672872
xgboost_network_augmented,network_augmented,xgboost_09,110,0.08288313247624973,0.094864736626802
xgboost_network_augmented,network_augmented,xgboost_09,111,0.0828664523666539,0.09486310347676004
xgboost_network_augmented,network_augmented,xgboost_09,112,0.0828568545910042,0.09486233998530806
xgboost_network_augmented,network_augmented,xgboost_09,113,0.08284462347537971,0.09486435308336895
xgboost_network_augmented,network_augmented,xgboost_09,114,0.08282791111307747,0.09483093091673213
xgboost_network_augmented,network_augmented,xgboost_09,115,0.08282146906980752,0.09482884034175947
xgboost_network_augmented,network_augmented,xgboost_09,116,0.08280810806260026,0.09481160030702147
xgboost_network_augmented,network_augmented,xgboost_09,117,0.08279037073691782,0.09480508355826725
xgboost_network_augmented,network_augmented,xgboost_09,118,0.08276887377433274,0.0948250040270038
xgboost_network_augmented,network_augmented,xgboost_09,119,0.0827570221951635,0.094823328552118
xgboost_network_augmented,network_augmented,xgboost_09,120,0.08274856574694422,0.09481863621602266
xgboost_network_augmented,network_augmented,xgboost_09,121,0.08273615184665345,0.09480054251451499
xgboost_network_augmented,network_augmented,xgboost_09,122,0.08272220912963782,0.09481590893984579
xgboost_network_augmented,network_augmented,xgboost_09,123,0.08270734901407653,0.09482253313343884
xgboost_network_augmented,network_augmented,xgboost_09,124,0.08269372673687782,0.09481832242337267
xgboost_network_augmented,network_augmented,xgboost_09,125,0.08267820343983574,0.09483445589106566
xgboost_network_augmented,network_augmented,xgboost_09,126,0.08266028487637732,0.09483446735564781
xgboost_network_augmented,network_augmented,xgboost_09,127,0.08265266011243569,0.09484614656646663
xgboost_network_augmented,network_augmented,xgboost_09,128,0.08264656028542919,0.09484263665087572
xgboost_network_augmented,network_augmented,xgboost_09,129,0.0826323770754071,0.09483763492764094
xgboost_network_augmented,network_augmented,xgboost_09,130,0.08261688877898875,0.09484713983108128
xgboost_network_augmented,network_augmented,xgboost_09,131,0.08260417401580206,0.09483204715754719
xgboost_network_augmented,network_augmented,xgboost_09,132,0.08259247336877454,0.09483553985539192
xgboost_network_augmented,network_augmented,xgboost_09,133,0.08257959810083045,0.09482947079411388
xgboost_network_augmented,network_augmented,xgboost_09,134,0.0825743850774777,0.09483411787976638
xgboost_network_augmented,network_augmented,xgboost_09,135,0.08255476319164955,0.09483802415227958
xgboost_network_augmented,network_augmented,xgboost_09,136,0.08254395556352291,0.09483492662228804
xgboost_network_augmented,network_augmented,xgboost_09,137,0.08253241819815003,0.09480663191269884
xgboost_network_augmented,network_augmented,xgboost_09,138,0.08251611023557862,0.09481182643299506
xgboost_network_augmented,network_augmented,xgboost_09,139,0.08250292230620546,0.09480575665100448
xgboost_network_augmented,network_augmented,xgboost_09,140,0.0824940720792945,0.09485824021069125
xgboost_network_augmented,network_augmented,xgboost_09,141,0.08248895109526765,0.09486947605567651
xgboost_network_augmented,network_augmented,xgboost_09,142,0.08247776798923022,0.0948701248966686
xgboost_network_augmented,network_augmented,xgboost_09,143,0.08246173793224373,0.09486717632237703
xgboost_network_augmented,network_augmented,xgboost_09,144,0.08245111687910547,0.09486501306074255
xgboost_network_augmented,network_augmented,xgboost_09,145,0.08244312612458407,0.09487870800124475
xgboost_network_augmented,network_augmented,xgboost_09,146,0.08243570635705608,0.09492197792389392
xgboost_network_augmented,network_augmented,xgboost_09,147,0.08242597646082056,0.09491399676811167
xgboost_network_augmented,network_augmented,xgboost_09,148,0.08241382256969869,0.09490981872554186
xgboost_network_augmented,network_augmented,xgboost_09,149,0.08240506213961471,0.09490424725791818
xgboost_network_augmented,network_augmented,xgboost_09,150,0.08239305786901434,0.09489107012750223
xgboost_network_augmented,network_augmented,xgboost_09,151,0.08237960477800318,0.09488848706453874
xgboost_network_augmented,network_augmented,xgboost_10,1,0.11127454198926316,0.13164534826503096
xgboost_network_augmented,network_augmented,xgboost_10,2,0.10936597974521958,0.1289085399515918
xgboost_network_augmented,network_augmented,xgboost_10,3,0.10748014873885614,0.12621901553966128
xgboost_network_augmented,network_augmented,xgboost_10,4,0.10574617812214104,0.12373554174783157
xgboost_network_augmented,network_augmented,xgboost_10,5,0.10421091117925217,0.12159190501860782
xgboost_network_augmented,network_augmented,xgboost_10,6,0.10274584486182227,0.11952121737857521
xgboost_network_augmented,network_augmented,xgboost_10,7,0.10139262491453589,0.11763206581404712
xgboost_network_augmented,network_augmented,xgboost_10,8,0.10015077799853073,0.11586279430193357
xgboost_network_augmented,network_augmented,xgboost_10,9,0.0989957771811167,0.11428756477367165
xgboost_network_augmented,network_augmented,xgboost_10,10,0.09794268210055272,0.11282917301711219
xgboost_network_augmented,network_augmented,xgboost_10,11,0.09699676389494288,0.1114801226883549
xgboost_network_augmented,network_augmented,xgboost_10,12,0.09611087634967737,0.11025964179580089
xgboost_network_augmented,network_augmented,xgboost_10,13,0.09530554468453485,0.10915152774340196
xgboost_network_augmented,network_augmented,xgboost_10,14,0.09452700432045676,0.10804708541539793
xgboost_network_augmented,network_augmented,xgboost_10,15,0.0938098437121077,0.10707963538365026
xgboost_network_augmented,network_augmented,xgboost_10,16,0.0931652101717601,0.10617366296798693
xgboost_network_augmented,network_augmented,xgboost_10,17,0.09254945871901316,0.1053499938983574
xgboost_network_augmented,network_augmented,xgboost_10,18,0.0919808815887602,0.10455808628198557
xgboost_network_augmented,network_augmented,xgboost_10,19,0.09147016480019177,0.1038873013643517
xgboost_network_augmented,network_augmented,xgboost_10,20,0.09098547967468368,0.10325618990308216
xgboost_network_augmented,network_augmented,xgboost_10,21,0.09053362108991951,0.10270634057271816
xgboost_network_augmented,network_augmented,xgboost_10,22,0.09011468745801113,0.1021894085796284
xgboost_network_augmented,network_augmented,xgboost_10,23,0.08972383495110105,0.10173486313333958
xgboost_network_augmented,network_augmented,xgboost_10,24,0.08936680695202036,0.10131759874659081
xgboost_network_augmented,network_augmented,xgboost_10,25,0.08905007886514497,0.1008724282019423
xgboost_network_augmented,network_augmented,xgboost_10,26,0.08874353165247725,0.10043973203606553
xgboost_network_augmented,network_augmented,xgboost_10,27,0.08843993385545842,0.10005943699610624
xgboost_network_augmented,network_augmented,xgboost_10,28,0.08816628298252442,0.09971126030013817
xgboost_network_augmented,network_augmented,xgboost_10,29,0.08790980060561408,0.09940023889655075
xgboost_network_augmented,network_augmented,xgboost_10,30,0.08766083476849483,0.09907670354683477
xgboost_network_augmented,network_augmented,xgboost_10,31,0.0874421907996951,0.09875362951332058
xgboost_network_augmented,network_augmented,xgboost_10,32,0.08723228775149763,0.09852227805349573
xgboost_network_augmented,network_augmented,xgboost_10,33,0.08703184308446174,0.09824727358391037
xgboost_network_augmented,network_augmented,xgboost_10,34,0.08682904696306681,0.09805832140153703
xgboost_network_augmented,network_augmented,xgboost_10,35,0.08665796685063024,0.09783391988784705
xgboost_network_augmented,network_augmented,xgboost_10,36,0.0864940479800664,0.09762433040129924
xgboost_network_augmented,network_augmented,xgboost_10,37,0.08632540482235308,0.09745068660263924
xgboost_network_augmented,network_augmented,xgboost_10,38,0.08618503471354517,0.09731280134780453
xgboost_network_augmented,network_augmented,xgboost_10,39,0.08603446218351506,0.09714136583481607
xgboost_network_augmented,network_augmented,xgboost_10,40,0.08589790901067992,0.0969967177925765
xgboost_network_augmented,network_augmented,xgboost_10,41,0.08578060204362487,0.09687378898895811
xgboost_network_augmented,network_augmented,xgboost_10,42,0.08566133255276775,0.0967379582510289
xgboost_network_augmented,network_augmented,xgboost_10,43,0.08554092472835079,0.09664572032499717
xgboost_network_augmented,network_augmented,xgboost_10,44,0.08544059108182198,0.09650473048536164
xgboost_network_augmented,network_augmented,xgboost_10,45,0.08533992349961597,0.0963839190505743
xgboost_network_augmented,network_augmented,xgboost_10,46,0.08523125989302516,0.09630787254597348
xgboost_network_augmented,network_augmented,xgboost_10,47,0.08514220591748355,0.09625852687442558
xgboost_network_augmented,network_augmented,xgboost_10,48,0.08504947483169553,0.09618897240399324
xgboost_network_augmented,network_augmented,xgboost_10,49,0.08496186563433088,0.096125242572871
xgboost_network_augmented,network_augmented,xgboost_10,50,0.08488073362982217,0.09606859386070052
xgboost_network_augmented,network_augmented,xgboost_10,51,0.0848074838577297,0.09600890335685947
xgboost_network_augmented,network_augmented,xgboost_10,52,0.08472666221398062,0.09594468514627175
xgboost_network_augmented,network_augmented,xgboost_10,53,0.08465182445837728,0.0959016202868379
xgboost_network_augmented,network_augmented,xgboost_10,54,0.0845917047348827,0.0958395872272873
xgboost_network_augmented,network_augmented,xgboost_10,55,0.08452359084217026,0.0957944915700252
xgboost_network_augmented,network_augmented,xgboost_10,56,0.08445568182032186,0.09575696029034786
xgboost_network_augmented,network_augmented,xgboost_10,57,0.0843931638395798,0.09570164434415729
xgboost_network_augmented,network_augmented,xgboost_10,58,0.0843283386771454,0.09568910074451238
xgboost_network_augmented,network_augmented,xgboost_10,59,0.08427376276617653,0.09565631188976262
xgboost_network_augmented,network_augmented,xgboost_10,60,0.08421898759185481,0.09563168768867146
xgboost_network_augmented,network_augmented,xgboost_10,61,0.08417015708888151,0.0956024731866547
xgboost_network_augmented,network_augmented,xgboost_10,62,0.08412818451067912,0.0955741173828562
xgboost_network_augmented,network_augmented,xgboost_10,63,0.08407673638147381,0.09555861962349153
xgboost_network_augmented,network_augmented,xgboost_10,64,0.08403145956135778,0.09553560358218308
xgboost_network_augmented,network_augmented,xgboost_10,65,0.0839858009049296,0.09551486930863695
xgboost_network_augmented,network_augmented,xgboost_10,66,0.08394739330041213,0.09548569390436677
xgboost_network_augmented,network_augmented,xgboost_10,67,0.08389796044979723,0.09548099722506634
xgboost_network_augmented,network_augmented,xgboost_10,68,0.08386245512057301,0.09544534166929583
xgboost_network_augmented,network_augmented,xgboost_10,69,0.08382858046681108,0.09543032755631227
xgboost_network_augmented,network_augmented,xgboost_10,70,0.08379353612678575,0.09540233586504022
xgboost_network_augmented,network_augmented,xgboost_10,71,0.08376573453349857,0.09538270771889065
xgboost_network_augmented,network_augmented,xgboost_10,72,0.08372637123756524,0.09538745265271023
xgboost_network_augmented,network_augmented,xgboost_10,73,0.08369432789665233,0.09536512179114902
xgboost_network_augmented,network_augmented,xgboost_10,74,0.08366638287503923,0.09534310472223781
xgboost_network_augmented,network_augmented,xgboost_10,75,0.08363442981813511,0.09532841279697055
xgboost_network_augmented,network_augmented,xgboost_10,76,0.08359698020164032,0.09533226230055263
xgboost_network_augmented,network_augmented,xgboost_10,77,0.08357090732367213,0.09530941582526693
xgboost_network_augmented,network_augmented,xgboost_10,78,0.08355281615568838,0.09529342713517205
xgboost_network_augmented,network_augmented,xgboost_10,79,0.08353202791451332,0.09528716993018602
xgboost_network_augmented,network_augmented,xgboost_10,80,0.08350335569469312,0.0952682312283861
xgboost_network_augmented,network_augmented,xgboost_10,81,0.08347958770614392,0.09522420256705132
xgboost_network_augmented,network_augmented,xgboost_10,82,0.08345019943657243,0.09523166710056283
xgboost_network_augmented,network_augmented,xgboost_10,83,0.08342572339119554,0.09523166835782951
xgboost_network_augmented,network_augmented,xgboost_10,84,0.08339973579174313,0.09520679932734032
xgboost_network_augmented,network_augmented,xgboost_10,85,0.08337364755245578,0.09519998551037843
xgboost_network_augmented,network_augmented,xgboost_10,86,0.08335162159356255,0.09519422251035643
xgboost_network_augmented,network_augmented,xgboost_10,87,0.08332338677917626,0.09519258247813024
xgboost_network_augmented,network_augmented,xgboost_10,88,0.08330487939469197,0.09517602043369025
xgboost_network_augmented,network_augmented,xgboost_10,89,0.08328177442740638,0.09515153412199555
xgboost_network_augmented,network_augmented,xgboost_10,90,0.08326138288067111,0.09514825371567795
xgboost_network_augmented,network_augmented,xgboost_10,91,0.0832337956082632,0.09514168262138696
xgboost_network_augmented,network_augmented,xgboost_10,92,0.083217880008279,0.09514533118519725
xgboost_network_augmented,network_augmented,xgboost_10,93,0.08320065029352174,0.09513679243246115
xgboost_network_augmented,network_augmented,xgboost_10,94,0.0831855058723249,0.09513824109526105
xgboost_network_augmented,network_augmented,xgboost_10,95,0.08316590050957105,0.09512084411079337
xgboost_network_augmented,network_augmented,xgboost_10,96,0.08314061238178491,0.09512780345339508
xgboost_network_augmented,network_augmented,xgboost_10,97,0.08312417804956394,0.09511862256596669
xgboost_network_augmented,network_augmented,xgboost_10,98,0.08310223299195307,0.09510759783647718
xgboost_network_augmented,network_augmented,xgboost_10,99,0.08308593573254565,0.09510710543348257
xgboost_network_augmented,network_augmented,xgboost_10,100,0.08306544017455328,0.09511699283796166
xgboost_network_augmented,network_augmented,xgboost_10,101,0.08304520905355019,0.09511754610224092
xgboost_network_augmented,network_augmented,xgboost_10,102,0.08302742820612133,0.09506198946062637
xgboost_network_augmented,network_augmented,xgboost_10,103,0.08301071808743145,0.0950433802776523
xgboost_network_augmented,network_augmented,xgboost_10,104,0.08300066690566461,0.09503516184936055
xgboost_network_augmented,network_augmented,xgboost_10,105,0.08298053991280134,0.09503189255848882
xgboost_network_augmented,network_augmented,xgboost_10,106,0.08296677606250383,0.0950169273342364
xgboost_network_augmented,network_augmented,xgboost_10,107,0.08294721503576323,0.09502257803573588
xgboost_network_augmented,network_augmented,xgboost_10,108,0.08293397318259406,0.09501247124643393
xgboost_network_augmented,network_augmented,xgboost_10,109,0.08291286844190963,0.09500491775688637
xgboost_network_augmented,network_augmented,xgboost_10,110,0.08289435930529815,0.09501491995310961
xgboost_network_augmented,network_augmented,xgboost_10,111,0.0828788808071056,0.09503188211010008
xgboost_network_augmented,network_augmented,xgboost_10,112,0.08286676176827716,0.09503059034926652
xgboost_network_augmented,network_augmented,xgboost_10,113,0.0828532034439165,0.09501203613350491
xgboost_network_augmented,network_augmented,xgboost_10,114,0.08284398417519723,0.09500683511551311
xgboost_network_augmented,network_augmented,xgboost_10,115,0.08283110180437152,0.09499261830127934
xgboost_network_augmented,network_augmented,xgboost_10,116,0.08281456175742725,0.09499423974503907
xgboost_network_augmented,network_augmented,xgboost_10,117,0.08280450564901207,0.09498948887352095
xgboost_network_augmented,network_augmented,xgboost_10,118,0.0827876418950722,0.09499169030383596
xgboost_network_augmented,network_augmented,xgboost_10,119,0.08276964674328535,0.09500657522398766
xgboost_network_augmented,network_augmented,xgboost_10,120,0.08275436624497484,0.09500552436379749
xgboost_network_augmented,network_augmented,xgboost_10,121,0.08273774414101173,0.09499986851651827
xgboost_network_augmented,network_augmented,xgboost_10,122,0.08272668016433582,0.09497586466539498
xgboost_network_augmented,network_augmented,xgboost_10,123,0.08271674706781039,0.09498774978663306
xgboost_network_augmented,network_augmented,xgboost_10,124,0.08270690888398749,0.09499436973818905
xgboost_network_augmented,network_augmented,xgboost_10,125,0.08269691337077095,0.09498571808155196
xgboost_network_augmented,network_augmented,xgboost_10,126,0.08268390496905695,0.09498043711085224
xgboost_network_augmented,network_augmented,xgboost_10,127,0.08267381912380257,0.09498702340943245
xgboost_network_augmented,network_augmented,xgboost_10,128,0.08266111716261297,0.09499389600803027
xgboost_network_augmented,network_augmented,xgboost_10,129,0.08265345380348298,0.09499060206512898
xgboost_network_augmented,network_augmented,xgboost_10,130,0.08263950218812406,0.09498777777971498
xgboost_network_augmented,network_augmented,xgboost_10,131,0.08262539343398301,0.0949976463643073
xgboost_network_augmented,network_augmented,xgboost_10,132,0.08261739211848887,0.09499590976424752
xgboost_network_augmented,network_augmented,xgboost_10,133,0.08261021394315833,0.09497962636051496
xgboost_network_augmented,network_augmented,xgboost_10,134,0.08259545682795713,0.09497020438715649
xgboost_network_augmented,network_augmented,xgboost_10,135,0.08258761888337462,0.09497322966512015
xgboost_network_augmented,network_augmented,xgboost_10,136,0.0825736317731984,0.09496281630583865
xgboost_network_augmented,network_augmented,xgboost_10,137,0.0825621165225819,0.09497421726181768
xgboost_network_augmented,network_augmented,xgboost_10,138,0.08255472242128119,0.09497232165206151
xgboost_network_augmented,network_augmented,xgboost_10,139,0.08254642007978497,0.09497968470764234
xgboost_network_augmented,network_augmented,xgboost_10,140,0.0825303286751448,0.09499350659346649
xgboost_network_augmented,network_augmented,xgboost_10,141,0.08251557071630565,0.09495775518355459
xgboost_network_augmented,network_augmented,xgboost_10,142,0.08250867045227779,0.09494150632763976
xgboost_network_augmented,network_augmented,xgboost_10,143,0.08249590217742402,0.09493945291906952
xgboost_network_augmented,network_augmented,xgboost_10,144,0.08248794057090451,0.09494303205641114
xgboost_network_augmented,network_augmented,xgboost_10,145,0.08247634854324395,0.09490994658350728
xgboost_network_augmented,network_augmented,xgboost_10,146,0.0824654081116825,0.09491097228143999
xgboost_network_augmented,network_augmented,xgboost_10,147,0.08245477772477976,0.09490245766160481
xgboost_network_augmented,network_augmented,xgboost_10,148,0.0824467630788186,0.09490167888588195
xgboost_network_augmented,network_augmented,xgboost_10,149,0.0824372922684869,0.09490829019640923
xgboost_network_augmented,network_augmented,xgboost_10,150,0.08242512695954331,0.09491095451297366
xgboost_network_augmented,network_augmented,xgboost_10,151,0.08241782660804642,0.09490766391651533
xgboost_network_augmented,network_augmented,xgboost_10,152,0.08240954233266284,0.09490491911219322
xgboost_network_augmented,network_augmented,xgboost_10,153,0.08239999674297631,0.09491169796149633
xgboost_network_augmented,network_augmented,xgboost_10,154,0.08239509982978473,0.09491600762004165
xgboost_network_augmented,network_augmented,xgboost_10,155,0.08238300078250393,0.09491057270230957
xgboost_network_augmented,network_augmented,xgboost_10,156,0.08237477972095515,0.09490223509055305
xgboost_network_augmented,network_augmented,xgboost_10,157,0.08236672248912176,0.09489534484772374
xgboost_network_augmented,network_augmented,xgboost_10,158,0.08235326269884147,0.09489411852029295
xgboost_network_augmented,network_augmented,xgboost_10,159,0.08234295434047574,0.09490946017048761
xgboost_network_augmented,network_augmented,xgboost_10,160,0.08233336137835336,0.0949191438106386
xgboost_network_augmented,network_augmented,xgboost_10,161,0.08232540651275223,0.09492001708131596
xgboost_network_augmented,network_augmented,xgboost_10,162,0.08231888968446988,0.09491900733483662
xgboost_network_augmented,network_augmented,xgboost_10,163,0.08231217570710568,0.09491727071095783
xgboost_network_augmented,network_augmented,xgboost_10,164,0.08230422656442389,0.09491953768461907
xgboost_network_augmented,network_augmented,xgboost_10,165,0.08229663288138232,0.09492029108083021
xgboost_network_augmented,network_augmented,xgboost_10,166,0.08228761915439893,0.09487790942692527
xgboost_network_augmented,network_augmented,xgboost_10,167,0.08227775559471982,0.09487280649541585
xgboost_network_augmented,network_augmented,xgboost_10,168,0.0822707055866973,0.0948792878468919
xgboost_network_augmented,network_augmented,xgboost_10,169,0.08226358824337027,0.09489403715862899
xgboost_network_augmented,network_augmented,xgboost_10,170,0.08225312575814903,0.09491302110084271
xgboost_network_augmented,network_augmented,xgboost_10,171,0.08225087367380442,0.09491689381640826
xgboost_network_augmented,network_augmented,xgboost_10,172,0.08224422105823778,0.09491944929923592
xgboost_network_augmented,network_augmented,xgboost_10,173,0.08222676048637613,0.09491923799331359
xgboost_network_augmented,network_augmented,xgboost_10,174,0.08221972729288236,0.09490383760673908
xgboost_network_augmented,network_augmented,xgboost_10,175,0.08221105369473472,0.09491618702819714
xgboost_network_augmented,network_augmented,xgboost_10,176,0.08220031039468056,0.09491053951430556
xgboost_network_augmented,network_augmented,xgboost_10,177,0.08219025260618176,0.09491998095668101
xgboost_network_augmented,network_augmented,xgboost_10,178,0.08218201871016513,0.09492162944201663
xgboost_network_augmented,network_augmented,xgboost_10,179,0.08217381301523194,0.09491999113892387
xgboost_network_augmented,network_augmented,xgboost_10,180,0.08216415662795899,0.09492018179252677
xgboost_network_augmented,network_augmented,xgboost_10,181,0.08215757740922698,0.09492558476322431
xgboost_network_augmented,network_augmented,xgboost_10,182,0.0821508689086784,0.09492876910466512
xgboost_network_augmented,network_augmented,xgboost_10,183,0.08213932343665903,0.09492169227363331
xgboost_network_augmented,network_augmented,xgboost_10,184,0.08213307525624311,0.09492361021068547
xgboost_network_augmented,network_augmented,xgboost_10,185,0.08211898894475597,0.09492702537432748
xgboost_network_augmented,network_augmented,xgboost_10,186,0.08211262633381997,0.09492392141508862
xgboost_network_augmented,network_augmented,xgboost_10,187,0.08210870312010675,0.09492287258791207
xgboost_network_augmented,network_augmented,xgboost_10,188,0.08209803554063827,0.09492140702954921
xgboost_network_augmented,network_augmented,xgboost_10,189,0.08209021344362383,0.09492023864056204
xgboost_network_augmented,network_augmented,xgboost_10,190,0.08208121165218876,0.09491255390285434
xgboost_network_augmented,network_augmented,xgboost_10,191,0.08207573242527473,0.09491713000139276
xgboost_network_augmented,network_augmented,xgboost_10,192,0.08206810165610773,0.09492439098519782
xgboost_network_augmented,network_augmented,xgboost_10,193,0.08205965198600224,0.09494756206858546
xgboost_network_augmented,network_augmented,xgboost_10,194,0.08205402361705154,0.09494487750851072
xgboost_network_augmented,network_augmented,xgboost_10,195,0.0820490931679415,0.09495232587983349
xgboost_network_augmented,network_augmented,xgboost_10,196,0.08203760285968599,0.0949520301589032
xgboost_network_augmented,network_augmented,xgboost_10,197,0.0820332958575328,0.09496081055794249
xgboost_network_augmented,network_augmented,xgboost_11,1,0.11133183938662224,0.1317704072925902
xgboost_network_augmented,network_augmented,xgboost_11,2,0.10929922986437056,0.1288372517714716
xgboost_network_augmented,network_augmented,xgboost_11,3,0.10743269025848512,0.1261593474807068
xgboost_network_augmented,network_augmented,xgboost_11,4,0.10569898747904104,0.12373254034602517
xgboost_network_augmented,network_augmented,xgboost_11,5,0.10412005515472297,0.12151765620702247
xgboost_network_augmented,network_augmented,xgboost_11,6,0.10270329083965647,0.1194930283157417
xgboost_network_augmented,network_augmented,xgboost_11,7,0.10136203497873097,0.11756666054151103
xgboost_network_augmented,network_augmented,xgboost_11,8,0.10018575136156066,0.11586332939482943
xgboost_network_augmented,network_augmented,xgboost_11,9,0.09903742968850728,0.1142689977345171
xgboost_network_augmented,network_augmented,xgboost_11,10,0.09796815481021223,0.11272688793400316
xgboost_network_augmented,network_augmented,xgboost_11,11,0.09697952789093886,0.11130210792407372
xgboost_network_augmented,network_augmented,xgboost_11,12,0.09607245430096677,0.1100059379659907
xgboost_network_augmented,network_augmented,xgboost_11,13,0.0952463929531576,0.10891561027802302
xgboost_network_augmented,network_augmented,xgboost_11,14,0.09447803063354591,0.1078900520790452
xgboost_network_augmented,network_augmented,xgboost_11,15,0.09376492678258198,0.10692678323535326
xgboost_network_augmented,network_augmented,xgboost_11,16,0.09309768219946238,0.10604350329817408
xgboost_network_augmented,network_augmented,xgboost_11,17,0.09249805818905756,0.1052534131235198
xgboost_network_augmented,network_augmented,xgboost_11,18,0.09193270494370484,0.104521503239501
xgboost_network_augmented,network_augmented,xgboost_11,19,0.09140898438954921,0.1038075192984525
xgboost_network_augmented,network_augmented,xgboost_11,20,0.09092193440614832,0.10317514712628549
xgboost_network_augmented,network_augmented,xgboost_11,21,0.09046720974467212,0.10259321680412084
xgboost_network_augmented,network_augmented,xgboost_11,22,0.09005597073735654,0.10203939250401219
xgboost_network_augmented,network_augmented,xgboost_11,23,0.08965931087124429,0.10153729738741571
xgboost_network_augmented,network_augmented,xgboost_11,24,0.08930203519487291,0.10110267180975023
xgboost_network_augmented,network_augmented,xgboost_11,25,0.08896052464081433,0.10071819895036746
xgboost_network_augmented,network_augmented,xgboost_11,26,0.08865180481191698,0.10031747017273882
xgboost_network_augmented,network_augmented,xgboost_11,27,0.0883602159076319,0.09993778406354668
xgboost_network_augmented,network_augmented,xgboost_11,28,0.08808301515615614,0.0995752499290267
xgboost_network_augmented,network_augmented,xgboost_11,29,0.08782589310093994,0.09923424148087905
xgboost_network_augmented,network_augmented,xgboost_11,30,0.0876027663100737,0.09896501744029872
xgboost_network_augmented,network_augmented,xgboost_11,31,0.08738941049077772,0.09869074775852531
xgboost_network_augmented,network_augmented,xgboost_11,32,0.08717816741336967,0.09839700308772172
xgboost_network_augmented,network_augmented,xgboost_11,33,0.08697916476404446,0.09818377844795739
xgboost_network_augmented,network_augmented,xgboost_11,34,0.0867905553614701,0.0979250935163925
xgboost_network_augmented,network_augmented,xgboost_11,35,0.08662325594414387,0.09772682292689014
xgboost_network_augmented,network_augmented,xgboost_11,36,0.0864440928341579,0.09757872631788145
xgboost_network_augmented,network_augmented,xgboost_11,37,0.08630249321265357,0.0974256228997818
xgboost_network_augmented,network_augmented,xgboost_11,38,0.08614550840222347,0.09725981201589917
xgboost_network_augmented,network_augmented,xgboost_11,39,0.08601728266651115,0.09709804599871764
xgboost_network_augmented,network_augmented,xgboost_11,40,0.08588733336942354,0.09695329956323218
xgboost_network_augmented,network_augmented,xgboost_11,41,0.08575718957773144,0.09680147315925224
xgboost_network_augmented,network_augmented,xgboost_11,42,0.08563525986155912,0.09668620580451047
xgboost_network_augmented,network_augmented,xgboost_11,43,0.08550184429236675,0.09654906977417853
xgboost_network_augmented,network_augmented,xgboost_11,44,0.08539450052786196,0.09641132221517962
xgboost_network_augmented,network_augmented,xgboost_11,45,0.08530058579094488,0.0962784334461595
xgboost_network_augmented,network_augmented,xgboost_11,46,0.08520133349759475,0.09617956936547951
xgboost_network_augmented,network_augmented,xgboost_11,47,0.08511719292572789,0.09606864824234188
xgboost_network_augmented,network_augmented,xgboost_11,48,0.08502216392135271,0.09599161679385239
xgboost_network_augmented,network_augmented,xgboost_11,49,0.0849333079645918,0.09593793503608646
xgboost_network_augmented,network_augmented,xgboost_11,50,0.0848421813124426,0.09585021978710787
xgboost_network_augmented,network_augmented,xgboost_11,51,0.08476641426803583,0.09580868304448736
xgboost_network_augmented,network_augmented,xgboost_11,52,0.08469225459886623,0.09572006125433848
xgboost_network_augmented,network_augmented,xgboost_11,53,0.08462887741121847,0.09566397923045487
xgboost_network_augmented,network_augmented,xgboost_11,54,0.08456644871824368,0.09561398955229267
xgboost_network_augmented,network_augmented,xgboost_11,55,0.08449429935587606,0.09556602987176593
xgboost_network_augmented,network_augmented,xgboost_11,56,0.08443910384496839,0.09550726366740711
xgboost_network_augmented,network_augmented,xgboost_11,57,0.08437993532662792,0.09547565291590687
xgboost_network_augmented,network_augmented,xgboost_11,58,0.08432482159591004,0.09541445939871461
xgboost_network_augmented,network_augmented,xgboost_11,59,0.08426963527904326,0.09540277799867973
xgboost_network_augmented,network_augmented,xgboost_11,60,0.08421875860035978,0.0953878700519566
xgboost_network_augmented,network_augmented,xgboost_11,61,0.08416490732514624,0.0953431338267891
xgboost_network_augmented,network_augmented,xgboost_11,62,0.08412789258988225,0.09531261510033798
xgboost_network_augmented,network_augmented,xgboost_11,63,0.08407258596907902,0.09530141649283604
xgboost_network_augmented,network_augmented,xgboost_11,64,0.08403159877998018,0.09526147085810746
xgboost_network_augmented,network_augmented,xgboost_11,65,0.08397840723233926,0.09527034095320126
xgboost_network_augmented,network_augmented,xgboost_11,66,0.08394753961550626,0.09523730611784399
xgboost_network_augmented,network_augmented,xgboost_11,67,0.08390114608209223,0.09521732127351862
xgboost_network_augmented,network_augmented,xgboost_11,68,0.08386214945305741,0.0951911719322359
xgboost_network_augmented,network_augmented,xgboost_11,69,0.08382444242508486,0.09515012491334955
xgboost_network_augmented,network_augmented,xgboost_11,70,0.08378576214650688,0.09512063598896878
xgboost_network_augmented,network_augmented,xgboost_11,71,0.08375734248708057,0.09510223800197358
xgboost_network_augmented,network_augmented,xgboost_11,72,0.08372981064942746,0.09508502276280592
xgboost_network_augmented,network_augmented,xgboost_11,73,0.08369278147902845,0.09506710256811049
xgboost_network_augmented,network_augmented,xgboost_11,74,0.08366781352566566,0.09504784236320224
xgboost_network_augmented,network_augmented,xgboost_11,75,0.08364258871454341,0.09503694890606795
xgboost_network_augmented,network_augmented,xgboost_11,76,0.08361216328239525,0.09502182370744999
xgboost_network_augmented,network_augmented,xgboost_11,77,0.08357665805452553,0.09499491056908002
xgboost_network_augmented,network_augmented,xgboost_11,78,0.08355010812362958,0.09495255248206154
xgboost_network_augmented,network_augmented,xgboost_11,79,0.08351837234259463,0.09494927811912358
xgboost_network_augmented,network_augmented,xgboost_11,80,0.08349387167757821,0.09493234398693191
xgboost_network_augmented,network_augmented,xgboost_11,81,0.0834735562496544,0.09493969058985764
xgboost_network_augmented,network_augmented,xgboost_11,82,0.08344794807130929,0.09493089313717248
xgboost_network_augmented,network_augmented,xgboost_11,83,0.08342222265539324,0.0949365991903731
xgboost_network_augmented,network_augmented,xgboost_11,84,0.08338781783751922,0.0949343703208304
xgboost_network_augmented,network_augmented,xgboost_11,85,0.08336251660343169,0.09491690824482515
xgboost_network_augmented,network_augmented,xgboost_11,86,0.08333734214573589,0.09491027805285782
xgboost_network_augmented,network_augmented,xgboost_11,87,0.0833185054603771,0.09489795475769956
xgboost_network_augmented,network_augmented,xgboost_11,88,0.08330184559592588,0.0948814300584298
xgboost_network_augmented,network_augmented,xgboost_11,89,0.08327036962917506,0.09489249512751288
xgboost_network_augmented,network_augmented,xgboost_11,90,0.08323486320172281,0.09490730540847225
xgboost_network_augmented,network_augmented,xgboost_11,91,0.0832172641513856,0.09491647549486547
xgboost_network_augmented,network_augmented,xgboost_11,92,0.08318692285300082,0.09491221488325953
xgboost_network_augmented,network_augmented,xgboost_11,93,0.08316681523907415,0.09490832632104418
xgboost_network_augmented,network_augmented,xgboost_11,94,0.083139907565744,0.09490623542978038
xgboost_network_augmented,network_augmented,xgboost_11,95,0.08311330960553376,0.0949096331700807
xgboost_network_augmented,network_augmented,xgboost_11,96,0.08309778466361732,0.09489907826318171
xgboost_network_augmented,network_augmented,xgboost_11,97,0.08308159374460476,0.09489249913850573
xgboost_network_augmented,network_augmented,xgboost_11,98,0.08305973914617629,0.09489496942242986
xgboost_network_augmented,network_augmented,xgboost_11,99,0.08304645483533273,0.09490248973901699
xgboost_network_augmented,network_augmented,xgboost_11,100,0.0830345526817914,0.09486579374486809
xgboost_network_augmented,network_augmented,xgboost_11,101,0.08302188800404955,0.0948560072037897
xgboost_network_augmented,network_augmented,xgboost_11,102,0.08300617874369726,0.09484204724679257
xgboost_network_augmented,network_augmented,xgboost_11,103,0.08299254086939771,0.09483673509903857
xgboost_network_augmented,network_augmented,xgboost_11,104,0.08297770510423041,0.09484918029678752
xgboost_network_augmented,network_augmented,xgboost_11,105,0.08295572452601221,0.09485674354359698
xgboost_network_augmented,network_augmented,xgboost_11,106,0.08293805294468727,0.09486461780275329
xgboost_network_augmented,network_augmented,xgboost_11,107,0.08292498062853436,0.09485125535945381
xgboost_network_augmented,network_augmented,xgboost_11,108,0.08291250863816882,0.09486306273061389
xgboost_network_augmented,network_augmented,xgboost_11,109,0.08290259453706988,0.09485819821191686
xgboost_network_augmented,network_augmented,xgboost_11,110,0.08288439837567121,0.09485951158748246
xgboost_network_augmented,network_augmented,xgboost_11,111,0.08286841642479732,0.09485808687994395
xgboost_network_augmented,network_augmented,xgboost_11,112,0.0828587587789889,0.09485720117926309
xgboost_network_augmented,network_augmented,xgboost_11,113,0.0828465513300066,0.09485930988888774
xgboost_network_augmented,network_augmented,xgboost_11,114,0.0828296826807757,0.09482627902027013
xgboost_network_augmented,network_augmented,xgboost_11,115,0.0828230305578077,0.09481387430929106
xgboost_network_augmented,network_augmented,xgboost_11,116,0.08280947573761113,0.09480325870758965
xgboost_network_augmented,network_augmented,xgboost_11,117,0.08279017337308957,0.094789938835974
xgboost_network_augmented,network_augmented,xgboost_11,118,0.08276850984195999,0.09480962003855144
xgboost_network_augmented,network_augmented,xgboost_11,119,0.08275642892064759,0.09480777153661801
xgboost_network_augmented,network_augmented,xgboost_11,120,0.08274550226607881,0.09480102824029406
xgboost_network_augmented,network_augmented,xgboost_11,121,0.08273355290639768,0.09478670260072283
xgboost_network_augmented,network_augmented,xgboost_11,122,0.08271992176224308,0.09480199947346968
xgboost_network_augmented,network_augmented,xgboost_11,123,0.08270497474053515,0.09480819498313028
xgboost_network_augmented,network_augmented,xgboost_11,124,0.08269115472680161,0.09480408033606044
xgboost_network_augmented,network_augmented,xgboost_11,125,0.08267540962504648,0.09481738337930776
xgboost_network_augmented,network_augmented,xgboost_11,126,0.08265668762804793,0.09481111049916867
xgboost_network_augmented,network_augmented,xgboost_11,127,0.08264795751244566,0.0948300391551208
xgboost_network_augmented,network_augmented,xgboost_11,128,0.0826415549564223,0.09482457371009144
xgboost_network_augmented,network_augmented,xgboost_11,129,0.0826312170791537,0.09482404218678488
xgboost_network_augmented,network_augmented,xgboost_11,130,0.0826156457548136,0.09482570284187015
xgboost_network_augmented,network_augmented,xgboost_11,131,0.08260212033874376,0.09481050954550717
xgboost_network_augmented,network_augmented,xgboost_11,132,0.0825905624086947,0.09481385722079425
xgboost_network_augmented,network_augmented,xgboost_11,133,0.08257787317168068,0.09481011037969893
xgboost_network_augmented,network_augmented,xgboost_11,134,0.0825720302284644,0.09481242562467798
xgboost_network_augmented,network_augmented,xgboost_11,135,0.08255267766164538,0.0948165848630314
xgboost_network_augmented,network_augmented,xgboost_11,136,0.08254185809267398,0.09481472662978625
xgboost_network_augmented,network_augmented,xgboost_11,137,0.08253037371717897,0.09478975614418246
xgboost_network_augmented,network_augmented,xgboost_11,138,0.08251506741237592,0.09479586943181206
xgboost_network_augmented,network_augmented,xgboost_11,139,0.08249947110137737,0.09479244389713035
xgboost_network_augmented,network_augmented,xgboost_11,140,0.08248868474662614,0.0948422730453177
xgboost_network_augmented,network_augmented,xgboost_11,141,0.08248302002522674,0.09484979789240242
xgboost_network_augmented,network_augmented,xgboost_11,142,0.08247140113106423,0.09484576626354471
xgboost_network_augmented,network_augmented,xgboost_11,143,0.08245681684732258,0.09484980752956644
xgboost_network_augmented,network_augmented,xgboost_11,144,0.0824469334840892,0.09484660789658371
xgboost_network_augmented,network_augmented,xgboost_11,145,0.08244042463154712,0.09486322287271527
xgboost_network_augmented,network_augmented,xgboost_11,146,0.08243206340776775,0.09489054557162682
xgboost_network_augmented,network_augmented,xgboost_11,147,0.08242290509323112,0.09489452916184064
xgboost_network_augmented,network_augmented,xgboost_11,148,0.08240852849649254,0.09489677169834469
xgboost_network_augmented,network_augmented,xgboost_11,149,0.08239994609659075,0.09489477428471373
xgboost_network_augmented,network_augmented,xgboost_11,150,0.0823899282372599,0.09488150523179435
xgboost_network_augmented,network_augmented,xgboost_11,151,0.08237549256115657,0.09488047753356779
xgboost_network_augmented,network_augmented,xgboost_12,1,0.11127454198926316,0.13164534826503096
xgboost_network_augmented,network_augmented,xgboost_12,2,0.10936597974521958,0.1289085399515918
xgboost_network_augmented,network_augmented,xgboost_12,3,0.10748014873885614,0.12621901553966128
xgboost_network_augmented,network_augmented,xgboost_12,4,0.10574617812214104,0.12373554174783157
xgboost_network_augmented,network_augmented,xgboost_12,5,0.10421091117925217,0.12159190501860782
xgboost_network_augmented,network_augmented,xgboost_12,6,0.10274584486182227,0.11952121737857521
xgboost_network_augmented,network_augmented,xgboost_12,7,0.10139262491453589,0.11763206581404712
xgboost_network_augmented,network_augmented,xgboost_12,8,0.10015077799853073,0.11586279430193357
xgboost_network_augmented,network_augmented,xgboost_12,9,0.0989957771811167,0.11428756477367165
xgboost_network_augmented,network_augmented,xgboost_12,10,0.09794268210055272,0.11282917301711219
xgboost_network_augmented,network_augmented,xgboost_12,11,0.09699676389494288,0.1114801226883549
xgboost_network_augmented,network_augmented,xgboost_12,12,0.09611087634967737,0.11025964179580089
xgboost_network_augmented,network_augmented,xgboost_12,13,0.09530554468453485,0.10915152774340196
xgboost_network_augmented,network_augmented,xgboost_12,14,0.09452700432045676,0.10804708541539793
xgboost_network_augmented,network_augmented,xgboost_12,15,0.0938098437121077,0.10707963538365026
xgboost_network_augmented,network_augmented,xgboost_12,16,0.0931652101717601,0.10617366296798693
xgboost_network_augmented,network_augmented,xgboost_12,17,0.09254945871901316,0.1053499938983574
xgboost_network_augmented,network_augmented,xgboost_12,18,0.0919808815887602,0.10455808628198557
xgboost_network_augmented,network_augmented,xgboost_12,19,0.09147016480019177,0.1038873013643517
xgboost_network_augmented,network_augmented,xgboost_12,20,0.09098547967468368,0.10325618990308216
xgboost_network_augmented,network_augmented,xgboost_12,21,0.09053362108991951,0.10270634057271816
xgboost_network_augmented,network_augmented,xgboost_12,22,0.09011468745801113,0.1021894085796284
xgboost_network_augmented,network_augmented,xgboost_12,23,0.08972383495110105,0.10173486313333958
xgboost_network_augmented,network_augmented,xgboost_12,24,0.08936680695202036,0.10131759874659081
xgboost_network_augmented,network_augmented,xgboost_12,25,0.08905007886514497,0.1008724282019423
xgboost_network_augmented,network_augmented,xgboost_12,26,0.08874353165247725,0.10043973203606553
xgboost_network_augmented,network_augmented,xgboost_12,27,0.08843993385545842,0.10005943699610624
xgboost_network_augmented,network_augmented,xgboost_12,28,0.08816628298252442,0.09971126030013817
xgboost_network_augmented,network_augmented,xgboost_12,29,0.08790980060561408,0.09940023889655075
xgboost_network_augmented,network_augmented,xgboost_12,30,0.08766083476849483,0.09907670354683477
xgboost_network_augmented,network_augmented,xgboost_12,31,0.0874421907996951,0.09875362951332058
xgboost_network_augmented,network_augmented,xgboost_12,32,0.08723228775149763,0.09852227805349573
xgboost_network_augmented,network_augmented,xgboost_12,33,0.08703184308446174,0.09824727358391037
xgboost_network_augmented,network_augmented,xgboost_12,34,0.08682904696306681,0.09805832140153703
xgboost_network_augmented,network_augmented,xgboost_12,35,0.08665796685063024,0.09783391988784705
xgboost_network_augmented,network_augmented,xgboost_12,36,0.0864940479800664,0.09762433040129924
xgboost_network_augmented,network_augmented,xgboost_12,37,0.08632540482235308,0.09745068660263924
xgboost_network_augmented,network_augmented,xgboost_12,38,0.08618503471354517,0.09731280134780453
xgboost_network_augmented,network_augmented,xgboost_12,39,0.08603446218351506,0.09714136583481607
xgboost_network_augmented,network_augmented,xgboost_12,40,0.08589790901067992,0.0969967177925765
xgboost_network_augmented,network_augmented,xgboost_12,41,0.08578060204362487,0.09687378898895811
xgboost_network_augmented,network_augmented,xgboost_12,42,0.08566133255276775,0.0967379582510289
xgboost_network_augmented,network_augmented,xgboost_12,43,0.08554092472835079,0.09664572032499717
xgboost_network_augmented,network_augmented,xgboost_12,44,0.08544059108182198,0.09650473048536164
xgboost_network_augmented,network_augmented,xgboost_12,45,0.08533992349961597,0.0963839190505743
xgboost_network_augmented,network_augmented,xgboost_12,46,0.08523125989302516,0.09630787254597348
xgboost_network_augmented,network_augmented,xgboost_12,47,0.08514220591748355,0.09625852687442558
xgboost_network_augmented,network_augmented,xgboost_12,48,0.08504947483169553,0.09618897240399324
xgboost_network_augmented,network_augmented,xgboost_12,49,0.08496186563433088,0.096125242572871
xgboost_network_augmented,network_augmented,xgboost_12,50,0.08488073362982217,0.09606859386070052
xgboost_network_augmented,network_augmented,xgboost_12,51,0.0848074838577297,0.09600890335685947
xgboost_network_augmented,network_augmented,xgboost_12,52,0.08472666221398062,0.09594468514627175
xgboost_network_augmented,network_augmented,xgboost_12,53,0.08465182445837728,0.0959016202868379
xgboost_network_augmented,network_augmented,xgboost_12,54,0.0845917047348827,0.0958395872272873
xgboost_network_augmented,network_augmented,xgboost_12,55,0.08452359084217026,0.0957944915700252
xgboost_network_augmented,network_augmented,xgboost_12,56,0.08445568182032186,0.09575696029034786
xgboost_network_augmented,network_augmented,xgboost_12,57,0.0843931638395798,0.09570164434415729
xgboost_network_augmented,network_augmented,xgboost_12,58,0.0843283386771454,0.09568910074451238
xgboost_network_augmented,network_augmented,xgboost_12,59,0.08427376276617653,0.09565631188976262
xgboost_network_augmented,network_augmented,xgboost_12,60,0.08421898759185481,0.09563168768867146
xgboost_network_augmented,network_augmented,xgboost_12,61,0.08416969059156985,0.09560196975972927
xgboost_network_augmented,network_augmented,xgboost_12,62,0.08412780351397242,0.09557368809191555
xgboost_network_augmented,network_augmented,xgboost_12,63,0.08407636113729834,0.09555819620907223
xgboost_network_augmented,network_augmented,xgboost_12,64,0.08403110103520157,0.09553517935139917
xgboost_network_augmented,network_augmented,xgboost_12,65,0.08398587365562914,0.09551578657900939
xgboost_network_augmented,network_augmented,xgboost_12,66,0.0839474503231347,0.09548661453472138
xgboost_network_augmented,network_augmented,xgboost_12,67,0.08389804014033243,0.09548192688457388
xgboost_network_augmented,network_augmented,xgboost_12,68,0.08386254337183378,0.09544627986352418
xgboost_network_augmented,network_augmented,xgboost_12,69,0.08382859587086283,0.0954305393183056
xgboost_network_augmented,network_augmented,xgboost_12,70,0.08379357448823878,0.09540256100051984
xgboost_network_augmented,network_augmented,xgboost_12,71,0.08376570497276589,0.09538347859636123
xgboost_network_augmented,network_augmented,xgboost_12,72,0.0837346177051238,0.09536923217850561
xgboost_network_augmented,network_augmented,xgboost_12,73,0.08369522820760186,0.09535359517607359
xgboost_network_augmented,network_augmented,xgboost_12,74,0.08366428613100575,0.09534199089228079
xgboost_network_augmented,network_augmented,xgboost_12,75,0.08363344808306074,0.09532875920032742
xgboost_network_augmented,network_augmented,xgboost_12,76,0.08359637501231042,0.09533260268698146
xgboost_network_augmented,network_augmented,xgboost_12,77,0.08356713547586668,0.09530543541426167
xgboost_network_augmented,network_augmented,xgboost_12,78,0.0835442626804053,0.09528502847120288
xgboost_network_augmented,network_augmented,xgboost_12,79,0.0835246459864385,0.09528063767639648
xgboost_network_augmented,network_augmented,xgboost_12,80,0.08349524735414948,0.09526248904566137
xgboost_network_augmented,network_augmented,xgboost_12,81,0.08347402454134435,0.09525065886744068
xgboost_network_augmented,network_augmented,xgboost_12,82,0.08344162518526732,0.09523049503517698
xgboost_network_augmented,network_augmented,xgboost_12,83,0.08341024113373727,0.09520644203557017
xgboost_network_augmented,network_augmented,xgboost_12,84,0.08338314764982083,0.09519474016850257
xgboost_network_augmented,network_augmented,xgboost_12,85,0.08335842561448939,0.09518955153387919
xgboost_network_augmented,network_augmented,xgboost_12,86,0.08334119640190045,0.09519096003547722
xgboost_network_augmented,network_augmented,xgboost_12,87,0.08332222790799418,0.09518337584412692
xgboost_network_augmented,network_augmented,xgboost_12,88,0.08330142104075884,0.09516419788080632
xgboost_network_augmented,network_augmented,xgboost_12,89,0.08328588057953297,0.09516139578792297
xgboost_network_augmented,network_augmented,xgboost_12,90,0.08326876066542843,0.09516093812129217
xgboost_network_augmented,network_augmented,xgboost_12,91,0.08324382913412033,0.09516151442894152
xgboost_network_augmented,network_augmented,xgboost_12,92,0.08322140183111847,0.09512433948376159
xgboost_network_augmented,network_augmented,xgboost_12,93,0.08319975858395397,0.09511265885508595
xgboost_network_augmented,network_augmented,xgboost_12,94,0.08318289412953037,0.09510118474496604
xgboost_network_augmented,network_augmented,xgboost_12,95,0.08316945384746785,0.09509819449558764
xgboost_network_augmented,network_augmented,xgboost_12,96,0.08315303773342142,0.09509353091139715
xgboost_network_augmented,network_augmented,xgboost_12,97,0.08313650872500185,0.09506952736766422
xgboost_network_augmented,network_augmented,xgboost_12,98,0.08310789509300101,0.09509451187851713
xgboost_network_augmented,network_augmented,xgboost_12,99,0.08309570956575611,0.09509825338390758
xgboost_network_augmented,network_augmented,xgboost_12,100,0.08308215230910877,0.09509505396955811
xgboost_network_augmented,network_augmented,xgboost_12,101,0.0830599187409136,0.09509644698041222
xgboost_network_augmented,network_augmented,xgboost_12,102,0.08303986735244544,0.09507080048060919
xgboost_network_augmented,network_augmented,xgboost_12,103,0.08302438779966027,0.09506353851658994
xgboost_network_augmented,network_augmented,xgboost_12,104,0.08300356637158984,0.09507276830440825
xgboost_network_augmented,network_augmented,xgboost_12,105,0.0829839896080549,0.09506907652404627
xgboost_network_augmented,network_augmented,xgboost_12,106,0.08296310271733116,0.0950554284215854
xgboost_network_augmented,network_augmented,xgboost_12,107,0.0829508301839995,0.09506100790467585
xgboost_network_augmented,network_augmented,xgboost_12,108,0.08293986682500978,0.0950481366890918
xgboost_network_augmented,network_augmented,xgboost_12,109,0.08292426400162203,0.09502369809774402
xgboost_network_augmented,network_augmented,xgboost_12,110,0.08291150947186195,0.09504386781517911
xgboost_network_augmented,network_augmented,xgboost_12,111,0.08290161180828182,0.09504327925403754
xgboost_network_augmented,network_augmented,xgboost_12,112,0.08288616761573635,0.0950428957088494
xgboost_network_augmented,network_augmented,xgboost_12,113,0.08286248837393552,0.09505687747075442
xgboost_network_augmented,network_augmented,xgboost_12,114,0.08284924506861004,0.09504216255915728
xgboost_network_augmented,network_augmented,xgboost_12,115,0.08283322651108863,0.09500907624895319
xgboost_network_augmented,network_augmented,xgboost_12,116,0.08281448640280725,0.09501089347341646
xgboost_network_augmented,network_augmented,xgboost_12,117,0.08280076428965821,0.09501665760421375
xgboost_network_augmented,network_augmented,xgboost_12,118,0.08278722803846487,0.0950081276800496
xgboost_network_augmented,network_augmented,xgboost_12,119,0.0827709984822235,0.0949748271083624
xgboost_network_augmented,network_augmented,xgboost_12,120,0.08275413151804163,0.09498135258627562
xgboost_network_augmented,network_augmented,xgboost_12,121,0.08273841078615092,0.09498227951449699
xgboost_network_augmented,network_augmented,xgboost_12,122,0.0827293440540925,0.09499964866459246
xgboost_network_augmented,network_augmented,xgboost_12,123,0.08271880838897985,0.09497584296942764
xgboost_network_augmented,network_augmented,xgboost_12,124,0.0827107452045544,0.09497377841958674
xgboost_network_augmented,network_augmented,xgboost_12,125,0.0827013391526908,0.09498278830282672
xgboost_network_augmented,network_augmented,xgboost_12,126,0.08268391079501602,0.0949923516170789
xgboost_network_augmented,network_augmented,xgboost_12,127,0.08267353248598984,0.09500281712716514
xgboost_network_augmented,network_augmented,xgboost_12,128,0.08266241229420754,0.09499759161409839
xgboost_network_augmented,network_augmented,xgboost_12,129,0.08264579011507116,0.09499559467346247
xgboost_network_augmented,network_augmented,xgboost_12,130,0.08263437235941043,0.09499531118370977
xgboost_network_augmented,network_augmented,xgboost_12,131,0.0826178508868862,0.09498540824147558
xgboost_network_augmented,network_augmented,xgboost_12,132,0.08260740803636524,0.09499006524021632
xgboost_network_augmented,network_augmented,xgboost_12,133,0.08259886261816483,0.09498424237617326
xgboost_network_augmented,network_augmented,xgboost_12,134,0.08258527624622711,0.09499516530768004
xgboost_network_augmented,network_augmented,xgboost_12,135,0.08257879375025456,0.09499553404297133
xgboost_network_augmented,network_augmented,xgboost_12,136,0.08256970178194316,0.09499555100710792
xgboost_network_augmented,network_augmented,xgboost_12,137,0.08255963931708268,0.0949979269967839
xgboost_network_augmented,network_augmented,xgboost_12,138,0.08255071954881141,0.0949983764375886
xgboost_network_augmented,network_augmented,xgboost_12,139,0.0825422262277084,0.09500564294075549
xgboost_network_augmented,network_augmented,xgboost_12,140,0.08252639877567439,0.09501958778071615
xgboost_network_augmented,network_augmented,xgboost_12,141,0.08251896234983241,0.09502855683406741
xgboost_network_augmented,network_augmented,xgboost_12,142,0.08250541633634478,0.09499947152174844
xgboost_network_augmented,network_augmented,xgboost_12,143,0.0824935089468854,0.09499573099494245
xgboost_network_augmented,network_augmented,xgboost_12,144,0.08248579185315652,0.09499225466438053
xgboost_network_augmented,network_augmented,xgboost_12,145,0.08247678096304649,0.0949721772047952
xgboost_network_augmented,network_augmented,xgboost_12,146,0.08246144474520747,0.0949673641017736
xgboost_network_augmented,network_augmented,xgboost_12,147,0.08245172837135956,0.09494474444258544
xgboost_network_augmented,network_augmented,xgboost_12,148,0.08243896232141511,0.09493664812310669
xgboost_network_augmented,network_augmented,xgboost_12,149,0.08242621612823003,0.09493812447636196
xgboost_network_augmented,network_augmented,xgboost_12,150,0.08241468483085733,0.094950709725645
xgboost_network_augmented,network_augmented,xgboost_12,151,0.08240786119033709,0.0949575263393326
xgboost_network_augmented,network_augmented,xgboost_12,152,0.08239947544273554,0.09498274066973253
xgboost_network_augmented,network_augmented,xgboost_12,153,0.08238963749051133,0.09499200609853489
xgboost_network_augmented,network_augmented,xgboost_12,154,0.08237683873220147,0.094994605335722
xgboost_network_augmented,network_augmented,xgboost_12,155,0.08236399633742922,0.09499406376180386
xgboost_network_augmented,network_augmented,xgboost_12,156,0.0823591886451073,0.09499626244089997
xgboost_network_augmented,network_augmented,xgboost_12,157,0.08235102015465683,0.09499762488722396
xgboost_network_augmented,network_augmented,xgboost_12,158,0.08234294735274647,0.09498858030547981
xgboost_network_augmented,network_augmented,xgboost_12,159,0.08233226831088797,0.09498198963360738
xgboost_network_augmented,network_augmented,xgboost_12,160,0.08232395923142251,0.09497970259934062
xgboost_network_augmented,network_augmented,xgboost_12,161,0.08231357479715852,0.09499481222773444
xgboost_network_augmented,network_augmented,xgboost_12,162,0.08230661809530314,0.09499912747258549
xgboost_network_augmented,network_augmented,xgboost_12,163,0.08230037577157166,0.09499824489670561
xgboost_network_augmented,network_augmented,xgboost_12,164,0.08228852145468675,0.09499120115714822
xgboost_network_augmented,network_augmented,xgboost_12,165,0.08228089299732372,0.09499918462725893
xgboost_network_augmented,network_augmented,xgboost_12,166,0.08227316736507817,0.0949961986579026
xgboost_network_augmented,network_augmented,xgboost_12,167,0.08226690585371374,0.09499583083600696
xgboost_network_augmented,network_augmented,xgboost_12,168,0.08225719506623641,0.09498561380601801
xgboost_network_augmented,network_augmented,xgboost_12,169,0.08224884538191622,0.09496574088713454
xgboost_network_augmented,network_augmented,xgboost_12,170,0.0822433898752407,0.09496051544251605
xgboost_network_augmented,network_augmented,xgboost_12,171,0.08223583789236283,0.09496163269225345
xgboost_network_augmented,network_augmented,xgboost_12,172,0.0822254198879943,0.0949796223091552
xgboost_network_augmented,network_augmented,xgboost_12,173,0.08221687890062362,0.09498099727286077
xgboost_network_augmented,network_augmented,xgboost_12,174,0.08220541603226944,0.09496320070487495
xgboost_network_augmented,network_augmented,xgboost_12,175,0.0821966590383987,0.09495744293349771
xgboost_network_augmented,network_augmented,xgboost_12,176,0.08218937366115985,0.09496262478547517
xgboost_network_augmented,network_augmented,xgboost_12,177,0.08217876356752105,0.09496896580736174
xgboost_network_augmented,network_augmented,xgboost_12,178,0.08217014949881482,0.09498145609496339
