model,feature_group,candidate,boosting_round,training_mae,validation_mae
xgboost_market,market,xgboost_01,1,0.11150466872614981,0.13227741252633457
xgboost_market,market,xgboost_01,2,0.10969513254695544,0.12971984991283006
xgboost_market,market,xgboost_01,3,0.10808805516983871,0.12736520969277196
xgboost_market,market,xgboost_01,4,0.10666855905998303,0.12517916000145918
xgboost_market,market,xgboost_01,5,0.10524361707772885,0.12317010971193143
xgboost_market,market,xgboost_01,6,0.10391931013514488,0.12141503995518366
xgboost_market,market,xgboost_01,7,0.10270180745145512,0.11962604159904226
xgboost_market,market,xgboost_01,8,0.1015891681243231,0.11809035206080959
xgboost_market,market,xgboost_01,9,0.10061766572353255,0.11667829682191275
xgboost_market,market,xgboost_01,10,0.09968111111319528,0.1152702516095525
xgboost_market,market,xgboost_01,11,0.09878384639353056,0.11411228557344817
xgboost_market,market,xgboost_01,12,0.09798568691802381,0.11288590410889511
xgboost_market,market,xgboost_01,13,0.09726382994067068,0.11180711751368745
xgboost_market,market,xgboost_01,14,0.09655532893942231,0.11091256034276555
xgboost_market,market,xgboost_01,15,0.09590099869283421,0.10998210928549892
xgboost_market,market,xgboost_01,16,0.09530495649980353,0.10906866265503222
xgboost_market,market,xgboost_01,17,0.09476131617361105,0.10831743908168763
xgboost_market,market,xgboost_01,18,0.09427071395938882,0.1075660717123381
xgboost_market,market,xgboost_01,19,0.09378794018806355,0.1070400705810013
xgboost_market,market,xgboost_01,20,0.09331906520866583,0.10649470824696627
xgboost_market,market,xgboost_01,21,0.09290341843128466,0.10599600150654696
xgboost_market,market,xgboost_01,22,0.09252188008831214,0.10539352898818798
xgboost_market,market,xgboost_01,23,0.092159168492749,0.10492004269626463
xgboost_market,market,xgboost_01,24,0.0918140312335408,0.10451706327715589
xgboost_market,market,xgboost_01,25,0.09149925308887437,0.1040911377070509
xgboost_market,market,xgboost_01,26,0.09120154448652906,0.10368449616611108
xgboost_market,market,xgboost_01,27,0.0909216304316565,0.10324913424738469
xgboost_market,market,xgboost_01,28,0.09066290512471918,0.10283113107298847
xgboost_market,market,xgboost_01,29,0.09043533969348083,0.10247265417161396
xgboost_market,market,xgboost_01,30,0.09018945140431991,0.10218214406948428
xgboost_market,market,xgboost_01,31,0.08996831618597959,0.10192885244738319
xgboost_market,market,xgboost_01,32,0.08976472498695452,0.10162446957429062
xgboost_market,market,xgboost_01,33,0.08955750980996283,0.10138572677583814
xgboost_market,market,xgboost_01,34,0.0893804733023365,0.10109845323314864
xgboost_market,market,xgboost_01,35,0.0892179354544038,0.1008473130253663
xgboost_market,market,xgboost_01,36,0.08904364623887781,0.10066919357887323
xgboost_market,market,xgboost_01,37,0.08889246565339366,0.1004646570210017
xgboost_market,market,xgboost_01,38,0.08873515616178487,0.10026730011272582
xgboost_market,market,xgboost_01,39,0.08859358886469951,0.10002373721085009
xgboost_market,market,xgboost_01,40,0.08845963286283973,0.09986201418256083
xgboost_market,market,xgboost_01,41,0.0883468565740984,0.09962223073286337
xgboost_market,market,xgboost_01,42,0.08822295324308636,0.09948338649746771
xgboost_market,market,xgboost_01,43,0.08810684191952502,0.09930695317633453
xgboost_market,market,xgboost_01,44,0.08801091338984834,0.09916263336393727
xgboost_market,market,xgboost_01,45,0.08790452988827571,0.09904974715630999
xgboost_market,market,xgboost_01,46,0.08780455875383222,0.09892505112704983
xgboost_market,market,xgboost_01,47,0.0877108004530468,0.09880773941395175
xgboost_market,market,xgboost_01,48,0.08762913741556977,0.09867552259510945
xgboost_market,market,xgboost_01,49,0.08755504774644388,0.0985044886661837
xgboost_market,market,xgboost_01,50,0.08746410995364187,0.09840120460929845
xgboost_market,market,xgboost_01,51,0.08738746799758453,0.09832138266075421
xgboost_market,market,xgboost_01,52,0.08731061222275605,0.09824655999124014
xgboost_market,market,xgboost_01,53,0.08723659283387339,0.09816255536570248
xgboost_market,market,xgboost_01,54,0.08718025075374901,0.09810536319314972
xgboost_market,market,xgboost_01,55,0.08712380027836311,0.09800821943550816
xgboost_market,market,xgboost_01,56,0.08705609814589257,0.09798524407540778
xgboost_market,market,xgboost_01,57,0.0869998497251414,0.09795937432119865
xgboost_market,market,xgboost_01,58,0.08695768369838061,0.09786680178785227
xgboost_market,market,xgboost_01,59,0.0868916450453896,0.0977977637036319
xgboost_market,market,xgboost_01,60,0.08683051712263715,0.09770662302477517
xgboost_market,market,xgboost_01,61,0.08678036204903422,0.09765819115179362
xgboost_market,market,xgboost_01,62,0.08673931261300107,0.09761807345305687
xgboost_market,market,xgboost_01,63,0.08668407897907025,0.09753764683057536
xgboost_market,market,xgboost_01,64,0.086634205508446,0.09746496275975962
xgboost_market,market,xgboost_01,65,0.08658308759308832,0.09744840264741593
xgboost_market,market,xgboost_01,66,0.08654220688528158,0.09741427924991485
xgboost_market,market,xgboost_01,67,0.08650102632312864,0.09735714408510995
xgboost_market,market,xgboost_01,68,0.08645020204389081,0.09731448503284604
xgboost_market,market,xgboost_01,69,0.08640467084787702,0.09727279361997335
xgboost_market,market,xgboost_01,70,0.08636824883527645,0.09722791253271298
xgboost_market,market,xgboost_01,71,0.08632235323162507,0.09715964624825962
xgboost_market,market,xgboost_01,72,0.08628608791260507,0.09714904450783239
xgboost_market,market,xgboost_01,73,0.08625641780033101,0.09710620772176275
xgboost_market,market,xgboost_01,74,0.086227184634657,0.0970717801717844
xgboost_market,market,xgboost_01,75,0.08619399528928996,0.09705127288044194
xgboost_market,market,xgboost_01,76,0.08614565922121405,0.09699794469354354
xgboost_market,market,xgboost_01,77,0.08611486837973988,0.09698145666398757
xgboost_market,market,xgboost_01,78,0.08608978941566932,0.09696350081790295
xgboost_market,market,xgboost_01,79,0.08605486262140127,0.09690678311013681
xgboost_market,market,xgboost_01,80,0.08602875263822844,0.0968797761372252
xgboost_market,market,xgboost_01,81,0.08599839484908967,0.09686297297965134
xgboost_market,market,xgboost_01,82,0.0859694432715282,0.09679689206674881
xgboost_market,market,xgboost_01,83,0.08593930494971912,0.0967628239708036
xgboost_market,market,xgboost_01,84,0.08590104629117991,0.09672223128313703
xgboost_market,market,xgboost_01,85,0.08586746470317788,0.09662646915626219
xgboost_market,market,xgboost_01,86,0.08583723237992408,0.09657695104336314
xgboost_market,market,xgboost_01,87,0.08580170216744228,0.09653975073722522
xgboost_market,market,xgboost_01,88,0.08578029585705856,0.09650423765287298
xgboost_market,market,xgboost_01,89,0.08575791861133414,0.0964857786922678
xgboost_market,market,xgboost_01,90,0.08572978245176288,0.09647759113577116
xgboost_market,market,xgboost_01,91,0.08569897301928721,0.09646992181421633
xgboost_market,market,xgboost_01,92,0.08567763730133551,0.09645108194267815
xgboost_market,market,xgboost_01,93,0.08565766998232116,0.0964340857581269
xgboost_market,market,xgboost_01,94,0.08562585092909646,0.09644386161250126
xgboost_market,market,xgboost_01,95,0.08560203247153211,0.09642103760153344
xgboost_market,market,xgboost_01,96,0.08558250685435426,0.0963825662201026
xgboost_market,market,xgboost_01,97,0.08556399230310009,0.09636207998725604
xgboost_market,market,xgboost_01,98,0.08553499310302673,0.09633390727239942
xgboost_market,market,xgboost_01,99,0.08552120790688894,0.09631981091306309
xgboost_market,market,xgboost_01,100,0.0855037639081469,0.09631997229625931
xgboost_market,market,xgboost_01,101,0.08548160644609384,0.09630794082073123
xgboost_market,market,xgboost_01,102,0.08546433970804612,0.09628084031089003
xgboost_market,market,xgboost_01,103,0.08544458690599954,0.09624347436936442
xgboost_market,market,xgboost_01,104,0.0854227388075016,0.09624201817036092
xgboost_market,market,xgboost_01,105,0.08540746095557333,0.09623010769694029
xgboost_market,market,xgboost_01,106,0.08538902913079548,0.09620641124369456
xgboost_market,market,xgboost_01,107,0.08537211374903447,0.09618996298220171
xgboost_market,market,xgboost_01,108,0.0853514511580062,0.09613150582763019
xgboost_market,market,xgboost_01,109,0.08533448944750813,0.09611188254544409
xgboost_market,market,xgboost_01,110,0.08532069726687609,0.09608913242324499
xgboost_market,market,xgboost_01,111,0.08530867052533403,0.09606984363266337
xgboost_market,market,xgboost_01,112,0.0852881163222245,0.09602702650716555
xgboost_market,market,xgboost_01,113,0.08527212046381281,0.0960055741152154
xgboost_market,market,xgboost_01,114,0.08525271789511828,0.09599174986792627
xgboost_market,market,xgboost_01,115,0.08523980493936159,0.09597385514551128
xgboost_market,market,xgboost_01,116,0.08521868472619304,0.09594121043627882
xgboost_market,market,xgboost_01,117,0.0852011491504197,0.0959227959375825
xgboost_market,market,xgboost_01,118,0.08517874181251339,0.09584340470046836
xgboost_market,market,xgboost_01,119,0.08516674147680375,0.09583151877226792
xgboost_market,market,xgboost_01,120,0.08515627423643636,0.095834515559082
xgboost_market,market,xgboost_01,121,0.085146527965186,0.0958487424468688
xgboost_market,market,xgboost_01,122,0.08513222591045573,0.09574695356312558
xgboost_market,market,xgboost_01,123,0.08511804329953276,0.09572758077913217
xgboost_market,market,xgboost_01,124,0.08510216183363324,0.09562694083616942
xgboost_market,market,xgboost_01,125,0.08508819953716878,0.09560147763892701
xgboost_market,market,xgboost_01,126,0.0850715938839054,0.09558408123238328
xgboost_market,market,xgboost_01,127,0.08505599859493841,0.09554562650581824
xgboost_market,market,xgboost_01,128,0.08504823612724532,0.09553983586122378
xgboost_market,market,xgboost_01,129,0.08503421570149441,0.09553986735481992
xgboost_market,market,xgboost_01,130,0.08502127167233092,0.0955309372678347
xgboost_market,market,xgboost_01,131,0.08500033935272253,0.09552773292282858
xgboost_market,market,xgboost_01,132,0.08498535931896181,0.09543590181815438
xgboost_market,market,xgboost_01,133,0.08496598739661883,0.09543662934480938
xgboost_market,market,xgboost_01,134,0.08495972356929754,0.09541392375208986
xgboost_market,market,xgboost_01,135,0.08494044426088355,0.09542263390140092
xgboost_market,market,xgboost_01,136,0.08490500342482413,0.09541566286768591
xgboost_market,market,xgboost_01,137,0.08489635958638664,0.09539264668998239
xgboost_market,market,xgboost_01,138,0.08488742549414531,0.09539007188055024
xgboost_market,market,xgboost_01,139,0.08487389386285843,0.09536584767115952
xgboost_market,market,xgboost_01,140,0.08486494813997494,0.095351528716451
xgboost_market,market,xgboost_01,141,0.0848564310938486,0.09535772958927098
xgboost_market,market,xgboost_01,142,0.08483514215895381,0.0953293414371506
xgboost_market,market,xgboost_01,143,0.08482271963113014,0.09532163756476937
xgboost_market,market,xgboost_01,144,0.08481376798863696,0.0952505620150328
xgboost_market,market,xgboost_01,145,0.08480993511060288,0.09524516724797209
xgboost_market,market,xgboost_01,146,0.08479842181744074,0.09525768999484197
xgboost_market,market,xgboost_01,147,0.08478705639517067,0.09525034203348152
xgboost_market,market,xgboost_01,148,0.08477626487804961,0.0952405689196702
xgboost_market,market,xgboost_01,149,0.08475813060968702,0.09521499289625192
xgboost_market,market,xgboost_01,150,0.08474794547949223,0.09520678821176909
xgboost_market,market,xgboost_01,151,0.08473876659730019,0.0951967466933993
xgboost_market,market,xgboost_01,152,0.08473025157603739,0.09521732809289594
xgboost_market,market,xgboost_01,153,0.08472247104165988,0.09522496303474498
xgboost_market,market,xgboost_01,154,0.08472032589659861,0.09521996000836062
xgboost_market,market,xgboost_01,155,0.08471193646725189,0.09521309968180877
xgboost_market,market,xgboost_01,156,0.08470576947313281,0.09520825233246777
xgboost_market,market,xgboost_01,157,0.08469342991680578,0.0951803041483391
xgboost_market,market,xgboost_01,158,0.08468297366193854,0.09516285114185372
xgboost_market,market,xgboost_01,159,0.08467867686613763,0.09515889630931144
xgboost_market,market,xgboost_01,160,0.08465396818805633,0.09515631207157021
xgboost_market,market,xgboost_01,161,0.08464090490211593,0.09513892812223378
xgboost_market,market,xgboost_01,162,0.08463326899077174,0.09514703191435703
xgboost_market,market,xgboost_01,163,0.08462888951760694,0.09514002564107064
xgboost_market,market,xgboost_01,164,0.08462041227227017,0.09512847487754926
xgboost_market,market,xgboost_01,165,0.08461439113805265,0.0951260171493678
xgboost_market,market,xgboost_01,166,0.08460684063489665,0.09511836312273972
xgboost_market,market,xgboost_01,167,0.08460099264219083,0.09510378585407517
xgboost_market,market,xgboost_01,168,0.08459152136532139,0.09509446233451298
xgboost_market,market,xgboost_01,169,0.08457009630856403,0.09509667453038542
xgboost_market,market,xgboost_01,170,0.08456047863694327,0.09509427402219159
xgboost_market,market,xgboost_01,171,0.08455955368200868,0.09509251084853641
xgboost_market,market,xgboost_01,172,0.08455399698794908,0.09508623997997384
xgboost_market,market,xgboost_01,173,0.08454990207455845,0.09505556725007694
xgboost_market,market,xgboost_01,174,0.08454597716929603,0.09505729747767892
xgboost_market,market,xgboost_01,175,0.08454153584167486,0.0950686646758786
xgboost_market,market,xgboost_01,176,0.08452992109064929,0.0950636772410301
xgboost_market,market,xgboost_01,177,0.08452206479864116,0.09506840309019601
xgboost_market,market,xgboost_01,178,0.08450346158447879,0.09504755627517365
xgboost_market,market,xgboost_01,179,0.08448743431028785,0.09505826394429821
xgboost_market,market,xgboost_01,180,0.08447754136339453,0.09503690262050186
xgboost_market,market,xgboost_01,181,0.08446363641694829,0.09504354167162975
xgboost_market,market,xgboost_01,182,0.08445591740762495,0.09504775553395144
xgboost_market,market,xgboost_01,183,0.0844547316153515,0.09505216310585267
xgboost_market,market,xgboost_01,184,0.08444576338746061,0.09506207703491017
xgboost_market,market,xgboost_01,185,0.08444176173771518,0.09504400601622827
xgboost_market,market,xgboost_01,186,0.08443945312559392,0.09505371639257061
xgboost_market,market,xgboost_01,187,0.08442949209671899,0.09504314219529708
xgboost_market,market,xgboost_01,188,0.08442274939858868,0.09503967596298472
xgboost_market,market,xgboost_01,189,0.08441981498467306,0.09503476172590347
xgboost_market,market,xgboost_01,190,0.08441209477266758,0.09503167894964609
xgboost_market,market,xgboost_01,191,0.08439847118905479,0.0950382894260072
xgboost_market,market,xgboost_01,192,0.08439594040104867,0.095040165966404
xgboost_market,market,xgboost_01,193,0.08438863279921258,0.09502927286041178
xgboost_market,market,xgboost_01,194,0.08438512793065553,0.09502858774271927
xgboost_market,market,xgboost_01,195,0.08437625627773551,0.09502214126575721
xgboost_market,market,xgboost_01,196,0.08437565728899726,0.09504044470176058
xgboost_market,market,xgboost_01,197,0.08436903546889493,0.09498434350233506
xgboost_market,market,xgboost_01,198,0.08436342960594471,0.09499149178683172
xgboost_market,market,xgboost_01,199,0.0843614086047961,0.09499351067779675
xgboost_market,market,xgboost_01,200,0.08435641845672862,0.09498636339720791
xgboost_market,market,xgboost_01,201,0.08434724696390722,0.09496498552673413
xgboost_market,market,xgboost_01,202,0.08434835747131714,0.09496766905055735
xgboost_market,market,xgboost_01,203,0.08433258515873153,0.09497834899838724
xgboost_market,market,xgboost_01,204,0.0843220490471835,0.09497553646087602
xgboost_market,market,xgboost_01,205,0.08432428897349938,0.09497335852624121
xgboost_market,market,xgboost_01,206,0.08432005730718792,0.09495159365444361
xgboost_market,market,xgboost_01,207,0.08431471849682369,0.0949507730659852
xgboost_market,market,xgboost_01,208,0.084309376163487,0.0949716419400265
xgboost_market,market,xgboost_01,209,0.08430277525729457,0.09495838198834385
xgboost_market,market,xgboost_01,210,0.0842982952677981,0.09494419774119058
xgboost_market,market,xgboost_01,211,0.08429310487428013,0.09493955761369235
xgboost_market,market,xgboost_01,212,0.08429094509664115,0.0949387088080028
xgboost_market,market,xgboost_01,213,0.08428369741744662,0.09493464450588203
xgboost_market,market,xgboost_01,214,0.08427778285040774,0.09493664514172112
xgboost_market,market,xgboost_01,215,0.08427798063439984,0.09493032930967188
xgboost_market,market,xgboost_01,216,0.08426976393482712,0.09491158428560927
xgboost_market,market,xgboost_01,217,0.0842630456035218,0.09491955340490285
xgboost_market,market,xgboost_01,218,0.08426114530787576,0.09491578762620478
xgboost_market,market,xgboost_01,219,0.08425556758549119,0.09491856748205361
xgboost_market,market,xgboost_01,220,0.08425212069629535,0.09491517257270313
xgboost_market,market,xgboost_01,221,0.08424822581433106,0.09489824588733116
xgboost_market,market,xgboost_01,222,0.08424432572247946,0.09489162327644741
xgboost_market,market,xgboost_01,223,0.0842364489056087,0.09488440966297547
xgboost_market,market,xgboost_01,224,0.08423293692613511,0.09488289462993425
xgboost_market,market,xgboost_01,225,0.08422875941591049,0.09487945326389703
xgboost_market,market,xgboost_01,226,0.08422058633853591,0.09487323183654087
xgboost_market,market,xgboost_01,227,0.08420989168275438,0.09486568472271055
xgboost_market,market,xgboost_01,228,0.08421248265936743,0.09487411415505026
xgboost_market,market,xgboost_01,229,0.0841990870143423,0.094864688201789
xgboost_market,market,xgboost_01,230,0.08419923570130679,0.0948647755599468
xgboost_market,market,xgboost_01,231,0.08418287316137121,0.09485642320899823
xgboost_market,market,xgboost_01,232,0.08418409032052218,0.0948599527004155
xgboost_market,market,xgboost_01,233,0.08417914695174993,0.09484243100346827
xgboost_market,market,xgboost_01,234,0.08417956802788083,0.09484067172171097
xgboost_market,market,xgboost_01,235,0.08417653762990807,0.09484162764980544
xgboost_market,market,xgboost_01,236,0.08417291084552256,0.09484081855200473
xgboost_market,market,xgboost_01,237,0.08417309765280179,0.09484405163688082
xgboost_market,market,xgboost_01,238,0.08417238558560915,0.09484963978544582
xgboost_market,market,xgboost_01,239,0.08417138030823845,0.09486139691796473
xgboost_market,market,xgboost_01,240,0.08416992095144121,0.09486060203972596
xgboost_market,market,xgboost_01,241,0.08416651493303537,0.09486843749110058
xgboost_market,market,xgboost_01,242,0.08416722181507748,0.09487053956826433
xgboost_market,market,xgboost_01,243,0.0841624657851841,0.09485980025272596
xgboost_market,market,xgboost_01,244,0.08415391254577298,0.0948664221386348
xgboost_market,market,xgboost_01,245,0.08415147650465482,0.094864183038083
xgboost_market,market,xgboost_01,246,0.08414983247994723,0.09486445435407441
xgboost_market,market,xgboost_01,247,0.08415078851370544,0.09487452486642522
xgboost_market,market,xgboost_01,248,0.08414873888805946,0.09488236944122584
xgboost_market,market,xgboost_01,249,0.08414579967244322,0.09488174907709195
xgboost_market,market,xgboost_01,250,0.08413400229624632,0.09489233878792548
xgboost_market,market,xgboost_01,251,0.08413332918476081,0.094892063953869
xgboost_market,market,xgboost_01,252,0.08413248472442657,0.09489121577687544
xgboost_market,market,xgboost_01,253,0.08412576382152108,0.09489942658221233
xgboost_market,market,xgboost_01,254,0.08412457130072772,0.09490334681039812
xgboost_market,market,xgboost_01,255,0.08411634106572191,0.0948947857662199
xgboost_market,market,xgboost_01,256,0.08411620884609877,0.09491031420131177
xgboost_market,market,xgboost_01,257,0.08411286552157421,0.09490680891788793
xgboost_market,market,xgboost_01,258,0.08411150892180196,0.09490829469080223
xgboost_market,market,xgboost_01,259,0.08411116493270705,0.09492523276340731
xgboost_market,market,xgboost_01,260,0.08410308103440244,0.09491919210753048
xgboost_market,market,xgboost_01,261,0.08409388800025412,0.09490744388644853
xgboost_market,market,xgboost_01,262,0.08409100028742102,0.0949089921610238
xgboost_market,market,xgboost_01,263,0.0840927870467418,0.09490612780341576
xgboost_market,market,xgboost_01,264,0.08408779372463465,0.09491033374955823
xgboost_market,market,xgboost_02,1,0.11141303104765672,0.13194437358372424
xgboost_market,market,xgboost_02,2,0.10968432378761843,0.12969103896796608
xgboost_market,market,xgboost_02,3,0.10816838518820887,0.12735777573432105
xgboost_market,market,xgboost_02,4,0.1066148152678102,0.12518669095159635
xgboost_market,market,xgboost_02,5,0.10532048947828017,0.12323733780777282
xgboost_market,market,xgboost_02,6,0.10402218530687944,0.12136617537097961
xgboost_market,market,xgboost_02,7,0.10289729146260349,0.119904869461831
xgboost_market,market,xgboost_02,8,0.10187321237365025,0.1183851446915277
xgboost_market,market,xgboost_02,9,0.1008226152023232,0.11682640793255039
xgboost_market,market,xgboost_02,10,0.09982684763706012,0.11538175629221956
xgboost_market,market,xgboost_02,11,0.09902214391524757,0.11408295469008299
xgboost_market,market,xgboost_02,12,0.09816117906728654,0.11290142363417974
xgboost_market,market,xgboost_02,13,0.097389893186698,0.1119256983055455
xgboost_market,market,xgboost_02,14,0.09666177849383974,0.1108848833040091
xgboost_market,market,xgboost_02,15,0.09598479051296678,0.11001667503991122
xgboost_market,market,xgboost_02,16,0.09537571108484655,0.1091042207580309
xgboost_market,market,xgboost_02,17,0.09482689870609164,0.1084864329256349
xgboost_market,market,xgboost_02,18,0.09432879227101637,0.10781172533724033
xgboost_market,market,xgboost_02,19,0.09382668730769227,0.10708064967504395
xgboost_market,market,xgboost_02,20,0.09337440019371883,0.10643987177996155
xgboost_market,market,xgboost_02,21,0.0929409708960476,0.10591986754111597
xgboost_market,market,xgboost_02,22,0.0925483279596876,0.10535222258825476
xgboost_market,market,xgboost_02,23,0.09230131647216429,0.10493480084572518
xgboost_market,market,xgboost_02,24,0.09196019559175865,0.10447888973479051
xgboost_market,market,xgboost_02,25,0.09163213479833643,0.10406799975099153
xgboost_market,market,xgboost_02,26,0.09134783294710058,0.10356680558249004
xgboost_market,market,xgboost_02,27,0.09104384911207093,0.10320848379866329
xgboost_market,market,xgboost_02,28,0.09075432546805912,0.10288040367677068
xgboost_market,market,xgboost_02,29,0.09049632986776306,0.10253497036839618
xgboost_market,market,xgboost_02,30,0.09025559569863645,0.10216662190279885
xgboost_market,market,xgboost_02,31,0.09002121713061298,0.10189825184402572
xgboost_market,market,xgboost_02,32,0.08980486471513775,0.10162735332682607
xgboost_market,market,xgboost_02,33,0.08961127101663623,0.10135892990448543
xgboost_market,market,xgboost_02,34,0.08941221544767111,0.10116087618188777
xgboost_market,market,xgboost_02,35,0.08923981815563072,0.1009319894174248
xgboost_market,market,xgboost_02,36,0.08907797642542635,0.10067548139076211
xgboost_market,market,xgboost_02,37,0.08893140842715512,0.10042001790210238
xgboost_market,market,xgboost_02,38,0.08877468803698237,0.1002389271477199
xgboost_market,market,xgboost_02,39,0.08864276425132368,0.10005754477817448
xgboost_market,market,xgboost_02,40,0.08850854860716348,0.09985735453013368
xgboost_market,market,xgboost_02,41,0.08838635959948933,0.09965021756794447
xgboost_market,market,xgboost_02,42,0.08825900867139476,0.09951610116094756
xgboost_market,market,xgboost_02,43,0.0881624680777649,0.09931334988464174
xgboost_market,market,xgboost_02,44,0.08806124648195722,0.09919102710411845
xgboost_market,market,xgboost_02,45,0.08796161196905568,0.09902031177376305
xgboost_market,market,xgboost_02,46,0.08787211813989296,0.09887592416073135
xgboost_market,market,xgboost_02,47,0.0877787000498274,0.09880328367766746
xgboost_market,market,xgboost_02,48,0.08769624450607967,0.09868607253048342
xgboost_market,market,xgboost_02,49,0.08761257705745601,0.09855819308558907
xgboost_market,market,xgboost_02,50,0.08752883964252332,0.09847114846746687
xgboost_market,market,xgboost_02,51,0.08745258991742473,0.09835150325714716
xgboost_market,market,xgboost_02,52,0.08737754516642451,0.09824939856591797
xgboost_market,market,xgboost_02,53,0.08731203337184736,0.09817794342055819
xgboost_market,market,xgboost_02,54,0.08725497605012957,0.09812352605172074
xgboost_market,market,xgboost_02,55,0.08720145442141305,0.09803615956442993
xgboost_market,market,xgboost_02,56,0.08712978711502867,0.0979612295469827
xgboost_market,market,xgboost_02,57,0.08706039209127808,0.09789125659705003
xgboost_market,market,xgboost_02,58,0.08699532891207146,0.09783522446480249
xgboost_market,market,xgboost_02,59,0.0869471414369483,0.09776734622481943
xgboost_market,market,xgboost_02,60,0.08689496017096737,0.09771876115899
xgboost_market,market,xgboost_02,61,0.08684851167577629,0.09765711798988155
xgboost_market,market,xgboost_02,62,0.0867874634240585,0.09761194847619442
xgboost_market,market,xgboost_02,63,0.08672815815622785,0.09754576093456693
xgboost_market,market,xgboost_02,64,0.08668300589224366,0.09752511326612237
xgboost_market,market,xgboost_02,65,0.08663871663153605,0.09751163582661151
xgboost_market,market,xgboost_02,66,0.08657765828917505,0.09744752304514913
xgboost_market,market,xgboost_02,67,0.08653931268955078,0.097385246823906
xgboost_market,market,xgboost_02,68,0.08650386809154732,0.09736420857339098
xgboost_market,market,xgboost_02,69,0.08646555734716564,0.09730052109506858
xgboost_market,market,xgboost_02,70,0.08642834146762193,0.09725816355062167
xgboost_market,market,xgboost_02,71,0.08639373148824196,0.09723673926420416
xgboost_market,market,xgboost_02,72,0.08635716620789377,0.0972273328479067
xgboost_market,market,xgboost_02,73,0.08631479081642368,0.09717405957005229
xgboost_market,market,xgboost_02,74,0.0862817041430076,0.0971429677970225
xgboost_market,market,xgboost_02,75,0.0862481789369497,0.0971026374567448
xgboost_market,market,xgboost_02,76,0.08620618590656019,0.09705932293892576
xgboost_market,market,xgboost_02,77,0.08617956190609198,0.09703343862203585
xgboost_market,market,xgboost_02,78,0.08614519412348558,0.09701410911000462
xgboost_market,market,xgboost_02,79,0.08611153419815762,0.09700363183521694
xgboost_market,market,xgboost_02,80,0.0860829379941392,0.09694372842882894
xgboost_market,market,xgboost_02,81,0.08605531426672433,0.09691860765754788
xgboost_market,market,xgboost_02,82,0.08601410203669985,0.09687971963130589
xgboost_market,market,xgboost_02,83,0.08598375368261989,0.09682629265539024
xgboost_market,market,xgboost_02,84,0.08596086602105608,0.09680903100704846
xgboost_market,market,xgboost_02,85,0.08593264516301906,0.0967897190855933
xgboost_market,market,xgboost_02,86,0.08590724072008445,0.09674767104148872
xgboost_market,market,xgboost_02,87,0.08588159711827345,0.09672531205045053
xgboost_market,market,xgboost_02,88,0.08584133112101279,0.0966828898809422
xgboost_market,market,xgboost_02,89,0.08582154265998948,0.0966462999032448
xgboost_market,market,xgboost_02,90,0.0857967759673979,0.0966296063349712
xgboost_market,market,xgboost_02,91,0.08577492226370596,0.09661449197750463
xgboost_market,market,xgboost_02,92,0.08575406185991631,0.09658075285994489
xgboost_market,market,xgboost_02,93,0.08572334597143581,0.09657475259267861
xgboost_market,market,xgboost_02,94,0.08570401875378016,0.09655982723026096
xgboost_market,market,xgboost_02,95,0.08567233162472174,0.09652465541990841
xgboost_market,market,xgboost_02,96,0.08564630639114333,0.09648016953710725
xgboost_market,market,xgboost_02,97,0.08561660317548303,0.09645205958378934
xgboost_market,market,xgboost_02,98,0.08559890558646116,0.09642453293914925
xgboost_market,market,xgboost_02,99,0.0855738291715411,0.09634399841901736
xgboost_market,market,xgboost_02,100,0.08555466751369967,0.09634234478815273
xgboost_market,market,xgboost_02,101,0.08553889707289256,0.09631420162677272
xgboost_market,market,xgboost_02,102,0.08552253223427372,0.09629236837227972
xgboost_market,market,xgboost_02,103,0.08550642131392253,0.09629268911643976
xgboost_market,market,xgboost_02,104,0.08548217877808102,0.09625923789314036
xgboost_market,market,xgboost_02,105,0.0854616590077932,0.09617472964611372
xgboost_market,market,xgboost_02,106,0.0854444195778077,0.09613617196308542
xgboost_market,market,xgboost_02,107,0.08542510562333026,0.09605831647752364
xgboost_market,market,xgboost_02,108,0.08541131977079554,0.0960359996188969
xgboost_market,market,xgboost_02,109,0.08538740064384456,0.09604789257156872
xgboost_market,market,xgboost_02,110,0.08537300984826422,0.09603535225781638
xgboost_market,market,xgboost_02,111,0.08535721410370464,0.0960350599725876
xgboost_market,market,xgboost_02,112,0.08532183983343176,0.09602840955202818
xgboost_market,market,xgboost_02,113,0.08530508957537164,0.09601978424721912
xgboost_market,market,xgboost_02,114,0.08529105548827692,0.0960051535815151
xgboost_market,market,xgboost_02,115,0.08527712855274429,0.09597952784297203
xgboost_market,market,xgboost_02,116,0.08525582900051183,0.09595288121116295
xgboost_market,market,xgboost_02,117,0.08524358979698902,0.095935492081948
xgboost_market,market,xgboost_02,118,0.08522473899214475,0.09588971952116072
xgboost_market,market,xgboost_02,119,0.08521332195363948,0.09588581541993665
xgboost_market,market,xgboost_02,120,0.08519715394445056,0.09586974848796428
xgboost_market,market,xgboost_02,121,0.08518113117379496,0.09581774893921455
xgboost_market,market,xgboost_02,122,0.08516979923778926,0.09580045803513357
xgboost_market,market,xgboost_02,123,0.08515765241656666,0.09580779205473672
xgboost_market,market,xgboost_02,124,0.08514567109569375,0.09579581938165485
xgboost_market,market,xgboost_02,125,0.08512800980925583,0.09576429045215192
xgboost_market,market,xgboost_02,126,0.08511854571269828,0.09574642620626213
xgboost_market,market,xgboost_02,127,0.08509764804493128,0.09571764110700991
xgboost_market,market,xgboost_02,128,0.08508805535461235,0.09570170325479187
xgboost_market,market,xgboost_02,129,0.08507619172490795,0.09569582197366881
xgboost_market,market,xgboost_02,130,0.08506520281028415,0.09568663549454408
xgboost_market,market,xgboost_02,131,0.08505017421455623,0.09565106870977366
xgboost_market,market,xgboost_02,132,0.08503040315172287,0.09563937898036276
xgboost_market,market,xgboost_02,133,0.08502086423076069,0.09562103816646937
xgboost_market,market,xgboost_02,134,0.08501125411134589,0.09561292136403678
xgboost_market,market,xgboost_02,135,0.08499026339937467,0.09560302470650622
xgboost_market,market,xgboost_02,136,0.08498038564046258,0.09560518973350408
xgboost_market,market,xgboost_02,137,0.08496800745337682,0.09555121433596092
xgboost_market,market,xgboost_02,138,0.08494990308559154,0.09552895127327907
xgboost_market,market,xgboost_02,139,0.08494231188305747,0.0955213490206142
xgboost_market,market,xgboost_02,140,0.08493497985071878,0.09550666518390043
xgboost_market,market,xgboost_02,141,0.0849231919236343,0.09548608880795449
xgboost_market,market,xgboost_02,142,0.08491095604979415,0.09548032902349636
xgboost_market,market,xgboost_02,143,0.08489635258889207,0.09545295878463542
xgboost_market,market,xgboost_02,144,0.08488815364203947,0.0954492368884179
xgboost_market,market,xgboost_02,145,0.08487840428098084,0.09546167556490302
xgboost_market,market,xgboost_02,146,0.08486637969466687,0.09545309492697152
xgboost_market,market,xgboost_02,147,0.0848583883840197,0.09545564548089762
xgboost_market,market,xgboost_02,148,0.08485098031084154,0.09543921060831073
xgboost_market,market,xgboost_02,149,0.08483542005827932,0.09540963277452899
xgboost_market,market,xgboost_02,150,0.08482406189242732,0.09538685050045201
xgboost_market,market,xgboost_02,151,0.08481680539454672,0.09537996673463335
xgboost_market,market,xgboost_02,152,0.0848082296737515,0.09539278641720209
xgboost_market,market,xgboost_02,153,0.08479983135611267,0.0953853537492391
xgboost_market,market,xgboost_02,154,0.08478806565765795,0.09537840229937367
xgboost_market,market,xgboost_02,155,0.08477601057419541,0.09536290339820176
xgboost_market,market,xgboost_02,156,0.08474858975152333,0.09535885404763816
xgboost_market,market,xgboost_02,157,0.08474385944765278,0.09534215348798905
xgboost_market,market,xgboost_02,158,0.08473550227579732,0.09534937297911061
xgboost_market,market,xgboost_02,159,0.08472893824197703,0.09535290722805806
xgboost_market,market,xgboost_02,160,0.08472029870887984,0.09532713024092364
xgboost_market,market,xgboost_02,161,0.08471375960481141,0.09531958469425762
xgboost_market,market,xgboost_02,162,0.0847041164665126,0.09529731353186498
xgboost_market,market,xgboost_02,163,0.08469006643154856,0.09529814332059694
xgboost_market,market,xgboost_02,164,0.08467909243560029,0.09528410140758935
xgboost_market,market,xgboost_02,165,0.08466579273346457,0.09529541043366854
xgboost_market,market,xgboost_02,166,0.08465923377053021,0.0952910995356581
xgboost_market,market,xgboost_02,167,0.08464956535366712,0.09522586290396501
xgboost_market,market,xgboost_02,168,0.08464407839386645,0.09522155624473219
xgboost_market,market,xgboost_02,169,0.08462666415089233,0.09523006373278517
xgboost_market,market,xgboost_02,170,0.08461735207236622,0.09519271859113136
xgboost_market,market,xgboost_02,171,0.08461071113781804,0.09516650372179673
xgboost_market,market,xgboost_02,172,0.0846048146916016,0.09516198212161273
xgboost_market,market,xgboost_02,173,0.08458907707325894,0.0951710734414838
xgboost_market,market,xgboost_02,174,0.08458544929515975,0.09515757203141727
xgboost_market,market,xgboost_02,175,0.08457663154557224,0.0951396976985606
xgboost_market,market,xgboost_02,176,0.08457461808555522,0.09513530924967416
xgboost_market,market,xgboost_02,177,0.08456876723307497,0.09512137670871254
xgboost_market,market,xgboost_02,178,0.08456564308114548,0.09512191554645535
xgboost_market,market,xgboost_02,179,0.08456147012311721,0.0951181691996668
xgboost_market,market,xgboost_02,180,0.08455624715961828,0.09511283592760125
xgboost_market,market,xgboost_02,181,0.08454579457310463,0.09508754490468657
xgboost_market,market,xgboost_02,182,0.08453351534212888,0.09507439168653244
xgboost_market,market,xgboost_02,183,0.08452670013585173,0.0950531595737456
xgboost_market,market,xgboost_02,184,0.08452348854870378,0.09505607574794034
xgboost_market,market,xgboost_02,185,0.08451929532891936,0.09504892028289522
xgboost_market,market,xgboost_02,186,0.08451224564692858,0.09504751151239331
xgboost_market,market,xgboost_02,187,0.08450792843989767,0.0950432311965892
xgboost_market,market,xgboost_02,188,0.0844997168029352,0.09502904423106216
xgboost_market,market,xgboost_02,189,0.08448882021939266,0.09500702010370618
xgboost_market,market,xgboost_02,190,0.08448294203658109,0.09500635787481104
xgboost_market,market,xgboost_02,191,0.08447799896666625,0.09502032372287163
xgboost_market,market,xgboost_02,192,0.08447409075149642,0.09502683412812692
xgboost_market,market,xgboost_02,193,0.08446912849551348,0.09502157025231754
xgboost_market,market,xgboost_02,194,0.08446032092865495,0.0950190856198328
xgboost_market,market,xgboost_02,195,0.08445669278477065,0.09501595664099972
xgboost_market,market,xgboost_02,196,0.08445298078524605,0.09500877187533541
xgboost_market,market,xgboost_02,197,0.08444777853273733,0.09499849428919563
xgboost_market,market,xgboost_02,198,0.0844432809234131,0.09501184513753533
xgboost_market,market,xgboost_02,199,0.08444062283683482,0.09502799660524035
xgboost_market,market,xgboost_02,200,0.08442730998861424,0.09503439861477757
xgboost_market,market,xgboost_02,201,0.08441525790991607,0.09504085247901185
xgboost_market,market,xgboost_02,202,0.08440928776981318,0.09503413668873413
xgboost_market,market,xgboost_02,203,0.08440460809445273,0.09503528687324204
xgboost_market,market,xgboost_02,204,0.08439870781539222,0.09504595215973037
xgboost_market,market,xgboost_02,205,0.08439428593571177,0.09504677357871939
xgboost_market,market,xgboost_02,206,0.08438248992731943,0.09502729199634159
xgboost_market,market,xgboost_02,207,0.08437799241260882,0.09500442943421038
xgboost_market,market,xgboost_02,208,0.08436655026496503,0.09501453483373686
xgboost_market,market,xgboost_02,209,0.08436206885831084,0.09502418227378429
xgboost_market,market,xgboost_02,210,0.08435749642530421,0.09502000168997878
xgboost_market,market,xgboost_02,211,0.0843561703336646,0.09501683184452558
xgboost_market,market,xgboost_02,212,0.08435176211355246,0.09501111497875639
xgboost_market,market,xgboost_02,213,0.08434123486595098,0.0949988687050657
xgboost_market,market,xgboost_02,214,0.08433180385701072,0.09500563319302119
xgboost_market,market,xgboost_02,215,0.08432564714559085,0.09499730627925139
xgboost_market,market,xgboost_02,216,0.08432580940831355,0.09500201805001422
xgboost_market,market,xgboost_02,217,0.08432615768189404,0.0950038943168687
xgboost_market,market,xgboost_02,218,0.08432314570537662,0.09500378099789043
xgboost_market,market,xgboost_02,219,0.08431233834342597,0.09498947002542747
xgboost_market,market,xgboost_02,220,0.08430832334022216,0.094999300482333
xgboost_market,market,xgboost_02,221,0.08430389157299875,0.09499862927681209
xgboost_market,market,xgboost_02,222,0.08430008626941354,0.09500600376751472
xgboost_market,market,xgboost_02,223,0.08429610457802275,0.09500080195747879
xgboost_market,market,xgboost_02,224,0.08428707975624004,0.09499551942049234
xgboost_market,market,xgboost_02,225,0.08428760731206812,0.09499950786714784
xgboost_market,market,xgboost_02,226,0.08428375262942009,0.09497306996755636
xgboost_market,market,xgboost_02,227,0.08428069136899514,0.09496903040296281
xgboost_market,market,xgboost_02,228,0.08427704685412851,0.09497643462465623
xgboost_market,market,xgboost_02,229,0.08427037369233295,0.0949657427704646
xgboost_market,market,xgboost_02,230,0.08427067429046727,0.09496725886432848
xgboost_market,market,xgboost_02,231,0.08426428094232775,0.09498640648714285
xgboost_market,market,xgboost_02,232,0.08425471380478403,0.09498140950300986
xgboost_market,market,xgboost_02,233,0.08424628039109537,0.09499138109634186
xgboost_market,market,xgboost_02,234,0.08424201398738702,0.09498907522200487
xgboost_market,market,xgboost_02,235,0.08423380254082541,0.09499660514428988
xgboost_market,market,xgboost_02,236,0.08422774990834267,0.09498729996347086
xgboost_market,market,xgboost_02,237,0.08422452111286395,0.09497264368169492
xgboost_market,market,xgboost_02,238,0.08422510661958489,0.09497451055860143
xgboost_market,market,xgboost_02,239,0.08422491599911258,0.09497146028624154
xgboost_market,market,xgboost_02,240,0.0842240516318533,0.0949746981480791
xgboost_market,market,xgboost_02,241,0.08422078897084327,0.09497596756970719
xgboost_market,market,xgboost_02,242,0.08421703296759657,0.09497200959443701
xgboost_market,market,xgboost_02,243,0.08421623663847282,0.09497013628439693
xgboost_market,market,xgboost_02,244,0.08421312609663809,0.09497235911569989
xgboost_market,market,xgboost_02,245,0.08420413754499867,0.09496777859422545
xgboost_market,market,xgboost_02,246,0.08419881026789439,0.0949645552867947
xgboost_market,market,xgboost_02,247,0.08418896765209821,0.0949504129868916
xgboost_market,market,xgboost_02,248,0.08418538186251753,0.09493588717439475
xgboost_market,market,xgboost_02,249,0.08418371306731229,0.09493471527122876
xgboost_market,market,xgboost_02,250,0.0841842995140904,0.0949345079221424
xgboost_market,market,xgboost_02,251,0.08418425623170676,0.09494153449673148
xgboost_market,market,xgboost_02,252,0.08418177316151829,0.09493909608437329
xgboost_market,market,xgboost_02,253,0.08417479160670938,0.09493677279208523
xgboost_market,market,xgboost_02,254,0.08417211370794,0.09493830869770885
xgboost_market,market,xgboost_02,255,0.08416883955528918,0.09493918828330238
xgboost_market,market,xgboost_02,256,0.08416528106025879,0.09494001646011542
xgboost_market,market,xgboost_02,257,0.08416115116544402,0.094942153427965
xgboost_market,market,xgboost_02,258,0.08416050994861381,0.09493480875889065
xgboost_market,market,xgboost_02,259,0.08415759661707088,0.09493264416765498
xgboost_market,market,xgboost_02,260,0.08415511784882215,0.0949200296746676
xgboost_market,market,xgboost_02,261,0.0841513239250808,0.09492876748497368
xgboost_market,market,xgboost_02,262,0.08415156622997991,0.09492902738326875
xgboost_market,market,xgboost_02,263,0.0841459135016072,0.09492279932771401
xgboost_market,market,xgboost_02,264,0.08414571446696409,0.09492017735191455
xgboost_market,market,xgboost_02,265,0.08414002873195539,0.09493691250012438
xgboost_market,market,xgboost_02,266,0.08413199867348621,0.09493158610033939
xgboost_market,market,xgboost_02,267,0.08412726800277731,0.09492152881517611
xgboost_market,market,xgboost_02,268,0.08412797877703772,0.09492229081555922
xgboost_market,market,xgboost_02,269,0.08412421165130579,0.09492378903264304
xgboost_market,market,xgboost_02,270,0.08412046758574404,0.09492071516882553
xgboost_market,market,xgboost_02,271,0.08411834053312715,0.09492129107268028
xgboost_market,market,xgboost_02,272,0.08411452374599626,0.09492078966685898
xgboost_market,market,xgboost_02,273,0.08410866311012627,0.09491932031550973
xgboost_market,market,xgboost_02,274,0.08410607341007463,0.09492779929059995
xgboost_market,market,xgboost_02,275,0.08410120386543296,0.09492100738297342
xgboost_market,market,xgboost_02,276,0.0840950768238644,0.09492782027538234
xgboost_market,market,xgboost_02,277,0.0840916303103243,0.09493661080438807
xgboost_market,market,xgboost_02,278,0.08409126231227497,0.09493590482614803
xgboost_market,market,xgboost_02,279,0.0840890534607201,0.09493676154638708
xgboost_market,market,xgboost_02,280,0.08408290879950435,0.09493420646070977
xgboost_market,market,xgboost_02,281,0.08408106540768193,0.09493563055835673
xgboost_market,market,xgboost_02,282,0.08408081775097512,0.09493657917176422
xgboost_market,market,xgboost_02,283,0.08407471274667247,0.0949364880354129
xgboost_market,market,xgboost_02,284,0.08406539083976698,0.09492388854237284
xgboost_market,market,xgboost_02,285,0.08405967728781692,0.0949226127956742
xgboost_market,market,xgboost_02,286,0.08405639294103172,0.09492382918381585
xgboost_market,market,xgboost_02,287,0.08405233779996232,0.09491636097628756
xgboost_market,market,xgboost_02,288,0.08404701390565551,0.09492313292999258
xgboost_market,market,xgboost_02,289,0.08404733800880045,0.09492351076112997
xgboost_market,market,xgboost_02,290,0.08404425691334355,0.09493117601778582
xgboost_market,market,xgboost_02,291,0.0840356031632583,0.09491935252643363
xgboost_market,market,xgboost_02,292,0.08403357390225775,0.0949172446106082
xgboost_market,market,xgboost_02,293,0.08403058717363947,0.09492382598266874
xgboost_market,market,xgboost_02,294,0.08402768199833692,0.0949195262795844
xgboost_market,market,xgboost_02,295,0.08402585844341225,0.09491883384118749
xgboost_market,market,xgboost_02,296,0.0840192127452316,0.09491122421265843
xgboost_market,market,xgboost_02,297,0.08401744394455998,0.0949113859413554
xgboost_market,market,xgboost_02,298,0.08401127736615094,0.09492133817247979
xgboost_market,market,xgboost_02,299,0.08400994717287315,0.09492332509033476
xgboost_market,market,xgboost_02,300,0.08400938813740766,0.09492223228038717
xgboost_market,market,xgboost_02,301,0.08400995082506661,0.09492279718789101
xgboost_market,market,xgboost_02,302,0.08400213366303638,0.09491282311888824
xgboost_market,market,xgboost_02,303,0.08399736775802862,0.09492825855673871
xgboost_market,market,xgboost_02,304,0.08399543100984329,0.09492178380813789
xgboost_market,market,xgboost_02,305,0.08399296382360578,0.0949200733761238
xgboost_market,market,xgboost_02,306,0.08399014922205116,0.09492064726677232
xgboost_market,market,xgboost_02,307,0.08398692315176925,0.09491686613949211
xgboost_market,market,xgboost_02,308,0.08397984339848141,0.0949075273555918
xgboost_market,market,xgboost_02,309,0.08397766590721359,0.09490980553270381
xgboost_market,market,xgboost_02,310,0.08397534464151583,0.09491093343692691
xgboost_market,market,xgboost_02,311,0.08397325935442547,0.09491313104930829
xgboost_market,market,xgboost_02,312,0.08397397908387558,0.09491488093861036
xgboost_market,market,xgboost_02,313,0.08397387255903833,0.09491274098523822
xgboost_market,market,xgboost_02,314,0.08396888984855111,0.09491045610596341
xgboost_market,market,xgboost_02,315,0.08396544933966461,0.09490680054463481
xgboost_market,market,xgboost_02,316,0.08396333647421324,0.09491419013770645
xgboost_market,market,xgboost_02,317,0.08396286048911916,0.09491493770428205
xgboost_market,market,xgboost_02,318,0.08395993725513703,0.09490948633051008
xgboost_market,market,xgboost_02,319,0.08395339823867044,0.09490037384696344
xgboost_market,market,xgboost_02,320,0.0839503576647397,0.09489732734778256
xgboost_market,market,xgboost_02,321,0.08394826420040374,0.0949002856498757
xgboost_market,market,xgboost_02,322,0.08394565292589239,0.09490476270954816
xgboost_market,market,xgboost_02,323,0.08394454002711157,0.0949064826909721
xgboost_market,market,xgboost_02,324,0.08394212038490241,0.09490847938689922
xgboost_market,market,xgboost_02,325,0.08393950583809648,0.09489762607492032
xgboost_market,market,xgboost_02,326,0.08393930366868559,0.09489908467801227
xgboost_market,market,xgboost_02,327,0.08393747780568851,0.09490125918145864
xgboost_market,market,xgboost_02,328,0.08393132639834822,0.09488982636256371
xgboost_market,market,xgboost_02,329,0.08393065028676282,0.09488956296212468
xgboost_market,market,xgboost_02,330,0.0839264164954972,0.09488761058118085
xgboost_market,market,xgboost_02,331,0.08392442800525625,0.09487492895486686
xgboost_market,market,xgboost_02,332,0.08392425759505032,0.09487570094142492
xgboost_market,market,xgboost_02,333,0.08392178713531452,0.09487728811705204
xgboost_market,market,xgboost_02,334,0.08391564225589163,0.09486839758764527
xgboost_market,market,xgboost_02,335,0.08391283880908235,0.09487031413617558
xgboost_market,market,xgboost_02,336,0.08391170548453643,0.094871272171624
xgboost_market,market,xgboost_02,337,0.08390654582909467,0.09486272267677338
xgboost_market,market,xgboost_02,338,0.08390134423316344,0.09487138856112103
xgboost_market,market,xgboost_02,339,0.08389994129195472,0.09486654091880642
xgboost_market,market,xgboost_02,340,0.08389719684518399,0.09487146211918185
xgboost_market,market,xgboost_02,341,0.08389530113254993,0.09487329333429402
xgboost_market,market,xgboost_02,342,0.08389295800855164,0.0948815360205991
xgboost_market,market,xgboost_02,343,0.08389099259864342,0.09488319356178998
xgboost_market,market,xgboost_02,344,0.0838901184879885,0.09488426568845344
xgboost_market,market,xgboost_02,345,0.08388993733317998,0.09488505520052412
xgboost_market,market,xgboost_02,346,0.08388933920132079,0.09488603045747962
xgboost_market,market,xgboost_02,347,0.08388480638035802,0.09487998347051481
xgboost_market,market,xgboost_02,348,0.08388355893531406,0.09488127608131028
xgboost_market,market,xgboost_02,349,0.08387956603786871,0.09487955166767345
xgboost_market,market,xgboost_02,350,0.0838782546522347,0.09488165237236182
xgboost_market,market,xgboost_02,351,0.08387712192820228,0.0948825990067872
xgboost_market,market,xgboost_02,352,0.08387637456896158,0.09488373454035869
xgboost_market,market,xgboost_02,353,0.08387443755824156,0.09488187248692335
xgboost_market,market,xgboost_02,354,0.08387435239684923,0.09487960919555287
xgboost_market,market,xgboost_02,355,0.08386918529655968,0.09487185361239142
xgboost_market,market,xgboost_02,356,0.08386851463777537,0.0948715375535524
xgboost_market,market,xgboost_02,357,0.08386597865020398,0.09487454343282778
xgboost_market,market,xgboost_02,358,0.08386532387534056,0.09488142515460087
xgboost_market,market,xgboost_02,359,0.08386043327231063,0.09487204805196038
xgboost_market,market,xgboost_02,360,0.08385639923979518,0.09486896871504003
xgboost_market,market,xgboost_02,361,0.08385495986973064,0.09487739672864538
xgboost_market,market,xgboost_02,362,0.0838554261131143,0.09487922782278214
xgboost_market,market,xgboost_02,363,0.08385388876738228,0.0948806338769161
xgboost_market,market,xgboost_02,364,0.08385206362196199,0.09488097849171742
xgboost_market,market,xgboost_02,365,0.08384730559516182,0.09487336654973746
xgboost_market,market,xgboost_02,366,0.08384588830335038,0.0948761573662087
xgboost_market,market,xgboost_02,367,0.08384570465082096,0.09487750050861893
xgboost_market,market,xgboost_03,1,0.11150466872614981,0.13227741252633457
xgboost_market,market,xgboost_03,2,0.10969513254695544,0.12971984991283006
xgboost_market,market,xgboost_03,3,0.10808805516983871,0.12736520969277196
xgboost_market,market,xgboost_03,4,0.10666855905998303,0.12517916000145918
xgboost_market,market,xgboost_03,5,0.10524361707772885,0.12317010971193143
xgboost_market,market,xgboost_03,6,0.10391931013514488,0.12141503995518366
xgboost_market,market,xgboost_03,7,0.10270180745145512,0.11962604159904226
xgboost_market,market,xgboost_03,8,0.1015891681243231,0.11809035206080959
xgboost_market,market,xgboost_03,9,0.10061766572353255,0.11667829682191275
xgboost_market,market,xgboost_03,10,0.09968111111319528,0.1152702516095525
xgboost_market,market,xgboost_03,11,0.09878384639353056,0.11411228557344817
xgboost_market,market,xgboost_03,12,0.09798568691802381,0.11288590410889511
xgboost_market,market,xgboost_03,13,0.09726382994067068,0.11180711751368745
xgboost_market,market,xgboost_03,14,0.09655532893942231,0.11091256034276555
xgboost_market,market,xgboost_03,15,0.09590099869283421,0.10998210928549892
xgboost_market,market,xgboost_03,16,0.09530495649980353,0.10906866265503222
xgboost_market,market,xgboost_03,17,0.09476131617361105,0.10831743908168763
xgboost_market,market,xgboost_03,18,0.09427071395938882,0.1075660717123381
xgboost_market,market,xgboost_03,19,0.09378794018806355,0.1070400705810013
xgboost_market,market,xgboost_03,20,0.09331906520866583,0.10649470824696627
xgboost_market,market,xgboost_03,21,0.09290341843128466,0.10599600150654696
xgboost_market,market,xgboost_03,22,0.09252188008831214,0.10539352898818798
xgboost_market,market,xgboost_03,23,0.092159168492749,0.10492004269626463
xgboost_market,market,xgboost_03,24,0.0918140312335408,0.10451706327715589
xgboost_market,market,xgboost_03,25,0.09149925308887437,0.1040911377070509
xgboost_market,market,xgboost_03,26,0.09120154448652906,0.10368449616611108
xgboost_market,market,xgboost_03,27,0.0909216304316565,0.10324913424738469
xgboost_market,market,xgboost_03,28,0.09066290512471918,0.10283113107298847
xgboost_market,market,xgboost_03,29,0.09043533969348083,0.10247265417161396
xgboost_market,market,xgboost_03,30,0.09018945140431991,0.10218214406948428
xgboost_market,market,xgboost_03,31,0.08996831618597959,0.10192885244738319
xgboost_market,market,xgboost_03,32,0.08976472498695452,0.10162446957429062
xgboost_market,market,xgboost_03,33,0.08955750980996283,0.10138572677583814
xgboost_market,market,xgboost_03,34,0.0893804733023365,0.10109845323314864
xgboost_market,market,xgboost_03,35,0.0892179354544038,0.1008473130253663
xgboost_market,market,xgboost_03,36,0.08904364623887781,0.10066919357887323
xgboost_market,market,xgboost_03,37,0.08889246565339366,0.1004646570210017
xgboost_market,market,xgboost_03,38,0.08873515616178487,0.10026730011272582
xgboost_market,market,xgboost_03,39,0.08859358886469951,0.10002373721085009
xgboost_market,market,xgboost_03,40,0.08845963286283973,0.09986201418256083
xgboost_market,market,xgboost_03,41,0.0883468565740984,0.09962223073286337
xgboost_market,market,xgboost_03,42,0.08822295324308636,0.09948338649746771
xgboost_market,market,xgboost_03,43,0.08810684191952502,0.09930695317633453
xgboost_market,market,xgboost_03,44,0.08801091338984834,0.09916263336393727
xgboost_market,market,xgboost_03,45,0.08790452988827571,0.09904974715630999
xgboost_market,market,xgboost_03,46,0.08780455875383222,0.09892505112704983
xgboost_market,market,xgboost_03,47,0.0877108004530468,0.09880773941395175
xgboost_market,market,xgboost_03,48,0.08762913741556977,0.09867552259510945
xgboost_market,market,xgboost_03,49,0.08755504774644388,0.0985044886661837
xgboost_market,market,xgboost_03,50,0.08746410995364187,0.09840120460929845
xgboost_market,market,xgboost_03,51,0.08738746799758453,0.09832138266075421
xgboost_market,market,xgboost_03,52,0.08731061222275605,0.09824655999124014
xgboost_market,market,xgboost_03,53,0.08723659283387339,0.09816255536570248
xgboost_market,market,xgboost_03,54,0.08718025075374901,0.09810536319314972
xgboost_market,market,xgboost_03,55,0.08712380027836311,0.09800821943550816
xgboost_market,market,xgboost_03,56,0.08705609814589257,0.09798524407540778
xgboost_market,market,xgboost_03,57,0.0869998497251414,0.09795937432119865
xgboost_market,market,xgboost_03,58,0.08695768369838061,0.09786680178785227
xgboost_market,market,xgboost_03,59,0.0868916450453896,0.0977977637036319
xgboost_market,market,xgboost_03,60,0.08683051712263715,0.09770662302477517
xgboost_market,market,xgboost_03,61,0.08678036204903422,0.09765819115179362
xgboost_market,market,xgboost_03,62,0.08673931261300107,0.09761807345305687
xgboost_market,market,xgboost_03,63,0.08668407897907025,0.09753764683057536
xgboost_market,market,xgboost_03,64,0.086634205508446,0.09746496275975962
xgboost_market,market,xgboost_03,65,0.08658308759308832,0.09744840264741593
xgboost_market,market,xgboost_03,66,0.08654220688528158,0.09741427924991485
xgboost_market,market,xgboost_03,67,0.08650102632312864,0.09735714408510995
xgboost_market,market,xgboost_03,68,0.08645020204389081,0.09731448503284604
xgboost_market,market,xgboost_03,69,0.08640467084787702,0.09727279361997335
xgboost_market,market,xgboost_03,70,0.08636824883527645,0.09722791253271298
xgboost_market,market,xgboost_03,71,0.08632235323162507,0.09715964624825962
xgboost_market,market,xgboost_03,72,0.08628608791260507,0.09714904450783239
xgboost_market,market,xgboost_03,73,0.08625641780033101,0.09710620772176275
xgboost_market,market,xgboost_03,74,0.086227184634657,0.0970717801717844
xgboost_market,market,xgboost_03,75,0.08619399528928996,0.09705127288044194
xgboost_market,market,xgboost_03,76,0.08614565922121405,0.09699794469354354
xgboost_market,market,xgboost_03,77,0.08611486837973988,0.09698145666398757
xgboost_market,market,xgboost_03,78,0.08608978941566932,0.09696350081790295
xgboost_market,market,xgboost_03,79,0.08605486262140127,0.09690678311013681
xgboost_market,market,xgboost_03,80,0.08602875263822844,0.0968797761372252
xgboost_market,market,xgboost_03,81,0.08599839484908967,0.09686297297965134
xgboost_market,market,xgboost_03,82,0.0859694432715282,0.09679689206674881
xgboost_market,market,xgboost_03,83,0.08593930494971912,0.0967628239708036
xgboost_market,market,xgboost_03,84,0.08590104629117991,0.09672223128313703
xgboost_market,market,xgboost_03,85,0.08586746470317788,0.09662646915626219
xgboost_market,market,xgboost_03,86,0.08583723237992408,0.09657695104336314
xgboost_market,market,xgboost_03,87,0.08580170216744228,0.09653975073722522
xgboost_market,market,xgboost_03,88,0.08578029585705856,0.09650423765287298
xgboost_market,market,xgboost_03,89,0.08575791861133414,0.0964857786922678
xgboost_market,market,xgboost_03,90,0.08572978245176288,0.09647759113577116
xgboost_market,market,xgboost_03,91,0.08569897301928721,0.09646992181421633
xgboost_market,market,xgboost_03,92,0.08567763730133551,0.09645108194267815
xgboost_market,market,xgboost_03,93,0.08565766998232116,0.0964340857581269
xgboost_market,market,xgboost_03,94,0.08562585092909646,0.09644386161250126
xgboost_market,market,xgboost_03,95,0.08560203247153211,0.09642103760153344
xgboost_market,market,xgboost_03,96,0.08558250685435426,0.0963825662201026
xgboost_market,market,xgboost_03,97,0.08556399230310009,0.09636207998725604
xgboost_market,market,xgboost_03,98,0.08553499310302673,0.09633390727239942
xgboost_market,market,xgboost_03,99,0.08552120790688894,0.09631981091306309
xgboost_market,market,xgboost_03,100,0.0855037639081469,0.09631997229625931
xgboost_market,market,xgboost_03,101,0.08548160644609384,0.09630794082073123
xgboost_market,market,xgboost_03,102,0.08546433970804612,0.09628084031089003
xgboost_market,market,xgboost_03,103,0.08544458690599954,0.09624347436936442
xgboost_market,market,xgboost_03,104,0.0854227388075016,0.09624201817036092
xgboost_market,market,xgboost_03,105,0.08540746095557333,0.09623010769694029
xgboost_market,market,xgboost_03,106,0.08538902913079548,0.09620641124369456
xgboost_market,market,xgboost_03,107,0.08537211374903447,0.09618996298220171
xgboost_market,market,xgboost_03,108,0.0853514511580062,0.09613150582763019
xgboost_market,market,xgboost_03,109,0.08533448944750813,0.09611188254544409
xgboost_market,market,xgboost_03,110,0.08532069726687609,0.09608913242324499
xgboost_market,market,xgboost_03,111,0.08530867052533403,0.09606984363266337
xgboost_market,market,xgboost_03,112,0.0852881163222245,0.09602702650716555
xgboost_market,market,xgboost_03,113,0.08527212046381281,0.0960055741152154
xgboost_market,market,xgboost_03,114,0.08525271789511828,0.09599174986792627
xgboost_market,market,xgboost_03,115,0.08523980493936159,0.09597385514551128
xgboost_market,market,xgboost_03,116,0.08521868472619304,0.09594121043627882
xgboost_market,market,xgboost_03,117,0.0852011491504197,0.0959227959375825
xgboost_market,market,xgboost_03,118,0.08517874181251339,0.09584340470046836
xgboost_market,market,xgboost_03,119,0.08516674147680375,0.09583151877226792
xgboost_market,market,xgboost_03,120,0.08515627423643636,0.095834515559082
xgboost_market,market,xgboost_03,121,0.085146527965186,0.0958487424468688
xgboost_market,market,xgboost_03,122,0.08513222591045573,0.09574695356312558
xgboost_market,market,xgboost_03,123,0.08511804329953276,0.09572758077913217
xgboost_market,market,xgboost_03,124,0.08510216183363324,0.09562694083616942
xgboost_market,market,xgboost_03,125,0.08508819953716878,0.09560147763892701
xgboost_market,market,xgboost_03,126,0.0850715938839054,0.09558408123238328
xgboost_market,market,xgboost_03,127,0.08505599859493841,0.09554562650581824
xgboost_market,market,xgboost_03,128,0.08504823612724532,0.09553983586122378
xgboost_market,market,xgboost_03,129,0.08503421570149441,0.09553986735481992
xgboost_market,market,xgboost_03,130,0.08502127167233092,0.0955309372678347
xgboost_market,market,xgboost_03,131,0.08500033935272253,0.09552773292282858
xgboost_market,market,xgboost_03,132,0.08498535931896181,0.09543590181815438
xgboost_market,market,xgboost_03,133,0.08496598739661883,0.09543662934480938
xgboost_market,market,xgboost_03,134,0.08495972356929754,0.09541392375208986
xgboost_market,market,xgboost_03,135,0.08494044426088355,0.09542263390140092
xgboost_market,market,xgboost_03,136,0.08490500342482413,0.09541566286768591
xgboost_market,market,xgboost_03,137,0.08489635958638664,0.09539264668998239
xgboost_market,market,xgboost_03,138,0.08488742549414531,0.09539007188055024
xgboost_market,market,xgboost_03,139,0.08487389386285843,0.09536584767115952
xgboost_market,market,xgboost_03,140,0.08486494813997494,0.095351528716451
xgboost_market,market,xgboost_03,141,0.0848564310938486,0.09535772958927098
xgboost_market,market,xgboost_03,142,0.08483514215895381,0.0953293414371506
xgboost_market,market,xgboost_03,143,0.08482271963113014,0.09532163756476937
xgboost_market,market,xgboost_03,144,0.08481376798863696,0.0952505620150328
xgboost_market,market,xgboost_03,145,0.08480993511060288,0.09524516724797209
xgboost_market,market,xgboost_03,146,0.08479842181744074,0.09525768999484197
xgboost_market,market,xgboost_03,147,0.08478705639517067,0.09525034203348152
xgboost_market,market,xgboost_03,148,0.08477626487804961,0.0952405689196702
xgboost_market,market,xgboost_03,149,0.08475813060968702,0.09521499289625192
xgboost_market,market,xgboost_03,150,0.08474794547949223,0.09520678821176909
xgboost_market,market,xgboost_03,151,0.08473876659730019,0.0951967466933993
xgboost_market,market,xgboost_03,152,0.08473025157603739,0.09521732809289594
xgboost_market,market,xgboost_03,153,0.08472247104165988,0.09522496303474498
xgboost_market,market,xgboost_03,154,0.08472032589659861,0.09521996000836062
xgboost_market,market,xgboost_03,155,0.08471193646725189,0.09521309968180877
xgboost_market,market,xgboost_03,156,0.08470576947313281,0.09520825233246777
xgboost_market,market,xgboost_03,157,0.08469342991680578,0.0951803041483391
xgboost_market,market,xgboost_03,158,0.08468297366193854,0.09516285114185372
xgboost_market,market,xgboost_03,159,0.08467867686613763,0.09515889630931144
xgboost_market,market,xgboost_03,160,0.08465396818805633,0.09515631207157021
xgboost_market,market,xgboost_03,161,0.08464090490211593,0.09513892812223378
xgboost_market,market,xgboost_03,162,0.08463326899077174,0.09514703191435703
xgboost_market,market,xgboost_03,163,0.08462888951760694,0.09514002564107064
xgboost_market,market,xgboost_03,164,0.08462041227227017,0.09512847487754926
xgboost_market,market,xgboost_03,165,0.08461439113805265,0.0951260171493678
xgboost_market,market,xgboost_03,166,0.08460684063489665,0.09511836312273972
xgboost_market,market,xgboost_03,167,0.08460099264219083,0.09510378585407517
xgboost_market,market,xgboost_03,168,0.08459152136532139,0.09509446233451298
xgboost_market,market,xgboost_03,169,0.08457009630856403,0.09509667453038542
xgboost_market,market,xgboost_03,170,0.08456047863694327,0.09509427402219159
xgboost_market,market,xgboost_03,171,0.08455955368200868,0.09509251084853641
xgboost_market,market,xgboost_03,172,0.08455399698794908,0.09508623997997384
xgboost_market,market,xgboost_03,173,0.08454990207455845,0.09505556725007694
xgboost_market,market,xgboost_03,174,0.08454597716929603,0.09505729747767892
xgboost_market,market,xgboost_03,175,0.08454153584167486,0.0950686646758786
xgboost_market,market,xgboost_03,176,0.08452992109064929,0.0950636772410301
xgboost_market,market,xgboost_03,177,0.08452206479864116,0.09506840309019601
xgboost_market,market,xgboost_03,178,0.08450346158447879,0.09504755627517365
xgboost_market,market,xgboost_03,179,0.08448743431028785,0.09505826394429821
xgboost_market,market,xgboost_03,180,0.08447754136339453,0.09503690262050186
xgboost_market,market,xgboost_03,181,0.08446363641694829,0.09504354167162975
xgboost_market,market,xgboost_03,182,0.08445591740762495,0.09504775553395144
xgboost_market,market,xgboost_03,183,0.0844547316153515,0.09505216310585267
xgboost_market,market,xgboost_03,184,0.08444576338746061,0.09506207703491017
xgboost_market,market,xgboost_03,185,0.08444176173771518,0.09504400601622827
xgboost_market,market,xgboost_03,186,0.08443945312559392,0.09505371639257061
xgboost_market,market,xgboost_03,187,0.08442949209671899,0.09504314219529708
xgboost_market,market,xgboost_03,188,0.08442274939858868,0.09503967596298472
xgboost_market,market,xgboost_03,189,0.08441981498467306,0.09503476172590347
xgboost_market,market,xgboost_03,190,0.08441209477266758,0.09503167894964609
xgboost_market,market,xgboost_03,191,0.08439847118905479,0.0950382894260072
xgboost_market,market,xgboost_03,192,0.08439594040104867,0.095040165966404
xgboost_market,market,xgboost_03,193,0.08438863279921258,0.09502927286041178
xgboost_market,market,xgboost_03,194,0.08438512793065553,0.09502858774271927
xgboost_market,market,xgboost_03,195,0.08437625627773551,0.09502214126575721
xgboost_market,market,xgboost_03,196,0.08437565728899726,0.09504044470176058
xgboost_market,market,xgboost_03,197,0.08436903546889493,0.09498434350233506
xgboost_market,market,xgboost_03,198,0.08436342960594471,0.09499149178683172
xgboost_market,market,xgboost_03,199,0.0843614086047961,0.09499351067779675
xgboost_market,market,xgboost_03,200,0.08435641845672862,0.09498636339720791
xgboost_market,market,xgboost_03,201,0.08434724696390722,0.09496498552673413
xgboost_market,market,xgboost_03,202,0.08434835747131714,0.09496766905055735
xgboost_market,market,xgboost_03,203,0.08433258515873153,0.09497834899838724
xgboost_market,market,xgboost_03,204,0.0843220490471835,0.09497553646087602
xgboost_market,market,xgboost_03,205,0.08432428897349938,0.09497335852624121
xgboost_market,market,xgboost_03,206,0.08432005730718792,0.09495159365444361
xgboost_market,market,xgboost_03,207,0.08431471849682369,0.0949507730659852
xgboost_market,market,xgboost_03,208,0.084309376163487,0.0949716419400265
xgboost_market,market,xgboost_03,209,0.08430277525729457,0.09495838198834385
xgboost_market,market,xgboost_03,210,0.0842982952677981,0.09494419774119058
xgboost_market,market,xgboost_03,211,0.08429310487428013,0.09493955761369235
xgboost_market,market,xgboost_03,212,0.08429094509664115,0.0949387088080028
xgboost_market,market,xgboost_03,213,0.08428369741744662,0.09493464450588203
xgboost_market,market,xgboost_03,214,0.08427778285040774,0.09493664514172112
xgboost_market,market,xgboost_03,215,0.08427798063439984,0.09493032930967188
xgboost_market,market,xgboost_03,216,0.08426976393482712,0.09491158428560927
xgboost_market,market,xgboost_03,217,0.0842630456035218,0.09491955340490285
xgboost_market,market,xgboost_03,218,0.08426114530787576,0.09491578762620478
xgboost_market,market,xgboost_03,219,0.08425556758549119,0.09491856748205361
xgboost_market,market,xgboost_03,220,0.08425212069629535,0.09491517257270313
xgboost_market,market,xgboost_03,221,0.08424822581433106,0.09489824588733116
xgboost_market,market,xgboost_03,222,0.08424432572247946,0.09489162327644741
xgboost_market,market,xgboost_03,223,0.0842364489056087,0.09488440966297547
xgboost_market,market,xgboost_03,224,0.08423293692613511,0.09488289462993425
xgboost_market,market,xgboost_03,225,0.08422875941591049,0.09487945326389703
xgboost_market,market,xgboost_03,226,0.08422058633853591,0.09487323183654087
xgboost_market,market,xgboost_03,227,0.08420989168275438,0.09486568472271055
xgboost_market,market,xgboost_03,228,0.08421248265936743,0.09487411415505026
xgboost_market,market,xgboost_03,229,0.0841990870143423,0.094864688201789
xgboost_market,market,xgboost_03,230,0.08419923570130679,0.0948647755599468
xgboost_market,market,xgboost_03,231,0.08418287316137121,0.09485642320899823
xgboost_market,market,xgboost_03,232,0.08418409032052218,0.0948599527004155
xgboost_market,market,xgboost_03,233,0.08417914695174993,0.09484243100346827
xgboost_market,market,xgboost_03,234,0.08417956802788083,0.09484067172171097
xgboost_market,market,xgboost_03,235,0.08417653762990807,0.09484162764980544
xgboost_market,market,xgboost_03,236,0.08417291084552256,0.09484081855200473
xgboost_market,market,xgboost_03,237,0.08417309765280179,0.09484405163688082
xgboost_market,market,xgboost_03,238,0.08417238558560915,0.09484963978544582
xgboost_market,market,xgboost_03,239,0.08417138030823845,0.09486139691796473
xgboost_market,market,xgboost_03,240,0.08416992095144121,0.09486060203972596
xgboost_market,market,xgboost_03,241,0.08416651493303537,0.09486843749110058
xgboost_market,market,xgboost_03,242,0.08416722181507748,0.09487053956826433
xgboost_market,market,xgboost_03,243,0.0841624657851841,0.09485980025272596
xgboost_market,market,xgboost_03,244,0.08415391254577298,0.0948664221386348
xgboost_market,market,xgboost_03,245,0.08415147650465482,0.094864183038083
xgboost_market,market,xgboost_03,246,0.08414983247994723,0.09486445435407441
xgboost_market,market,xgboost_03,247,0.08415078851370544,0.09487452486642522
xgboost_market,market,xgboost_03,248,0.08414873888805946,0.09488236944122584
xgboost_market,market,xgboost_03,249,0.08414579967244322,0.09488174907709195
xgboost_market,market,xgboost_03,250,0.08413400229624632,0.09489233878792548
xgboost_market,market,xgboost_03,251,0.08413332918476081,0.094892063953869
xgboost_market,market,xgboost_03,252,0.08413248472442657,0.09489121577687544
xgboost_market,market,xgboost_03,253,0.08412576382152108,0.09489942658221233
xgboost_market,market,xgboost_03,254,0.08412457130072772,0.09490334681039812
xgboost_market,market,xgboost_03,255,0.08411634106572191,0.0948947857662199
xgboost_market,market,xgboost_03,256,0.08411620884609877,0.09491031420131177
xgboost_market,market,xgboost_03,257,0.08411286552157421,0.09490680891788793
xgboost_market,market,xgboost_03,258,0.08411150892180196,0.09490829469080223
xgboost_market,market,xgboost_03,259,0.08411116493270705,0.09492523276340731
xgboost_market,market,xgboost_03,260,0.08410308103440244,0.09491919210753048
xgboost_market,market,xgboost_03,261,0.08409388800025412,0.09490744388644853
xgboost_market,market,xgboost_03,262,0.08409100028742102,0.0949089921610238
xgboost_market,market,xgboost_03,263,0.0840927870467418,0.09490612780341576
xgboost_market,market,xgboost_03,264,0.08408779372463465,0.09491033374955823
xgboost_market,market,xgboost_04,1,0.11141303104765672,0.13194437358372424
xgboost_market,market,xgboost_04,2,0.10968432378761843,0.12969103896796608
xgboost_market,market,xgboost_04,3,0.10816838518820887,0.12735777573432105
xgboost_market,market,xgboost_04,4,0.1066148152678102,0.12518669095159635
xgboost_market,market,xgboost_04,5,0.10532048947828017,0.12323733780777282
xgboost_market,market,xgboost_04,6,0.10402218530687944,0.12136617537097961
xgboost_market,market,xgboost_04,7,0.10289729146260349,0.119904869461831
xgboost_market,market,xgboost_04,8,0.10187321237365025,0.1183851446915277
xgboost_market,market,xgboost_04,9,0.1008226152023232,0.11682640793255039
xgboost_market,market,xgboost_04,10,0.09982684763706012,0.11538175629221956
xgboost_market,market,xgboost_04,11,0.09902214391524757,0.11408295469008299
xgboost_market,market,xgboost_04,12,0.09816117906728654,0.11290142363417974
xgboost_market,market,xgboost_04,13,0.097389893186698,0.1119256983055455
xgboost_market,market,xgboost_04,14,0.09666177849383974,0.1108848833040091
xgboost_market,market,xgboost_04,15,0.09598479051296678,0.11001667503991122
xgboost_market,market,xgboost_04,16,0.09537571108484655,0.1091042207580309
xgboost_market,market,xgboost_04,17,0.09482689870609164,0.1084864329256349
xgboost_market,market,xgboost_04,18,0.09432879227101637,0.10781172533724033
xgboost_market,market,xgboost_04,19,0.09382668730769227,0.10708064967504395
xgboost_market,market,xgboost_04,20,0.09337440019371883,0.10643987177996155
xgboost_market,market,xgboost_04,21,0.0929409708960476,0.10591986754111597
xgboost_market,market,xgboost_04,22,0.0925483279596876,0.10535222258825476
xgboost_market,market,xgboost_04,23,0.09230131647216429,0.10493480084572518
xgboost_market,market,xgboost_04,24,0.09196019559175865,0.10447888973479051
xgboost_market,market,xgboost_04,25,0.09163213479833643,0.10406799975099153
xgboost_market,market,xgboost_04,26,0.09134783294710058,0.10356680558249004
xgboost_market,market,xgboost_04,27,0.09104384911207093,0.10320848379866329
xgboost_market,market,xgboost_04,28,0.09075432546805912,0.10288040367677068
xgboost_market,market,xgboost_04,29,0.09049632986776306,0.10253497036839618
xgboost_market,market,xgboost_04,30,0.09025559569863645,0.10216662190279885
xgboost_market,market,xgboost_04,31,0.09002121713061298,0.10189825184402572
xgboost_market,market,xgboost_04,32,0.08980486471513775,0.10162735332682607
xgboost_market,market,xgboost_04,33,0.08961127101663623,0.10135892990448543
xgboost_market,market,xgboost_04,34,0.08941221544767111,0.10116087618188777
xgboost_market,market,xgboost_04,35,0.08923981815563072,0.1009319894174248
xgboost_market,market,xgboost_04,36,0.08907797642542635,0.10067548139076211
xgboost_market,market,xgboost_04,37,0.08893140842715512,0.10042001790210238
xgboost_market,market,xgboost_04,38,0.08877468803698237,0.1002389271477199
xgboost_market,market,xgboost_04,39,0.08864276425132368,0.10005754477817448
xgboost_market,market,xgboost_04,40,0.08850854860716348,0.09985735453013368
xgboost_market,market,xgboost_04,41,0.08838635959948933,0.09965021756794447
xgboost_market,market,xgboost_04,42,0.08825900867139476,0.09951610116094756
xgboost_market,market,xgboost_04,43,0.0881624680777649,0.09931334988464174
xgboost_market,market,xgboost_04,44,0.08806124648195722,0.09919102710411845
xgboost_market,market,xgboost_04,45,0.08796161196905568,0.09902031177376305
xgboost_market,market,xgboost_04,46,0.08787211813989296,0.09887592416073135
xgboost_market,market,xgboost_04,47,0.0877787000498274,0.09880328367766746
xgboost_market,market,xgboost_04,48,0.08769624450607967,0.09868607253048342
xgboost_market,market,xgboost_04,49,0.08761257705745601,0.09855819308558907
xgboost_market,market,xgboost_04,50,0.08752883964252332,0.09847114846746687
xgboost_market,market,xgboost_04,51,0.08745258991742473,0.09835150325714716
xgboost_market,market,xgboost_04,52,0.08737754516642451,0.09824939856591797
xgboost_market,market,xgboost_04,53,0.08731203337184736,0.09817794342055819
xgboost_market,market,xgboost_04,54,0.08725497605012957,0.09812352605172074
xgboost_market,market,xgboost_04,55,0.08720145442141305,0.09803615956442993
xgboost_market,market,xgboost_04,56,0.08712978711502867,0.0979612295469827
xgboost_market,market,xgboost_04,57,0.08706039209127808,0.09789125659705003
xgboost_market,market,xgboost_04,58,0.08699532891207146,0.09783522446480249
xgboost_market,market,xgboost_04,59,0.0869471414369483,0.09776734622481943
xgboost_market,market,xgboost_04,60,0.08689496017096737,0.09771876115899
xgboost_market,market,xgboost_04,61,0.08684851167577629,0.09765711798988155
xgboost_market,market,xgboost_04,62,0.0867874634240585,0.09761194847619442
xgboost_market,market,xgboost_04,63,0.08672815815622785,0.09754576093456693
xgboost_market,market,xgboost_04,64,0.08668300589224366,0.09752511326612237
xgboost_market,market,xgboost_04,65,0.08663871663153605,0.09751163582661151
xgboost_market,market,xgboost_04,66,0.08657765828917505,0.09744752304514913
xgboost_market,market,xgboost_04,67,0.08653931268955078,0.097385246823906
xgboost_market,market,xgboost_04,68,0.08650386809154732,0.09736420857339098
xgboost_market,market,xgboost_04,69,0.08646555734716564,0.09730052109506858
xgboost_market,market,xgboost_04,70,0.08642834146762193,0.09725816355062167
xgboost_market,market,xgboost_04,71,0.08639373148824196,0.09723673926420416
xgboost_market,market,xgboost_04,72,0.08635716620789377,0.0972273328479067
xgboost_market,market,xgboost_04,73,0.08631479081642368,0.09717405957005229
xgboost_market,market,xgboost_04,74,0.0862817041430076,0.0971429677970225
xgboost_market,market,xgboost_04,75,0.0862481789369497,0.0971026374567448
xgboost_market,market,xgboost_04,76,0.08620618590656019,0.09705932293892576
xgboost_market,market,xgboost_04,77,0.08617956190609198,0.09703343862203585
xgboost_market,market,xgboost_04,78,0.08614519412348558,0.09701410911000462
xgboost_market,market,xgboost_04,79,0.08611153419815762,0.09700363183521694
xgboost_market,market,xgboost_04,80,0.0860829379941392,0.09694372842882894
xgboost_market,market,xgboost_04,81,0.08605531426672433,0.09691860765754788
xgboost_market,market,xgboost_04,82,0.08601410203669985,0.09687971963130589
xgboost_market,market,xgboost_04,83,0.08598375368261989,0.09682629265539024
xgboost_market,market,xgboost_04,84,0.08596086602105608,0.09680903100704846
xgboost_market,market,xgboost_04,85,0.08593264516301906,0.0967897190855933
xgboost_market,market,xgboost_04,86,0.08590724072008445,0.09674767104148872
xgboost_market,market,xgboost_04,87,0.08588159711827345,0.09672531205045053
xgboost_market,market,xgboost_04,88,0.08584133112101279,0.0966828898809422
xgboost_market,market,xgboost_04,89,0.08582154265998948,0.0966462999032448
xgboost_market,market,xgboost_04,90,0.0857967759673979,0.0966296063349712
xgboost_market,market,xgboost_04,91,0.08577492226370596,0.09661449197750463
xgboost_market,market,xgboost_04,92,0.08575406185991631,0.09658075285994489
xgboost_market,market,xgboost_04,93,0.08572334597143581,0.09657475259267861
xgboost_market,market,xgboost_04,94,0.08570401875378016,0.09655982723026096
xgboost_market,market,xgboost_04,95,0.08567233162472174,0.09652465541990841
xgboost_market,market,xgboost_04,96,0.08564630639114333,0.09648016953710725
xgboost_market,market,xgboost_04,97,0.08561660317548303,0.09645205958378934
xgboost_market,market,xgboost_04,98,0.08559890558646116,0.09642453293914925
xgboost_market,market,xgboost_04,99,0.0855738291715411,0.09634399841901736
xgboost_market,market,xgboost_04,100,0.08555466751369967,0.09634234478815273
xgboost_market,market,xgboost_04,101,0.08553889707289256,0.09631420162677272
xgboost_market,market,xgboost_04,102,0.08552253223427372,0.09629236837227972
xgboost_market,market,xgboost_04,103,0.08550642131392253,0.09629268911643976
xgboost_market,market,xgboost_04,104,0.08548217877808102,0.09625923789314036
xgboost_market,market,xgboost_04,105,0.0854616590077932,0.09617472964611372
xgboost_market,market,xgboost_04,106,0.0854444195778077,0.09613617196308542
xgboost_market,market,xgboost_04,107,0.08542510562333026,0.09605831647752364
xgboost_market,market,xgboost_04,108,0.08541131977079554,0.0960359996188969
xgboost_market,market,xgboost_04,109,0.08538740064384456,0.09604789257156872
xgboost_market,market,xgboost_04,110,0.08537300984826422,0.09603535225781638
xgboost_market,market,xgboost_04,111,0.08535721410370464,0.0960350599725876
xgboost_market,market,xgboost_04,112,0.08532183983343176,0.09602840955202818
xgboost_market,market,xgboost_04,113,0.08530508957537164,0.09601978424721912
xgboost_market,market,xgboost_04,114,0.08529105548827692,0.0960051535815151
xgboost_market,market,xgboost_04,115,0.08527712855274429,0.09597952784297203
xgboost_market,market,xgboost_04,116,0.08525582900051183,0.09595288121116295
xgboost_market,market,xgboost_04,117,0.08524358979698902,0.095935492081948
xgboost_market,market,xgboost_04,118,0.08522473899214475,0.09588971952116072
xgboost_market,market,xgboost_04,119,0.08521332195363948,0.09588581541993665
xgboost_market,market,xgboost_04,120,0.08519715394445056,0.09586974848796428
xgboost_market,market,xgboost_04,121,0.08518113117379496,0.09581774893921455
xgboost_market,market,xgboost_04,122,0.08516979923778926,0.09580045803513357
xgboost_market,market,xgboost_04,123,0.08515765241656666,0.09580779205473672
xgboost_market,market,xgboost_04,124,0.08514567109569375,0.09579581938165485
xgboost_market,market,xgboost_04,125,0.08512800980925583,0.09576429045215192
xgboost_market,market,xgboost_04,126,0.08511854571269828,0.09574642620626213
xgboost_market,market,xgboost_04,127,0.08509764804493128,0.09571764110700991
xgboost_market,market,xgboost_04,128,0.08508805535461235,0.09570170325479187
xgboost_market,market,xgboost_04,129,0.08507619172490795,0.09569582197366881
xgboost_market,market,xgboost_04,130,0.08506520281028415,0.09568663549454408
xgboost_market,market,xgboost_04,131,0.08505017421455623,0.09565106870977366
xgboost_market,market,xgboost_04,132,0.08503040315172287,0.09563937898036276
xgboost_market,market,xgboost_04,133,0.08502086423076069,0.09562103816646937
xgboost_market,market,xgboost_04,134,0.08501125411134589,0.09561292136403678
xgboost_market,market,xgboost_04,135,0.08499026339937467,0.09560302470650622
xgboost_market,market,xgboost_04,136,0.08498038564046258,0.09560518973350408
xgboost_market,market,xgboost_04,137,0.08496800745337682,0.09555121433596092
xgboost_market,market,xgboost_04,138,0.08494990308559154,0.09552895127327907
xgboost_market,market,xgboost_04,139,0.08494231188305747,0.0955213490206142
xgboost_market,market,xgboost_04,140,0.08493497985071878,0.09550666518390043
xgboost_market,market,xgboost_04,141,0.0849231919236343,0.09548608880795449
xgboost_market,market,xgboost_04,142,0.08491095604979415,0.09548032902349636
xgboost_market,market,xgboost_04,143,0.08489635258889207,0.09545295878463542
xgboost_market,market,xgboost_04,144,0.08488815364203947,0.0954492368884179
xgboost_market,market,xgboost_04,145,0.08487840428098084,0.09546167556490302
xgboost_market,market,xgboost_04,146,0.08486637969466687,0.09545309492697152
xgboost_market,market,xgboost_04,147,0.0848583883840197,0.09545564548089762
xgboost_market,market,xgboost_04,148,0.08485098031084154,0.09543921060831073
xgboost_market,market,xgboost_04,149,0.08483542005827932,0.09540963277452899
xgboost_market,market,xgboost_04,150,0.08482406189242732,0.09538685050045201
xgboost_market,market,xgboost_04,151,0.08481680539454672,0.09537996673463335
xgboost_market,market,xgboost_04,152,0.0848082296737515,0.09539278641720209
xgboost_market,market,xgboost_04,153,0.08479983135611267,0.0953853537492391
xgboost_market,market,xgboost_04,154,0.08478806565765795,0.09537840229937367
xgboost_market,market,xgboost_04,155,0.08477601057419541,0.09536290339820176
xgboost_market,market,xgboost_04,156,0.08474858975152333,0.09535885404763816
xgboost_market,market,xgboost_04,157,0.08474385944765278,0.09534215348798905
xgboost_market,market,xgboost_04,158,0.08473550227579732,0.09534937297911061
xgboost_market,market,xgboost_04,159,0.08472893824197703,0.09535290722805806
xgboost_market,market,xgboost_04,160,0.08472029870887984,0.09532713024092364
xgboost_market,market,xgboost_04,161,0.08471375960481141,0.09531958469425762
xgboost_market,market,xgboost_04,162,0.0847041164665126,0.09529731353186498
xgboost_market,market,xgboost_04,163,0.08469006643154856,0.09529814332059694
xgboost_market,market,xgboost_04,164,0.08467909243560029,0.09528410140758935
xgboost_market,market,xgboost_04,165,0.08466579273346457,0.09529541043366854
xgboost_market,market,xgboost_04,166,0.08465923377053021,0.0952910995356581
xgboost_market,market,xgboost_04,167,0.08464956535366712,0.09522586290396501
xgboost_market,market,xgboost_04,168,0.08464407839386645,0.09522155624473219
xgboost_market,market,xgboost_04,169,0.08462666415089233,0.09523006373278517
xgboost_market,market,xgboost_04,170,0.08461735207236622,0.09519271859113136
xgboost_market,market,xgboost_04,171,0.08461071113781804,0.09516650372179673
xgboost_market,market,xgboost_04,172,0.0846048146916016,0.09516198212161273
xgboost_market,market,xgboost_04,173,0.08458907707325894,0.0951710734414838
xgboost_market,market,xgboost_04,174,0.08458544929515975,0.09515757203141727
xgboost_market,market,xgboost_04,175,0.08457663154557224,0.0951396976985606
xgboost_market,market,xgboost_04,176,0.08457461808555522,0.09513530924967416
xgboost_market,market,xgboost_04,177,0.08456876723307497,0.09512137670871254
xgboost_market,market,xgboost_04,178,0.08456564308114548,0.09512191554645535
xgboost_market,market,xgboost_04,179,0.08456147012311721,0.0951181691996668
xgboost_market,market,xgboost_04,180,0.08455624715961828,0.09511283592760125
xgboost_market,market,xgboost_04,181,0.08454579457310463,0.09508754490468657
xgboost_market,market,xgboost_04,182,0.08453351534212888,0.09507439168653244
xgboost_market,market,xgboost_04,183,0.08452670013585173,0.0950531595737456
xgboost_market,market,xgboost_04,184,0.08452348854870378,0.09505607574794034
xgboost_market,market,xgboost_04,185,0.08451929532891936,0.09504892028289522
xgboost_market,market,xgboost_04,186,0.08451224564692858,0.09504751151239331
xgboost_market,market,xgboost_04,187,0.08450792843989767,0.0950432311965892
xgboost_market,market,xgboost_04,188,0.0844997168029352,0.09502904423106216
xgboost_market,market,xgboost_04,189,0.08448882021939266,0.09500702010370618
xgboost_market,market,xgboost_04,190,0.08448294203658109,0.09500635787481104
xgboost_market,market,xgboost_04,191,0.08447799896666625,0.09502032372287163
xgboost_market,market,xgboost_04,192,0.08447409075149642,0.09502683412812692
xgboost_market,market,xgboost_04,193,0.08446912849551348,0.09502157025231754
xgboost_market,market,xgboost_04,194,0.08446032092865495,0.0950190856198328
xgboost_market,market,xgboost_04,195,0.08445669278477065,0.09501595664099972
xgboost_market,market,xgboost_04,196,0.08445298078524605,0.09500877187533541
xgboost_market,market,xgboost_04,197,0.08444777853273733,0.09499849428919563
xgboost_market,market,xgboost_04,198,0.0844432809234131,0.09501184513753533
xgboost_market,market,xgboost_04,199,0.08444062283683482,0.09502799660524035
xgboost_market,market,xgboost_04,200,0.08442730998861424,0.09503439861477757
xgboost_market,market,xgboost_04,201,0.08441525790991607,0.09504085247901185
xgboost_market,market,xgboost_04,202,0.08440928776981318,0.09503413668873413
xgboost_market,market,xgboost_04,203,0.08440460809445273,0.09503528687324204
xgboost_market,market,xgboost_04,204,0.08439870781539222,0.09504595215973037
xgboost_market,market,xgboost_04,205,0.08439428593571177,0.09504677357871939
xgboost_market,market,xgboost_04,206,0.08438248992731943,0.09502729199634159
xgboost_market,market,xgboost_04,207,0.08437799241260882,0.09500442943421038
xgboost_market,market,xgboost_04,208,0.08436655026496503,0.09501453483373686
xgboost_market,market,xgboost_04,209,0.08436206885831084,0.09502418227378429
xgboost_market,market,xgboost_04,210,0.08435749642530421,0.09502000168997878
xgboost_market,market,xgboost_04,211,0.0843561703336646,0.09501683184452558
xgboost_market,market,xgboost_04,212,0.08435176211355246,0.09501111497875639
xgboost_market,market,xgboost_04,213,0.08434123486595098,0.0949988687050657
xgboost_market,market,xgboost_04,214,0.08433180385701072,0.09500563319302119
xgboost_market,market,xgboost_04,215,0.08432564714559085,0.09499730627925139
xgboost_market,market,xgboost_04,216,0.08432580940831355,0.09500201805001422
xgboost_market,market,xgboost_04,217,0.08432615768189404,0.0950038943168687
xgboost_market,market,xgboost_04,218,0.08432314570537662,0.09500378099789043
xgboost_market,market,xgboost_04,219,0.08431233834342597,0.09498947002542747
xgboost_market,market,xgboost_04,220,0.08430832334022216,0.094999300482333
xgboost_market,market,xgboost_04,221,0.08430389157299875,0.09499862927681209
xgboost_market,market,xgboost_04,222,0.08430008626941354,0.09500600376751472
xgboost_market,market,xgboost_04,223,0.08429610457802275,0.09500080195747879
xgboost_market,market,xgboost_04,224,0.08428707975624004,0.09499551942049234
xgboost_market,market,xgboost_04,225,0.08428760731206812,0.09499950786714784
xgboost_market,market,xgboost_04,226,0.08428375262942009,0.09497306996755636
xgboost_market,market,xgboost_04,227,0.08428069136899514,0.09496903040296281
xgboost_market,market,xgboost_04,228,0.08427704685412851,0.09497643462465623
xgboost_market,market,xgboost_04,229,0.08427037369233295,0.0949657427704646
xgboost_market,market,xgboost_04,230,0.08427067429046727,0.09496725886432848
xgboost_market,market,xgboost_04,231,0.08426428094232775,0.09498640648714285
xgboost_market,market,xgboost_04,232,0.08425471380478403,0.09498140950300986
xgboost_market,market,xgboost_04,233,0.08424628039109537,0.09499138109634186
xgboost_market,market,xgboost_04,234,0.08424201398738702,0.09498907522200487
xgboost_market,market,xgboost_04,235,0.08423380254082541,0.09499660514428988
xgboost_market,market,xgboost_04,236,0.08422774990834267,0.09498729996347086
xgboost_market,market,xgboost_04,237,0.08422452111286395,0.09497264368169492
xgboost_market,market,xgboost_04,238,0.08422510661958489,0.09497451055860143
xgboost_market,market,xgboost_04,239,0.08422491599911258,0.09497146028624154
xgboost_market,market,xgboost_04,240,0.0842240516318533,0.0949746981480791
xgboost_market,market,xgboost_04,241,0.08422078897084327,0.09497596756970719
xgboost_market,market,xgboost_04,242,0.08421703296759657,0.09497200959443701
xgboost_market,market,xgboost_04,243,0.08421623663847282,0.09497013628439693
xgboost_market,market,xgboost_04,244,0.08421312609663809,0.09497235911569989
xgboost_market,market,xgboost_04,245,0.08420413754499867,0.09496777859422545
xgboost_market,market,xgboost_04,246,0.08419881026789439,0.0949645552867947
xgboost_market,market,xgboost_04,247,0.08418896765209821,0.0949504129868916
xgboost_market,market,xgboost_04,248,0.08418538186251753,0.09493588717439475
xgboost_market,market,xgboost_04,249,0.08418371306731229,0.09493471527122876
xgboost_market,market,xgboost_04,250,0.0841842995140904,0.0949345079221424
xgboost_market,market,xgboost_04,251,0.08418425623170676,0.09494153449673148
xgboost_market,market,xgboost_04,252,0.08418177316151829,0.09493909608437329
xgboost_market,market,xgboost_04,253,0.08417479160670938,0.09493677279208523
xgboost_market,market,xgboost_04,254,0.08417211370794,0.09493830869770885
xgboost_market,market,xgboost_04,255,0.08416883955528918,0.09493918828330238
xgboost_market,market,xgboost_04,256,0.08416528106025879,0.09494001646011542
xgboost_market,market,xgboost_04,257,0.08416115116544402,0.094942153427965
xgboost_market,market,xgboost_04,258,0.08416050994861381,0.09493480875889065
xgboost_market,market,xgboost_04,259,0.08415759661707088,0.09493264416765498
xgboost_market,market,xgboost_04,260,0.08415511784882215,0.0949200296746676
xgboost_market,market,xgboost_04,261,0.0841513239250808,0.09492876748497368
xgboost_market,market,xgboost_04,262,0.08415156622997991,0.09492902738326875
xgboost_market,market,xgboost_04,263,0.0841459135016072,0.09492279932771401
xgboost_market,market,xgboost_04,264,0.08414571446696409,0.09492017735191455
xgboost_market,market,xgboost_04,265,0.08414002873195539,0.09493691250012438
xgboost_market,market,xgboost_04,266,0.08413199867348621,0.09493158610033939
xgboost_market,market,xgboost_04,267,0.08412726800277731,0.09492152881517611
xgboost_market,market,xgboost_04,268,0.08412797877703772,0.09492229081555922
xgboost_market,market,xgboost_04,269,0.08412421165130579,0.09492378903264304
xgboost_market,market,xgboost_04,270,0.08412046758574404,0.09492071516882553
xgboost_market,market,xgboost_04,271,0.08411834053312715,0.09492129107268028
xgboost_market,market,xgboost_04,272,0.08411452374599626,0.09492078966685898
xgboost_market,market,xgboost_04,273,0.08410866311012627,0.09491932031550973
xgboost_market,market,xgboost_04,274,0.08410607341007463,0.09492779929059995
xgboost_market,market,xgboost_04,275,0.08410120386543296,0.09492100738297342
xgboost_market,market,xgboost_04,276,0.0840950768238644,0.09492782027538234
xgboost_market,market,xgboost_04,277,0.0840916303103243,0.09493661080438807
xgboost_market,market,xgboost_04,278,0.08409126231227497,0.09493590482614803
xgboost_market,market,xgboost_04,279,0.0840890534607201,0.09493676154638708
xgboost_market,market,xgboost_04,280,0.08408290879950435,0.09493420646070977
xgboost_market,market,xgboost_04,281,0.08408106540768193,0.09493563055835673
xgboost_market,market,xgboost_04,282,0.08408081775097512,0.09493657917176422
xgboost_market,market,xgboost_04,283,0.08407471274667247,0.0949364880354129
xgboost_market,market,xgboost_04,284,0.08406539083976698,0.09492388854237284
xgboost_market,market,xgboost_04,285,0.08405967728781692,0.0949226127956742
xgboost_market,market,xgboost_04,286,0.08405639294103172,0.09492382918381585
xgboost_market,market,xgboost_04,287,0.08405233779996232,0.09491636097628756
xgboost_market,market,xgboost_04,288,0.08404701390565551,0.09492313292999258
xgboost_market,market,xgboost_04,289,0.08404733800880045,0.09492351076112997
xgboost_market,market,xgboost_04,290,0.08404425691334355,0.09493117601778582
xgboost_market,market,xgboost_04,291,0.0840356031632583,0.09491935252643363
xgboost_market,market,xgboost_04,292,0.08403357390225775,0.0949172446106082
xgboost_market,market,xgboost_04,293,0.08403058717363947,0.09492382598266874
xgboost_market,market,xgboost_04,294,0.08402768199833692,0.0949195262795844
xgboost_market,market,xgboost_04,295,0.08402585844341225,0.09491883384118749
xgboost_market,market,xgboost_04,296,0.0840192127452316,0.09491122421265843
xgboost_market,market,xgboost_04,297,0.08401744394455998,0.0949113859413554
xgboost_market,market,xgboost_04,298,0.08401127736615094,0.09492133817247979
xgboost_market,market,xgboost_04,299,0.08400994717287315,0.09492332509033476
xgboost_market,market,xgboost_04,300,0.08400938813740766,0.09492223228038717
xgboost_market,market,xgboost_04,301,0.08400995082506661,0.09492279718789101
xgboost_market,market,xgboost_04,302,0.08400213366303638,0.09491282311888824
xgboost_market,market,xgboost_04,303,0.08399736775802862,0.09492825855673871
xgboost_market,market,xgboost_04,304,0.08399543100984329,0.09492178380813789
xgboost_market,market,xgboost_04,305,0.08399296382360578,0.0949200733761238
xgboost_market,market,xgboost_04,306,0.08399014922205116,0.09492064726677232
xgboost_market,market,xgboost_04,307,0.08398692315176925,0.09491686613949211
xgboost_market,market,xgboost_04,308,0.08397984339848141,0.0949075273555918
xgboost_market,market,xgboost_04,309,0.08397766590721359,0.09490980553270381
xgboost_market,market,xgboost_04,310,0.08397534464151583,0.09491093343692691
xgboost_market,market,xgboost_04,311,0.08397325935442547,0.09491313104930829
xgboost_market,market,xgboost_04,312,0.08397397908387558,0.09491488093861036
xgboost_market,market,xgboost_04,313,0.08397387255903833,0.09491274098523822
xgboost_market,market,xgboost_04,314,0.08396888984855111,0.09491045610596341
xgboost_market,market,xgboost_04,315,0.08396544933966461,0.09490680054463481
xgboost_market,market,xgboost_04,316,0.08396333647421324,0.09491419013770645
xgboost_market,market,xgboost_04,317,0.08396286048911916,0.09491493770428205
xgboost_market,market,xgboost_04,318,0.08395993725513703,0.09490948633051008
xgboost_market,market,xgboost_04,319,0.08395339823867044,0.09490037384696344
xgboost_market,market,xgboost_04,320,0.0839503576647397,0.09489732734778256
xgboost_market,market,xgboost_04,321,0.08394826420040374,0.0949002856498757
xgboost_market,market,xgboost_04,322,0.08394565292589239,0.09490476270954816
xgboost_market,market,xgboost_04,323,0.08394454002711157,0.0949064826909721
xgboost_market,market,xgboost_04,324,0.08394212038490241,0.09490847938689922
xgboost_market,market,xgboost_04,325,0.08393950583809648,0.09489762607492032
xgboost_market,market,xgboost_04,326,0.08393930366868559,0.09489908467801227
xgboost_market,market,xgboost_04,327,0.08393747780568851,0.09490125918145864
xgboost_market,market,xgboost_04,328,0.08393132639834822,0.09488982636256371
xgboost_market,market,xgboost_04,329,0.08393065028676282,0.09488956296212468
xgboost_market,market,xgboost_04,330,0.0839264164954972,0.09488761058118085
xgboost_market,market,xgboost_04,331,0.08392442800525625,0.09487492895486686
xgboost_market,market,xgboost_04,332,0.08392428917210003,0.09487569295704817
xgboost_market,market,xgboost_04,333,0.08392181982600005,0.09487728049347034
xgboost_market,market,xgboost_04,334,0.08391567386917377,0.09486838957944956
xgboost_market,market,xgboost_04,335,0.08391287072107144,0.09487030613575237
xgboost_market,market,xgboost_04,336,0.08391173843071481,0.09487126491924248
xgboost_market,market,xgboost_04,337,0.08390657781890526,0.09486271522744642
xgboost_market,market,xgboost_04,338,0.08390137618135488,0.09487138142758375
xgboost_market,market,xgboost_04,339,0.08389997278019884,0.09486653403775046
xgboost_market,market,xgboost_04,340,0.08389722738301882,0.09487145499868234
xgboost_market,market,xgboost_04,341,0.08389533138558096,0.09487328619649439
xgboost_market,market,xgboost_04,342,0.08389298864731967,0.094881529188184
xgboost_market,market,xgboost_04,343,0.08389102328513957,0.09488318672160238
xgboost_market,market,xgboost_04,344,0.08389014854613475,0.0948842587397014
xgboost_market,market,xgboost_04,345,0.08388996646408883,0.09488504812766259
xgboost_market,market,xgboost_04,346,0.08388936820761293,0.0948860233288315
xgboost_market,market,xgboost_04,347,0.08388483504503005,0.09487997638787495
xgboost_market,market,xgboost_04,348,0.08388358757867997,0.09488126895780205
xgboost_market,market,xgboost_04,349,0.08387959523922618,0.09487954484954976
xgboost_market,market,xgboost_04,350,0.08387817668617087,0.09488065035990906
xgboost_market,market,xgboost_04,351,0.08387704245515198,0.0948816067245179
xgboost_market,market,xgboost_04,352,0.0838762947554949,0.09488276982819617
xgboost_market,market,xgboost_04,353,0.08387435675506362,0.09488090913495063
xgboost_market,market,xgboost_04,354,0.08387427070399045,0.09487865094485598
xgboost_market,market,xgboost_04,355,0.08386910256379386,0.09487089265711071
xgboost_market,market,xgboost_04,356,0.08386843161138838,0.09487058322922826
xgboost_market,market,xgboost_04,357,0.0838658947834893,0.09487358901397984
xgboost_market,market,xgboost_04,358,0.08386524060754444,0.09488044418346928
xgboost_market,market,xgboost_04,359,0.08386034958732991,0.09487106514948465
xgboost_market,market,xgboost_04,360,0.08385631500377447,0.0948679851606761
xgboost_market,market,xgboost_04,361,0.08385487528194835,0.09487638220708501
xgboost_market,market,xgboost_04,362,0.08385534086815266,0.09487821942771715
xgboost_market,market,xgboost_04,363,0.08385380996652794,0.09487964969022063
xgboost_market,market,xgboost_04,364,0.08385198401346136,0.09487998883743509
xgboost_market,market,xgboost_04,365,0.08384722632027647,0.09487237992523087
xgboost_market,market,xgboost_04,366,0.08384580878491926,0.0948751674980569
xgboost_market,market,xgboost_04,367,0.08384562335335917,0.09487651601603746
xgboost_market,market,xgboost_05,1,0.11135517708504772,0.13218766460785644
xgboost_market,market,xgboost_05,2,0.10941731860702696,0.129370877347001
xgboost_market,market,xgboost_05,3,0.10769344503692621,0.12689070367922628
xgboost_market,market,xgboost_05,4,0.1061311744737853,0.12464666402180273
xgboost_market,market,xgboost_05,5,0.10460648704694704,0.12241321939662618
xgboost_market,market,xgboost_05,6,0.10320683594108848,0.12035124185563402
xgboost_market,market,xgboost_05,7,0.10190177673546615,0.1185210999347112
xgboost_market,market,xgboost_05,8,0.1007197591795516,0.11678896042338924
xgboost_market,market,xgboost_05,9,0.09969975215233588,0.11535202704223597
xgboost_market,market,xgboost_05,10,0.0987143762930122,0.11396779865227055
xgboost_market,market,xgboost_05,11,0.09776775361207876,0.11264668498877754
xgboost_market,market,xgboost_05,12,0.09693076982789069,0.11142090258415077
xgboost_market,market,xgboost_05,13,0.09616368515173448,0.11028658786555658
xgboost_market,market,xgboost_05,14,0.09540821350526221,0.10933203698894485
xgboost_market,market,xgboost_05,15,0.09472169725142988,0.10832800385930212
xgboost_market,market,xgboost_05,16,0.09407936061257319,0.10740698499186097
xgboost_market,market,xgboost_05,17,0.09350751396874536,0.10663494873310038
xgboost_market,market,xgboost_05,18,0.09299059431137174,0.1059330713271148
xgboost_market,market,xgboost_05,19,0.09248278843522927,0.10531230109720832
xgboost_market,market,xgboost_05,20,0.0919903342176012,0.10468549216169899
xgboost_market,market,xgboost_05,21,0.09156001025175702,0.10413753488316063
xgboost_market,market,xgboost_05,22,0.09116786742142305,0.10352464621142707
xgboost_market,market,xgboost_05,23,0.09079674146017089,0.10299041047055454
xgboost_market,market,xgboost_05,24,0.09044988783747383,0.10254017707862553
xgboost_market,market,xgboost_05,25,0.0901245088995896,0.1021137767320812
xgboost_market,market,xgboost_05,26,0.08981746438577995,0.10169510255261968
xgboost_market,market,xgboost_05,27,0.08953008120056702,0.10132813542255893
xgboost_market,market,xgboost_05,28,0.08925023022823182,0.1009854749233726
xgboost_market,market,xgboost_05,29,0.08900357926578775,0.10061314072335074
xgboost_market,market,xgboost_05,30,0.08876613379807963,0.10034479332621701
xgboost_market,market,xgboost_05,31,0.08854849605173336,0.10007690941557129
xgboost_market,market,xgboost_05,32,0.0883421285744182,0.0997637093087478
xgboost_market,market,xgboost_05,33,0.08813670983607412,0.09956400598733935
xgboost_market,market,xgboost_05,34,0.0879499048740388,0.09935637639725409
xgboost_market,market,xgboost_05,35,0.08777666762146792,0.09912060612020594
xgboost_market,market,xgboost_05,36,0.08761663348573988,0.09892319987778377
xgboost_market,market,xgboost_05,37,0.08746242520945384,0.09870833633255692
xgboost_market,market,xgboost_05,38,0.08731123408204605,0.09852740511213935
xgboost_market,market,xgboost_05,39,0.08717667471788601,0.09836081676834511
xgboost_market,market,xgboost_05,40,0.08704041920944122,0.09821693361773816
xgboost_market,market,xgboost_05,41,0.08692676010210253,0.0980555958946098
xgboost_market,market,xgboost_05,42,0.08681392299817987,0.0979222616377347
xgboost_market,market,xgboost_05,43,0.08670682498197976,0.09778022579196878
xgboost_market,market,xgboost_05,44,0.08660827291311203,0.09767422794296321
xgboost_market,market,xgboost_05,45,0.08651588795247751,0.09757988973922986
xgboost_market,market,xgboost_05,46,0.08642198505195103,0.0974273640591727
xgboost_market,market,xgboost_05,47,0.08631651971109924,0.09734353070697804
xgboost_market,market,xgboost_05,48,0.08623475363486295,0.09723989626959113
xgboost_market,market,xgboost_05,49,0.08615768118627376,0.09715917560942988
xgboost_market,market,xgboost_05,50,0.08606931135039023,0.09706022957675103
xgboost_market,market,xgboost_05,51,0.0859942057842388,0.09698842439288016
xgboost_market,market,xgboost_05,52,0.08591299912390858,0.09691776101036041
xgboost_market,market,xgboost_05,53,0.08585039864019381,0.09685146690996058
xgboost_market,market,xgboost_05,54,0.08579269225010093,0.09678951647084495
xgboost_market,market,xgboost_05,55,0.0857364846294203,0.09671829126838949
xgboost_market,market,xgboost_05,56,0.08566446725628085,0.09667415362225537
xgboost_market,market,xgboost_05,57,0.08560361672487757,0.09664270725426675
xgboost_market,market,xgboost_05,58,0.08555517431971706,0.09659391806343953
xgboost_market,market,xgboost_05,59,0.08549825916306504,0.09654678729460443
xgboost_market,market,xgboost_05,60,0.08544259560178627,0.09649990016697578
xgboost_market,market,xgboost_05,61,0.08539471781035168,0.09645881567805753
xgboost_market,market,xgboost_05,62,0.08535235616761658,0.09643748948000284
xgboost_market,market,xgboost_05,63,0.08531023392375262,0.09640206380721308
xgboost_market,market,xgboost_05,64,0.08527306532338537,0.09635844502108128
xgboost_market,market,xgboost_05,65,0.08522426891715085,0.09633072104248866
xgboost_market,market,xgboost_05,66,0.0851762455937724,0.09630106421490146
xgboost_market,market,xgboost_05,67,0.08514505035374105,0.09625091035744414
xgboost_market,market,xgboost_05,68,0.08510064317905348,0.09619762954564266
xgboost_market,market,xgboost_05,69,0.0850631073204527,0.09616753526647755
xgboost_market,market,xgboost_05,70,0.08502743319369699,0.09615476025555016
xgboost_market,market,xgboost_05,71,0.08500236644043895,0.09612034858205804
xgboost_market,market,xgboost_05,72,0.08496456456115438,0.09609300182859751
xgboost_market,market,xgboost_05,73,0.08493712537059316,0.09606582250208894
xgboost_market,market,xgboost_05,74,0.08491186780971205,0.09603751259961858
xgboost_market,market,xgboost_05,75,0.08488820675511967,0.09602271592770278
xgboost_market,market,xgboost_05,76,0.08485705194735749,0.09600174694908373
xgboost_market,market,xgboost_05,77,0.0848303448480976,0.09598974629282361
xgboost_market,market,xgboost_05,78,0.08481131549411068,0.09597673371979792
xgboost_market,market,xgboost_05,79,0.08479059860152413,0.09597728255412082
xgboost_market,market,xgboost_05,80,0.08476765742019814,0.09596414704313047
xgboost_market,market,xgboost_05,81,0.0847445927200894,0.09596087468763206
xgboost_market,market,xgboost_05,82,0.084720274851897,0.09586703458840777
xgboost_market,market,xgboost_05,83,0.08469786567958819,0.09582422399545645
xgboost_market,market,xgboost_05,84,0.0846748940708701,0.09580311670998178
xgboost_market,market,xgboost_05,85,0.08465085583333587,0.09575327055453291
xgboost_market,market,xgboost_05,86,0.08463698000338377,0.09573314819614825
xgboost_market,market,xgboost_05,87,0.08461517449870272,0.09573728707703631
xgboost_market,market,xgboost_05,88,0.08458915641161124,0.09572541484400392
xgboost_market,market,xgboost_05,89,0.08455923404445133,0.09570065776666187
xgboost_market,market,xgboost_05,90,0.08453979300804401,0.09569869460699748
xgboost_market,market,xgboost_05,91,0.08451748304998627,0.09569770992060464
xgboost_market,market,xgboost_05,92,0.08449795252262114,0.09568011897056593
xgboost_market,market,xgboost_05,93,0.08448226654513008,0.09568263907868077
xgboost_market,market,xgboost_05,94,0.0844544552537378,0.0956763601848731
xgboost_market,market,xgboost_05,95,0.08443187373754248,0.09567795446369963
xgboost_market,market,xgboost_05,96,0.08440979980672304,0.09567447988095025
xgboost_market,market,xgboost_05,97,0.08439475056828678,0.09567096636279954
xgboost_market,market,xgboost_05,98,0.08437044424906308,0.09564357145210164
xgboost_market,market,xgboost_05,99,0.08435869515189537,0.09564769782739226
xgboost_market,market,xgboost_05,100,0.08434605487913692,0.09564411187004651
xgboost_market,market,xgboost_05,101,0.08433209192726862,0.09560814175929291
xgboost_market,market,xgboost_05,102,0.08431389632644952,0.09557078345300776
xgboost_market,market,xgboost_05,103,0.08429887982257496,0.09551479007639087
xgboost_market,market,xgboost_05,104,0.08427036856381817,0.09551249324424456
xgboost_market,market,xgboost_05,105,0.0842578934766326,0.0955141458021263
xgboost_market,market,xgboost_05,106,0.08424804925523392,0.09550549385213951
xgboost_market,market,xgboost_05,107,0.08423698542670775,0.09549923880364977
xgboost_market,market,xgboost_05,108,0.08422094068153096,0.09548442405499974
xgboost_market,market,xgboost_05,109,0.08421338631005079,0.09547186502553738
xgboost_market,market,xgboost_05,110,0.08420264342564648,0.0954249242631808
xgboost_market,market,xgboost_05,111,0.08419333288717948,0.09540922681955594
xgboost_market,market,xgboost_05,112,0.08417608863773826,0.09542194939284779
xgboost_market,market,xgboost_05,113,0.08416598333334842,0.09543087541794276
xgboost_market,market,xgboost_05,114,0.08415061250868773,0.09541790812845578
xgboost_market,market,xgboost_05,115,0.08414102062110985,0.09540907338914495
xgboost_market,market,xgboost_05,116,0.08412630475722951,0.09540276127724612
xgboost_market,market,xgboost_05,117,0.08411618509700072,0.0953730664974805
xgboost_market,market,xgboost_05,118,0.08409369226664476,0.09534785010335298
xgboost_market,market,xgboost_05,119,0.08408355251631247,0.09535373215107149
xgboost_market,market,xgboost_05,120,0.08406507741459789,0.09535506056820496
xgboost_market,market,xgboost_05,121,0.08405893659877514,0.09533907663564026
xgboost_market,market,xgboost_05,122,0.08404799919882135,0.09531315828742867
xgboost_market,market,xgboost_05,123,0.08404002840662692,0.09530742128922089
xgboost_market,market,xgboost_05,124,0.08402342687486335,0.09526176794236162
xgboost_market,market,xgboost_05,125,0.08400949450106471,0.09525744894752373
xgboost_market,market,xgboost_05,126,0.08399930654865202,0.09524900262501165
xgboost_market,market,xgboost_05,127,0.0839875732967653,0.0952601926056509
xgboost_market,market,xgboost_05,128,0.08398075822115363,0.09525489854478554
xgboost_market,market,xgboost_05,129,0.08396465504461298,0.09524240526075474
xgboost_market,market,xgboost_05,130,0.08395016972312039,0.09521604225697387
xgboost_market,market,xgboost_05,131,0.08394109930061981,0.09521280816656023
xgboost_market,market,xgboost_05,132,0.08392697332174708,0.09517015138374478
xgboost_market,market,xgboost_05,133,0.08391608878928136,0.09516614461802814
xgboost_market,market,xgboost_05,134,0.08391214198903456,0.09513566199001108
xgboost_market,market,xgboost_05,135,0.08390511608277448,0.09513725632211693
xgboost_market,market,xgboost_05,136,0.08388831071277131,0.09512618770162219
xgboost_market,market,xgboost_05,137,0.08388008009735502,0.09513221025393707
xgboost_market,market,xgboost_05,138,0.08386995492428882,0.09513101010445567
xgboost_market,market,xgboost_05,139,0.0838615003602465,0.09513473565914495
xgboost_market,market,xgboost_05,140,0.08385535529824704,0.09514108389041348
xgboost_market,market,xgboost_05,141,0.08384455550722045,0.09512731489202772
xgboost_market,market,xgboost_05,142,0.08382542782598501,0.09511788515029315
xgboost_market,market,xgboost_05,143,0.08381786913673596,0.09511454288567808
xgboost_market,market,xgboost_05,144,0.08380891026418652,0.09509828662030176
xgboost_market,market,xgboost_05,145,0.08380352176582079,0.0951042977430108
xgboost_market,market,xgboost_05,146,0.08379160610128221,0.09511005145575721
xgboost_market,market,xgboost_05,147,0.0837853376624806,0.09509793016357532
xgboost_market,market,xgboost_05,148,0.08377614013153786,0.0950964336223456
xgboost_market,market,xgboost_05,149,0.08376683776005459,0.09507437050505532
xgboost_market,market,xgboost_05,150,0.08376211460504837,0.09507008239229232
xgboost_market,market,xgboost_05,151,0.08375092292808368,0.0950550611382497
xgboost_market,market,xgboost_05,152,0.0837423107695551,0.0950361189425798
xgboost_market,market,xgboost_05,153,0.0837365168298061,0.09504836697900122
xgboost_market,market,xgboost_05,154,0.08373404175326345,0.09505030519667115
xgboost_market,market,xgboost_05,155,0.08372597333415377,0.09503144585034928
xgboost_market,market,xgboost_05,156,0.08372356218474943,0.09503234764564818
xgboost_market,market,xgboost_05,157,0.08371388696852661,0.09502389383181249
xgboost_market,market,xgboost_05,158,0.0837043274621539,0.09502314929952571
xgboost_market,market,xgboost_05,159,0.08370191274060448,0.0950192450621573
xgboost_market,market,xgboost_05,160,0.08369862953252291,0.09501666040495108
xgboost_market,market,xgboost_05,161,0.08369090825349625,0.09501201152447489
xgboost_market,market,xgboost_05,162,0.08368246843969679,0.09500041155680876
xgboost_market,market,xgboost_05,163,0.08368179735840135,0.09499855188652623
xgboost_market,market,xgboost_05,164,0.0836731655369148,0.09498736314798471
xgboost_market,market,xgboost_05,165,0.08366956734825738,0.09498689928866681
xgboost_market,market,xgboost_05,166,0.08366073510536433,0.09499283478657873
xgboost_market,market,xgboost_05,167,0.0836585893322541,0.09499044265828226
xgboost_market,market,xgboost_05,168,0.08365111259433594,0.0949878072916964
xgboost_market,market,xgboost_05,169,0.08364116351843341,0.09499086772624103
xgboost_market,market,xgboost_05,170,0.0836317137973357,0.09499609557494795
xgboost_market,market,xgboost_05,171,0.08363134381378497,0.09499862356025408
xgboost_market,market,xgboost_05,172,0.08362412995492151,0.09499080632263558
xgboost_market,market,xgboost_05,173,0.08361199327757732,0.094992543471159
xgboost_market,market,xgboost_05,174,0.08360927664236124,0.09499246293964958
xgboost_market,market,xgboost_05,175,0.08360099854749702,0.0949840787924783
xgboost_market,market,xgboost_05,176,0.08358803397646813,0.09497700666582272
xgboost_market,market,xgboost_05,177,0.08358459314179065,0.09498504110368645
xgboost_market,market,xgboost_05,178,0.08357634298700992,0.0949927537568763
xgboost_market,market,xgboost_05,179,0.08356756775814245,0.09500712625705421
xgboost_market,market,xgboost_05,180,0.08356188407339611,0.09500353624646826
xgboost_market,market,xgboost_05,181,0.08355812964307048,0.09500539647787609
xgboost_market,market,xgboost_05,182,0.08355246069737227,0.09499840035662005
xgboost_market,market,xgboost_05,183,0.08355356175136641,0.09501034795933563
xgboost_market,market,xgboost_05,184,0.08354999656299528,0.09502126200585707
xgboost_market,market,xgboost_05,185,0.0835477700742488,0.09501429949119247
xgboost_market,market,xgboost_05,186,0.0835455828301661,0.09502192742499273
xgboost_market,market,xgboost_05,187,0.08354067136146595,0.0950459791348638
xgboost_market,market,xgboost_05,188,0.08353701838635555,0.09504591844607882
xgboost_market,market,xgboost_05,189,0.08353141736284304,0.09503936188099667
xgboost_market,market,xgboost_05,190,0.08352937479692477,0.09504239850708013
xgboost_market,market,xgboost_05,191,0.08352200297929462,0.09505113799725194
xgboost_market,market,xgboost_05,192,0.08351724898958231,0.0950514314034777
xgboost_market,market,xgboost_05,193,0.0835136966876804,0.09504468175287357
xgboost_market,market,xgboost_05,194,0.08351181533344323,0.09504272518743435
xgboost_market,market,xgboost_05,195,0.08350103743562552,0.0950377752149706
xgboost_market,market,xgboost_05,196,0.08350352156811051,0.09505234473945415
xgboost_market,market,xgboost_05,197,0.08349515633140826,0.09505734345999163
xgboost_market,market,xgboost_05,198,0.08349033734019369,0.09506645824871521
xgboost_market,market,xgboost_05,199,0.08349108040029332,0.0950727883897103
xgboost_market,market,xgboost_05,200,0.08348808572915786,0.0950746258215793
xgboost_market,market,xgboost_05,201,0.08348286015529847,0.09507346773217486
xgboost_market,market,xgboost_05,202,0.08347970664660925,0.09507135706412763
xgboost_market,market,xgboost_05,203,0.08347371680773727,0.0950777186622382
xgboost_market,market,xgboost_05,204,0.08346547437311369,0.09508239231960564
xgboost_market,market,xgboost_05,205,0.08346511462636977,0.0950845505642083
xgboost_market,market,xgboost_05,206,0.08346287157813596,0.09508085031682159
xgboost_market,market,xgboost_06,1,0.11128347170496325,0.1316622434882729
xgboost_market,market,xgboost_06,2,0.109408307156548,0.12932609010606638
xgboost_market,market,xgboost_06,3,0.10773520458215596,0.12694714647019625
xgboost_market,market,xgboost_06,4,0.10607942410599504,0.12449711831235151
xgboost_market,market,xgboost_06,5,0.10465197973835356,0.12250842723074279
xgboost_market,market,xgboost_06,6,0.10327610475597848,0.12047958754625852
xgboost_market,market,xgboost_06,7,0.10205876790869124,0.11873530451374334
xgboost_market,market,xgboost_06,8,0.10094388271020474,0.11715672887898836
xgboost_market,market,xgboost_06,9,0.09984529899361888,0.11563558533295301
xgboost_market,market,xgboost_06,10,0.09878697269731768,0.1141176447828913
xgboost_market,market,xgboost_06,11,0.09790713911908629,0.11278188945157665
xgboost_market,market,xgboost_06,12,0.09699993937162303,0.11144350333068345
xgboost_market,market,xgboost_06,13,0.09619484904538193,0.11033954935443964
xgboost_market,market,xgboost_06,14,0.09542795699114894,0.10923310272472835
xgboost_market,market,xgboost_06,15,0.094726934659784,0.10822917533360711
xgboost_market,market,xgboost_06,16,0.09406965333633191,0.10741393668793953
xgboost_market,market,xgboost_06,17,0.09349464391998742,0.10664209771912903
xgboost_market,market,xgboost_06,18,0.09297391381922879,0.10591399280871128
xgboost_market,market,xgboost_06,19,0.09245048273052059,0.10523116503320538
xgboost_market,market,xgboost_06,20,0.09199169092841805,0.1045784844790867
xgboost_market,market,xgboost_06,21,0.09154409259738766,0.10399731529580984
xgboost_market,market,xgboost_06,22,0.09112754728152729,0.10346029930168743
xgboost_market,market,xgboost_06,23,0.09084804557158103,0.10302413623894845
xgboost_market,market,xgboost_06,24,0.0904973180549195,0.1025265343547437
xgboost_market,market,xgboost_06,25,0.09015644771248178,0.10208320432489389
xgboost_market,market,xgboost_06,26,0.08984976940694746,0.1017137464022557
xgboost_market,market,xgboost_06,27,0.0895504688722071,0.10136389095265494
xgboost_market,market,xgboost_06,28,0.08926630543465577,0.10099303384302345
xgboost_market,market,xgboost_06,29,0.08901050281051012,0.10061362126398607
xgboost_market,market,xgboost_06,30,0.08876619845167226,0.10030986991134165
xgboost_market,market,xgboost_06,31,0.08854123047305326,0.10000614276305513
xgboost_market,market,xgboost_06,32,0.08833596068962518,0.09973479496025031
xgboost_market,market,xgboost_06,33,0.0881387192507276,0.09944199891200572
xgboost_market,market,xgboost_06,34,0.08795262849465191,0.09917644032164716
xgboost_market,market,xgboost_06,35,0.08778549069204751,0.09895491276336524
xgboost_market,market,xgboost_06,36,0.08763192124657741,0.09876889118974631
xgboost_market,market,xgboost_06,37,0.08748649096395855,0.09861409519384728
xgboost_market,market,xgboost_06,38,0.08734429158811016,0.09843848896676594
xgboost_market,market,xgboost_06,39,0.08720377146263143,0.09825938074014753
xgboost_market,market,xgboost_06,40,0.0870710292304745,0.09806302919277317
xgboost_market,market,xgboost_06,41,0.08694775126535415,0.09793025504738526
xgboost_market,market,xgboost_06,42,0.08683323659623125,0.09776497271206785
xgboost_market,market,xgboost_06,43,0.08673217001467287,0.09765413168229554
xgboost_market,market,xgboost_06,44,0.08664066553224302,0.09750629571385692
xgboost_market,market,xgboost_06,45,0.08652587318010586,0.09741431985427532
xgboost_market,market,xgboost_06,46,0.08643379678112802,0.09729177828402788
xgboost_market,market,xgboost_06,47,0.08634626734390455,0.09719767903994084
xgboost_market,market,xgboost_06,48,0.08626487317310297,0.09709633994764295
xgboost_market,market,xgboost_06,49,0.08618795568817608,0.09697602978591736
xgboost_market,market,xgboost_06,50,0.08611433300303209,0.09687879496200247
xgboost_market,market,xgboost_06,51,0.0860408092366823,0.09681974993190023
xgboost_market,market,xgboost_06,52,0.08597408047642456,0.09673592212489222
xgboost_market,market,xgboost_06,53,0.08590394887550214,0.0966819323562231
xgboost_market,market,xgboost_06,54,0.08582398166223659,0.09663106825705159
xgboost_market,market,xgboost_06,55,0.08576439285190857,0.09655137196797986
xgboost_market,market,xgboost_06,56,0.0856984270000536,0.09648428588911544
xgboost_market,market,xgboost_06,57,0.08564015008110903,0.09642384150190218
xgboost_market,market,xgboost_06,58,0.08558181233010076,0.09637950394723326
xgboost_market,market,xgboost_06,59,0.08552480428241988,0.09629554821757244
xgboost_market,market,xgboost_06,60,0.0854660162321356,0.09626115852963645
xgboost_market,market,xgboost_06,61,0.08542530607124904,0.09621913383240606
xgboost_market,market,xgboost_06,62,0.08538201942064508,0.09619665920743432
xgboost_market,market,xgboost_06,63,0.0853291371773054,0.0961705852684292
xgboost_market,market,xgboost_06,64,0.08529145676780514,0.09613915726212517
xgboost_market,market,xgboost_06,65,0.08524828861090011,0.09612182194552839
xgboost_market,market,xgboost_06,66,0.08520330484826831,0.09608770647285655
xgboost_market,market,xgboost_06,67,0.08517088307439451,0.09605698408625407
xgboost_market,market,xgboost_06,68,0.08513436027248515,0.09604452519383853
xgboost_market,market,xgboost_06,69,0.08509476974861947,0.09602753387249857
xgboost_market,market,xgboost_06,70,0.08505381862882067,0.0959749567089383
xgboost_market,market,xgboost_06,71,0.08502532632579718,0.09594997384372699
xgboost_market,market,xgboost_06,72,0.08499588566132416,0.09592849026933194
xgboost_market,market,xgboost_06,73,0.08496932974283752,0.09590084131492177
xgboost_market,market,xgboost_06,74,0.08493580610109398,0.09589059538497412
xgboost_market,market,xgboost_06,75,0.08491134196141277,0.09589844666544771
xgboost_market,market,xgboost_06,76,0.08488818369404667,0.09587699823409443
xgboost_market,market,xgboost_06,77,0.08486639114571168,0.0958526725512861
xgboost_market,market,xgboost_06,78,0.08484014890918101,0.09583821493331461
xgboost_market,market,xgboost_06,79,0.0848182830054199,0.09582005604812749
xgboost_market,market,xgboost_06,80,0.08478888745971917,0.0958087945497121
xgboost_market,market,xgboost_06,81,0.08476557365505066,0.09578294812545314
xgboost_market,market,xgboost_06,82,0.08474331140181023,0.09577535805620252
xgboost_market,market,xgboost_06,83,0.08471863565275407,0.09574815071818364
xgboost_market,market,xgboost_06,84,0.08469640886757791,0.09573594769915504
xgboost_market,market,xgboost_06,85,0.08467934101388694,0.09572357397505442
xgboost_market,market,xgboost_06,86,0.08466296911277181,0.09569868079862655
xgboost_market,market,xgboost_06,87,0.0846442600139488,0.09568160133397961
xgboost_market,market,xgboost_06,88,0.08462988931024745,0.09566752848887723
xgboost_market,market,xgboost_06,89,0.08461447138570669,0.0956245915938421
xgboost_market,market,xgboost_06,90,0.0845957145410491,0.09560708284464803
xgboost_market,market,xgboost_06,91,0.08458099045607712,0.09559675346323332
xgboost_market,market,xgboost_06,92,0.08454789719729539,0.09558704762114946
xgboost_market,market,xgboost_06,93,0.0845191620038157,0.09558469802454597
xgboost_market,market,xgboost_06,94,0.08448690302137529,0.09554843272001398
xgboost_market,market,xgboost_06,95,0.08446844487159585,0.09555384851686244
xgboost_market,market,xgboost_06,96,0.08445021974916547,0.09552178476123634
xgboost_market,market,xgboost_06,97,0.08441944376813613,0.09550130575808057
xgboost_market,market,xgboost_06,98,0.084406425784959,0.09549516825405822
xgboost_market,market,xgboost_06,99,0.08438419009542086,0.09546194961055088
xgboost_market,market,xgboost_06,100,0.0843724047011763,0.09545111455231893
xgboost_market,market,xgboost_06,101,0.08436206752821329,0.09544062475388151
xgboost_market,market,xgboost_06,102,0.08434318152957583,0.09542201086841168
xgboost_market,market,xgboost_06,103,0.08432879443891257,0.09541952193496922
xgboost_market,market,xgboost_06,104,0.08430725037220425,0.0954153835270762
xgboost_market,market,xgboost_06,105,0.08429073741198537,0.09540291892249037
xgboost_market,market,xgboost_06,106,0.08428111230155053,0.09542464840139751
xgboost_market,market,xgboost_06,107,0.0842670723963511,0.09538467168539205
xgboost_market,market,xgboost_06,108,0.08425297981863865,0.09537200301309938
xgboost_market,market,xgboost_06,109,0.08424261297790078,0.09536249434550617
xgboost_market,market,xgboost_06,110,0.08422864705437083,0.09532510917866947
xgboost_market,market,xgboost_06,111,0.08420939461787563,0.09532620338867231
xgboost_market,market,xgboost_06,112,0.08419958132366,0.09531869979602606
xgboost_market,market,xgboost_06,113,0.08418602221208647,0.09531782860913436
xgboost_market,market,xgboost_06,114,0.08418057715208901,0.09531377493680278
xgboost_market,market,xgboost_06,115,0.08416470378284499,0.09531149896959173
xgboost_market,market,xgboost_06,116,0.08414474400457103,0.0952877119121611
xgboost_market,market,xgboost_06,117,0.08413588333943825,0.09527500350703232
xgboost_market,market,xgboost_06,118,0.08412377316076458,0.09526906560026817
xgboost_market,market,xgboost_06,119,0.08411377984349248,0.09523681146069521
xgboost_market,market,xgboost_06,120,0.08410026619932313,0.09523196522808883
xgboost_market,market,xgboost_06,121,0.08409205279286959,0.0952405064819444
xgboost_market,market,xgboost_06,122,0.08408458964355951,0.09523504223024654
xgboost_market,market,xgboost_06,123,0.08407653942185993,0.09523400379993449
xgboost_market,market,xgboost_06,124,0.08406450424511179,0.0952448462586018
xgboost_market,market,xgboost_06,125,0.08405569695129053,0.09526702700234696
xgboost_market,market,xgboost_06,126,0.08404408905917951,0.09525283630099912
xgboost_market,market,xgboost_06,127,0.08402461286247297,0.09523758159902487
xgboost_market,market,xgboost_06,128,0.08401536612294644,0.09523933136070728
xgboost_market,market,xgboost_06,129,0.08400949992175617,0.09523635087861983
xgboost_market,market,xgboost_06,130,0.08399424316667552,0.09524010106502985
xgboost_market,market,xgboost_06,131,0.08398304232155024,0.09524277139100051
xgboost_market,market,xgboost_06,132,0.08397066881215025,0.09522748330871524
xgboost_market,market,xgboost_06,133,0.08395524251779633,0.09521982862418153
xgboost_market,market,xgboost_06,134,0.08394205996578016,0.09520363328151775
xgboost_market,market,xgboost_06,135,0.0839365184729429,0.09520983224242488
xgboost_market,market,xgboost_06,136,0.08392922977191969,0.09519027210689297
xgboost_market,market,xgboost_06,137,0.08392427685000217,0.09519598748497811
xgboost_market,market,xgboost_06,138,0.08391096387785703,0.09518723259244337
xgboost_market,market,xgboost_06,139,0.08390505702423437,0.09518985918937793
xgboost_market,market,xgboost_06,140,0.08389856187784514,0.0951864131948092
xgboost_market,market,xgboost_06,141,0.08389234157642315,0.09517974381370557
xgboost_market,market,xgboost_06,142,0.08388633691002849,0.09517205637291842
xgboost_market,market,xgboost_06,143,0.08387731914827443,0.09518406430700876
xgboost_market,market,xgboost_06,144,0.08386843606010863,0.0951532871218072
xgboost_market,market,xgboost_06,145,0.0838614945511999,0.09514950577112993
xgboost_market,market,xgboost_06,146,0.08385521286080604,0.09516856975781736
xgboost_market,market,xgboost_06,147,0.08384848008909934,0.09516705264299627
xgboost_market,market,xgboost_06,148,0.08384323564259447,0.09516215294841233
xgboost_market,market,xgboost_06,149,0.08383811813862692,0.09515875311755671
xgboost_market,market,xgboost_06,150,0.08383472722351953,0.09515690082689926
xgboost_market,market,xgboost_06,151,0.08382469976132914,0.09516185727762728
xgboost_market,market,xgboost_06,152,0.08381969680792421,0.09517397914710633
xgboost_market,market,xgboost_06,153,0.08381038577700904,0.09516607061405072
xgboost_market,market,xgboost_06,154,0.08380315466587845,0.09514843657896623
xgboost_market,market,xgboost_06,155,0.08379894348058356,0.09514624463174397
xgboost_market,market,xgboost_06,156,0.08379371324992321,0.09512384473522309
xgboost_market,market,xgboost_06,157,0.08379082619715843,0.09514191749595083
xgboost_market,market,xgboost_06,158,0.08378461316163392,0.09514553935052285
xgboost_market,market,xgboost_06,159,0.08377808625345169,0.09513804101197006
xgboost_market,market,xgboost_06,160,0.08377031146660989,0.09514077277802686
xgboost_market,market,xgboost_06,161,0.08376829969257481,0.09514437555697135
xgboost_market,market,xgboost_06,162,0.0837610512744673,0.09514330004349798
xgboost_market,market,xgboost_06,163,0.08374829851299455,0.0951331277571088
xgboost_market,market,xgboost_06,164,0.08374204067822932,0.09513654456664314
xgboost_market,market,xgboost_06,165,0.0837356448973706,0.09513482139648302
xgboost_market,market,xgboost_06,166,0.08373436918157702,0.09513553634608361
xgboost_market,market,xgboost_06,167,0.08372963302023963,0.09513582804122821
xgboost_market,market,xgboost_06,168,0.08371784184613904,0.09512473862575083
xgboost_market,market,xgboost_06,169,0.08371445455349286,0.09511700710503622
xgboost_market,market,xgboost_06,170,0.08369937164594482,0.09510947096423929
xgboost_market,market,xgboost_06,171,0.0836868760330841,0.09510130280567874
xgboost_market,market,xgboost_06,172,0.08368341834198788,0.09510370128148576
xgboost_market,market,xgboost_06,173,0.08367578167355429,0.09509242364018754
xgboost_market,market,xgboost_06,174,0.08366824983275119,0.09508030238222977
xgboost_market,market,xgboost_06,175,0.0836646734260173,0.09507808011869637
xgboost_market,market,xgboost_06,176,0.08366034150082308,0.09506809517745216
xgboost_market,market,xgboost_06,177,0.083650179036214,0.09507871952636483
xgboost_market,market,xgboost_06,178,0.08363954567734867,0.09507404559633263
xgboost_market,market,xgboost_06,179,0.08363722435140396,0.09509150766769943
xgboost_market,market,xgboost_06,180,0.08362969874853839,0.09509569504430528
xgboost_market,market,xgboost_06,181,0.08362300350629288,0.09508792805548234
xgboost_market,market,xgboost_06,182,0.08361409222441653,0.09508426270016046
xgboost_market,market,xgboost_06,183,0.08360880378457179,0.09505975966151618
xgboost_market,market,xgboost_06,184,0.08359615252327378,0.09505533830719419
xgboost_market,market,xgboost_06,185,0.08358936369634687,0.09506185414480929
xgboost_market,market,xgboost_06,186,0.08358663837696213,0.09506760305915715
xgboost_market,market,xgboost_06,187,0.0835836569962093,0.09508477994047135
xgboost_market,market,xgboost_06,188,0.0835805376719811,0.09510034436869226
xgboost_market,market,xgboost_06,189,0.08357398729845135,0.09509977547363849
xgboost_market,market,xgboost_06,190,0.08357108950493593,0.09510185331309776
xgboost_market,market,xgboost_06,191,0.0835693005337513,0.0951008752602941
xgboost_market,market,xgboost_06,192,0.08356236586540015,0.09510606569826587
xgboost_market,market,xgboost_06,193,0.0835577123157328,0.09511285092077898
xgboost_market,market,xgboost_06,194,0.08355204963960026,0.09510535380489264
xgboost_market,market,xgboost_06,195,0.0835486056878198,0.09510999643564153
xgboost_market,market,xgboost_06,196,0.08354498228842859,0.09512107231541275
xgboost_market,market,xgboost_06,197,0.08354281305409364,0.09512548886556949
xgboost_market,market,xgboost_06,198,0.08354092935182007,0.0951236270372863
xgboost_market,market,xgboost_06,199,0.08353589303092936,0.09511696562313394
xgboost_market,market,xgboost_06,200,0.08353359111220901,0.0951201371830531
xgboost_market,market,xgboost_06,201,0.08352933802009914,0.09512274084154651
xgboost_market,market,xgboost_06,202,0.08352615743759463,0.09512817767595523
xgboost_market,market,xgboost_06,203,0.08352484464765278,0.09513147983177023
xgboost_market,market,xgboost_06,204,0.0835158981153776,0.09512399917543396
xgboost_market,market,xgboost_06,205,0.08351361957813452,0.09512077322259078
xgboost_market,market,xgboost_06,206,0.08350403897241644,0.09512065793553698
xgboost_market,market,xgboost_06,207,0.08350034015704481,0.09512456549402501
xgboost_market,market,xgboost_06,208,0.08349275824066749,0.09512115428734434
xgboost_market,market,xgboost_06,209,0.08348915250952428,0.09510023628450155
xgboost_market,market,xgboost_06,210,0.08348894356985395,0.09510215322617058
xgboost_market,market,xgboost_06,211,0.08348627772462908,0.09510040950348009
xgboost_market,market,xgboost_06,212,0.08348031279035087,0.09508725058105355
xgboost_market,market,xgboost_06,213,0.08347317117622685,0.09508375820589347
xgboost_market,market,xgboost_06,214,0.0834659816522292,0.09507944644174929
xgboost_market,market,xgboost_07,1,0.11135517708504772,0.13218766460785644
xgboost_market,market,xgboost_07,2,0.10941731860702696,0.129370877347001
xgboost_market,market,xgboost_07,3,0.10769344503692621,0.12689070367922628
xgboost_market,market,xgboost_07,4,0.1061311744737853,0.12464666402180273
xgboost_market,market,xgboost_07,5,0.10460648704694704,0.12241321939662618
xgboost_market,market,xgboost_07,6,0.10320683594108848,0.12035124185563402
xgboost_market,market,xgboost_07,7,0.10190177673546615,0.1185210999347112
xgboost_market,market,xgboost_07,8,0.1007197591795516,0.11678896042338924
xgboost_market,market,xgboost_07,9,0.09969975215233588,0.11535202704223597
xgboost_market,market,xgboost_07,10,0.0987143762930122,0.11396779865227055
xgboost_market,market,xgboost_07,11,0.09776775361207876,0.11264668498877754
xgboost_market,market,xgboost_07,12,0.09693076982789069,0.11142090258415077
xgboost_market,market,xgboost_07,13,0.09616368515173448,0.11028658786555658
xgboost_market,market,xgboost_07,14,0.09540821350526221,0.10933203698894485
xgboost_market,market,xgboost_07,15,0.09472169725142988,0.10832800385930212
xgboost_market,market,xgboost_07,16,0.09407936061257319,0.10740698499186097
xgboost_market,market,xgboost_07,17,0.09350751396874536,0.10663494873310038
xgboost_market,market,xgboost_07,18,0.09299059431137174,0.1059330713271148
xgboost_market,market,xgboost_07,19,0.09248278843522927,0.10531230109720832
xgboost_market,market,xgboost_07,20,0.0919903342176012,0.10468549216169899
xgboost_market,market,xgboost_07,21,0.09156001025175702,0.10413753488316063
xgboost_market,market,xgboost_07,22,0.09116786742142305,0.10352464621142707
xgboost_market,market,xgboost_07,23,0.09079674146017089,0.10299041047055454
xgboost_market,market,xgboost_07,24,0.09044988783747383,0.10254017707862553
xgboost_market,market,xgboost_07,25,0.0901245088995896,0.1021137767320812
xgboost_market,market,xgboost_07,26,0.08981746438577995,0.10169510255261968
xgboost_market,market,xgboost_07,27,0.08953008120056702,0.10132813542255893
xgboost_market,market,xgboost_07,28,0.08925023022823182,0.1009854749233726
xgboost_market,market,xgboost_07,29,0.08900357926578775,0.10061314072335074
xgboost_market,market,xgboost_07,30,0.08876613379807963,0.10034479332621701
xgboost_market,market,xgboost_07,31,0.08854849605173336,0.10007690941557129
xgboost_market,market,xgboost_07,32,0.0883421285744182,0.0997637093087478
xgboost_market,market,xgboost_07,33,0.08813670983607412,0.09956400598733935
xgboost_market,market,xgboost_07,34,0.0879499048740388,0.09935637639725409
xgboost_market,market,xgboost_07,35,0.08777666762146792,0.09912060612020594
xgboost_market,market,xgboost_07,36,0.08761663348573988,0.09892319987778377
xgboost_market,market,xgboost_07,37,0.08746242520945384,0.09870833633255692
xgboost_market,market,xgboost_07,38,0.08731123408204605,0.09852740511213935
xgboost_market,market,xgboost_07,39,0.08717667471788601,0.09836081676834511
xgboost_market,market,xgboost_07,40,0.08704041920944122,0.09821693361773816
xgboost_market,market,xgboost_07,41,0.08692676010210253,0.0980555958946098
xgboost_market,market,xgboost_07,42,0.08681392299817987,0.0979222616377347
xgboost_market,market,xgboost_07,43,0.08670682498197976,0.09778022579196878
xgboost_market,market,xgboost_07,44,0.08660827291311203,0.09767422794296321
xgboost_market,market,xgboost_07,45,0.08651588795247751,0.09757988973922986
xgboost_market,market,xgboost_07,46,0.08642198505195103,0.0974273640591727
xgboost_market,market,xgboost_07,47,0.08631651971109924,0.09734353070697804
xgboost_market,market,xgboost_07,48,0.08623475363486295,0.09723989626959113
xgboost_market,market,xgboost_07,49,0.08615768118627376,0.09715917560942988
xgboost_market,market,xgboost_07,50,0.08606931135039023,0.09706022957675103
xgboost_market,market,xgboost_07,51,0.0859942057842388,0.09698842439288016
xgboost_market,market,xgboost_07,52,0.08591299912390858,0.09691776101036041
xgboost_market,market,xgboost_07,53,0.08585039864019381,0.09685146690996058
xgboost_market,market,xgboost_07,54,0.08579269225010093,0.09678951647084495
xgboost_market,market,xgboost_07,55,0.0857364846294203,0.09671829126838949
xgboost_market,market,xgboost_07,56,0.08566446725628085,0.09667415362225537
xgboost_market,market,xgboost_07,57,0.08560361672487757,0.09664270725426675
xgboost_market,market,xgboost_07,58,0.08555517431971706,0.09659391806343953
xgboost_market,market,xgboost_07,59,0.08549825916306504,0.09654678729460443
xgboost_market,market,xgboost_07,60,0.08544259560178627,0.09649990016697578
xgboost_market,market,xgboost_07,61,0.08539471781035168,0.09645881567805753
xgboost_market,market,xgboost_07,62,0.08535235616761658,0.09643748948000284
xgboost_market,market,xgboost_07,63,0.08531023392375262,0.09640206380721308
xgboost_market,market,xgboost_07,64,0.08527306532338537,0.09635844502108128
xgboost_market,market,xgboost_07,65,0.08522426891715085,0.09633072104248866
xgboost_market,market,xgboost_07,66,0.0851762455937724,0.09630106421490146
xgboost_market,market,xgboost_07,67,0.08514516405858925,0.09625663603285546
xgboost_market,market,xgboost_07,68,0.08510105233390035,0.09621425521462104
xgboost_market,market,xgboost_07,69,0.08506353367980848,0.09618415256721734
xgboost_market,market,xgboost_07,70,0.08503205935092027,0.09614964521960526
xgboost_market,market,xgboost_07,71,0.08500435989924834,0.09614728170606639
xgboost_market,market,xgboost_07,72,0.08496657658168438,0.0961197206709393
xgboost_market,market,xgboost_07,73,0.0849395530348864,0.09609290652417338
xgboost_market,market,xgboost_07,74,0.0849137499687968,0.0960641313509218
xgboost_market,market,xgboost_07,75,0.08489231180633994,0.09604192040193721
xgboost_market,market,xgboost_07,76,0.08486090900960988,0.09602098994263931
xgboost_market,market,xgboost_07,77,0.0848341776217979,0.09600911898831067
xgboost_market,market,xgboost_07,78,0.08481557490811863,0.09599498598032158
xgboost_market,market,xgboost_07,79,0.08479561946172734,0.09597251536258178
xgboost_market,market,xgboost_07,80,0.08476658488128182,0.09596229010526237
xgboost_market,market,xgboost_07,81,0.08474389914455999,0.09595881426374196
xgboost_market,market,xgboost_07,82,0.08471961812565808,0.09586536844317028
xgboost_market,market,xgboost_07,83,0.0846974023995303,0.09580319713468181
xgboost_market,market,xgboost_07,84,0.08467474734816106,0.0957908488869986
xgboost_market,market,xgboost_07,85,0.08465087990888698,0.09574132244610252
xgboost_market,market,xgboost_07,86,0.08463620806922233,0.09572502720784128
xgboost_market,market,xgboost_07,87,0.08461545691077214,0.09572907647328331
xgboost_market,market,xgboost_07,88,0.08458956829923846,0.09571716907614813
xgboost_market,market,xgboost_07,89,0.08455987729508282,0.09569251723925994
xgboost_market,market,xgboost_07,90,0.08454114095178493,0.09569068499579414
xgboost_market,market,xgboost_07,91,0.08451885535044079,0.09568999708689191
xgboost_market,market,xgboost_07,92,0.08449940432955971,0.09567230021467475
xgboost_market,market,xgboost_07,93,0.08448575517475457,0.09566707954024813
xgboost_market,market,xgboost_07,94,0.08445984493176426,0.09567052887060397
xgboost_market,market,xgboost_07,95,0.08444219480311112,0.09565754309080983
xgboost_market,market,xgboost_07,96,0.08441591424710769,0.09565220395375637
xgboost_market,market,xgboost_07,97,0.0844026227688322,0.09564434297820099
xgboost_market,market,xgboost_07,98,0.0843774529677568,0.0956172843545581
xgboost_market,market,xgboost_07,99,0.08436531983929549,0.09562112173891185
xgboost_market,market,xgboost_07,100,0.08435280808449319,0.09562316432889606
xgboost_market,market,xgboost_07,101,0.08433868974795611,0.0955869086788282
xgboost_market,market,xgboost_07,102,0.08432245919929507,0.09556496756128502
xgboost_market,market,xgboost_07,103,0.08430695195180787,0.09553320753954873
xgboost_market,market,xgboost_07,104,0.08427806102629147,0.09553111570555431
xgboost_market,market,xgboost_07,105,0.084270479416325,0.09553549890498572
xgboost_market,market,xgboost_07,106,0.08425650369159,0.09551710833108755
xgboost_market,market,xgboost_07,107,0.08424279926618948,0.09551156109226759
xgboost_market,market,xgboost_07,108,0.08422571026112168,0.09546291685015913
xgboost_market,market,xgboost_07,109,0.08421657319949696,0.09545114794930325
xgboost_market,market,xgboost_07,110,0.08420559709643993,0.0954040383737294
xgboost_market,market,xgboost_07,111,0.08419524653808948,0.09540254069470408
xgboost_market,market,xgboost_07,112,0.08417832351119414,0.0954080387599679
xgboost_market,market,xgboost_07,113,0.08416718367754933,0.09539962437558959
xgboost_market,market,xgboost_07,114,0.08415240640074277,0.095387045982666
xgboost_market,market,xgboost_07,115,0.08414482488713532,0.09539429751948286
xgboost_market,market,xgboost_07,116,0.08413507547876987,0.09537702800924411
xgboost_market,market,xgboost_07,117,0.08411579239255264,0.09535647140694753
xgboost_market,market,xgboost_07,118,0.08409269007318404,0.09533184901534757
xgboost_market,market,xgboost_07,119,0.08408197655408597,0.09533804150225277
xgboost_market,market,xgboost_07,120,0.08406383705513185,0.09534013400982319
xgboost_market,market,xgboost_07,121,0.08405525363256654,0.09535253643693706
xgboost_market,market,xgboost_07,122,0.08404469265948836,0.09533403952315055
xgboost_market,market,xgboost_07,123,0.08403656286521966,0.09532765043942792
xgboost_market,market,xgboost_07,124,0.08401972186455763,0.09527881323929181
xgboost_market,market,xgboost_07,125,0.08400591545279364,0.09527424860696526
xgboost_market,market,xgboost_07,126,0.08399497570242605,0.09525783504698532
xgboost_market,market,xgboost_07,127,0.08398789864896629,0.09524498761290937
xgboost_market,market,xgboost_07,128,0.08398308139928604,0.09523247179159937
xgboost_market,market,xgboost_07,129,0.08396733729639057,0.09521975597174384
xgboost_market,market,xgboost_07,130,0.08395695940286375,0.09520594739108307
xgboost_market,market,xgboost_07,131,0.08395077946732495,0.09520494899121917
xgboost_market,market,xgboost_07,132,0.08393629150826748,0.09516280888445522
xgboost_market,market,xgboost_07,133,0.08392580995319879,0.09515985549998096
xgboost_market,market,xgboost_07,134,0.08392182690592043,0.09514209010365883
xgboost_market,market,xgboost_07,135,0.08391218810152054,0.0951564604556144
xgboost_market,market,xgboost_07,136,0.08389535169972971,0.09514561655777856
xgboost_market,market,xgboost_07,137,0.08388543841205498,0.0951557391917245
xgboost_market,market,xgboost_07,138,0.08387500814965741,0.09515476931372414
xgboost_market,market,xgboost_07,139,0.08386334591557269,0.09515434844430141
xgboost_market,market,xgboost_07,140,0.08385248355669592,0.09521788386719547
xgboost_market,market,xgboost_07,141,0.08384242981374122,0.09520518741305771
xgboost_market,market,xgboost_07,142,0.08383451929907967,0.09519500028894108
xgboost_market,market,xgboost_07,143,0.08382888626074898,0.09518704640439994
xgboost_market,market,xgboost_07,144,0.08381879477424874,0.09517159801979921
xgboost_market,market,xgboost_07,145,0.08381607585702114,0.09518047748942132
xgboost_market,market,xgboost_07,146,0.08380398605283344,0.09518661195100625
xgboost_market,market,xgboost_07,147,0.08379550941375802,0.09516354611597033
xgboost_market,market,xgboost_07,148,0.08378937486232489,0.09515421655390606
xgboost_market,market,xgboost_07,149,0.08377990193582632,0.09513168190419774
xgboost_market,market,xgboost_07,150,0.08377467932469083,0.0951273335718839
xgboost_market,market,xgboost_07,151,0.08376094226650445,0.0951133528152657
xgboost_market,market,xgboost_07,152,0.08375212001605989,0.09509294525216094
xgboost_market,market,xgboost_07,153,0.08374595212172728,0.09510575889849573
xgboost_market,market,xgboost_07,154,0.08374335286287282,0.09510766539816955
xgboost_market,market,xgboost_07,155,0.08373493876510521,0.09508795539354199
xgboost_market,market,xgboost_07,156,0.08373247571117104,0.09508881183622711
xgboost_market,market,xgboost_07,157,0.08372286198416118,0.0950807734289911
xgboost_market,market,xgboost_07,158,0.08371357451964712,0.09508524950180514
xgboost_market,market,xgboost_07,159,0.08371111446084743,0.0950813755877682
xgboost_market,market,xgboost_07,160,0.08370777038790037,0.09507763442248789
xgboost_market,market,xgboost_07,161,0.08370065573158164,0.09507463276381246
xgboost_market,market,xgboost_07,162,0.08369351756330075,0.09506718375714944
xgboost_market,market,xgboost_07,163,0.08369234425550906,0.09506488330514322
xgboost_market,market,xgboost_07,164,0.08368360324297149,0.09505364259343652
xgboost_market,market,xgboost_07,165,0.08367929142067045,0.09505521759567843
xgboost_market,market,xgboost_07,166,0.08367071539520979,0.09506101057378191
xgboost_market,market,xgboost_07,167,0.08366844830543041,0.09505867963120981
xgboost_market,market,xgboost_07,168,0.08366077484903665,0.09505632083195086
xgboost_market,market,xgboost_07,169,0.08365082439594042,0.09505954781214475
xgboost_market,market,xgboost_07,170,0.08364138536879813,0.09506479372392133
xgboost_market,market,xgboost_07,171,0.08364082044709649,0.0950683338273262
xgboost_market,market,xgboost_07,172,0.08363424984479292,0.09505074888732054
xgboost_market,market,xgboost_07,173,0.08362616234045808,0.0950582394008331
xgboost_market,market,xgboost_07,174,0.08362300375071137,0.09505640552200549
xgboost_market,market,xgboost_07,175,0.08361815154774428,0.09503995855563899
xgboost_market,market,xgboost_07,176,0.08360475734380111,0.09503158888640302
xgboost_market,market,xgboost_07,177,0.08360119924528119,0.09504030132885616
xgboost_market,market,xgboost_07,178,0.08359220526503575,0.09504732783223899
xgboost_market,market,xgboost_07,179,0.08358305480258567,0.09506119340008808
xgboost_market,market,xgboost_07,180,0.08357610337285071,0.09505722104591943
xgboost_market,market,xgboost_07,181,0.08357207675588714,0.09505887534045639
xgboost_market,market,xgboost_07,182,0.08356605871168857,0.09505117248188664
xgboost_market,market,xgboost_07,183,0.08356704277361361,0.09506207183309312
xgboost_market,market,xgboost_07,184,0.08356173608011425,0.09506993122744355
xgboost_market,market,xgboost_07,185,0.08355954024771033,0.09506337999919451
xgboost_market,market,xgboost_07,186,0.08355873352309735,0.09506953207504916
xgboost_market,market,xgboost_07,187,0.0835535313908719,0.09509331634227296
xgboost_market,market,xgboost_07,188,0.08354973310352945,0.09509364252869651
xgboost_market,market,xgboost_07,189,0.08354551225181779,0.0950859541653622
xgboost_market,market,xgboost_07,190,0.08354336781518493,0.0950888371050432
xgboost_market,market,xgboost_07,191,0.08353284859634826,0.09510043334879803
xgboost_market,market,xgboost_07,192,0.0835286764276394,0.09509858373564596
xgboost_market,market,xgboost_07,193,0.08352487040367872,0.09509089359842358
xgboost_market,market,xgboost_07,194,0.08352055862609645,0.09508623512315609
xgboost_market,market,xgboost_07,195,0.0835100282495352,0.09508148811206969
xgboost_market,market,xgboost_07,196,0.08350745272716968,0.09508382914148332
xgboost_market,market,xgboost_07,197,0.0834988758396238,0.09507341015026392
xgboost_market,market,xgboost_07,198,0.08349615835171165,0.09509162071952891
xgboost_market,market,xgboost_07,199,0.08349613970043311,0.0951011190589566
xgboost_market,market,xgboost_07,200,0.08349385437315925,0.09510107299102089
xgboost_market,market,xgboost_07,201,0.08348854786325963,0.09510011242699845
xgboost_market,market,xgboost_07,202,0.08348532477637578,0.09509801105638122
xgboost_market,market,xgboost_07,203,0.08347635326325017,0.09510437022219666
xgboost_market,market,xgboost_07,204,0.08347028071731212,0.0951008381994474
xgboost_market,market,xgboost_07,205,0.0834667488522196,0.09510498111188785
xgboost_market,market,xgboost_07,206,0.08346437821275546,0.09510111657300604
xgboost_market,market,xgboost_08,1,0.11128347170496325,0.1316622434882729
xgboost_market,market,xgboost_08,2,0.109408307156548,0.12932609010606638
xgboost_market,market,xgboost_08,3,0.10773520458215596,0.12694714647019625
xgboost_market,market,xgboost_08,4,0.10607942410599504,0.12449711831235151
xgboost_market,market,xgboost_08,5,0.10465197973835356,0.12250842723074279
xgboost_market,market,xgboost_08,6,0.10327610475597848,0.12047958754625852
xgboost_market,market,xgboost_08,7,0.10205876790869124,0.11873530451374334
xgboost_market,market,xgboost_08,8,0.10094388271020474,0.11715672887898836
xgboost_market,market,xgboost_08,9,0.09984529899361888,0.11563558533295301
xgboost_market,market,xgboost_08,10,0.09878697269731768,0.1141176447828913
xgboost_market,market,xgboost_08,11,0.09790713911908629,0.11278188945157665
xgboost_market,market,xgboost_08,12,0.09699993937162303,0.11144350333068345
xgboost_market,market,xgboost_08,13,0.09619484904538193,0.11033954935443964
xgboost_market,market,xgboost_08,14,0.09542795699114894,0.10923310272472835
xgboost_market,market,xgboost_08,15,0.094726934659784,0.10822917533360711
xgboost_market,market,xgboost_08,16,0.09406965333633191,0.10741393668793953
xgboost_market,market,xgboost_08,17,0.09349464391998742,0.10664209771912903
xgboost_market,market,xgboost_08,18,0.09297391381922879,0.10591399280871128
xgboost_market,market,xgboost_08,19,0.09245048273052059,0.10523116503320538
xgboost_market,market,xgboost_08,20,0.09199169092841805,0.1045784844790867
xgboost_market,market,xgboost_08,21,0.09154409259738766,0.10399731529580984
xgboost_market,market,xgboost_08,22,0.09112754728152729,0.10346029930168743
xgboost_market,market,xgboost_08,23,0.09084804557158103,0.10302413623894845
xgboost_market,market,xgboost_08,24,0.0904973180549195,0.1025265343547437
xgboost_market,market,xgboost_08,25,0.09015644771248178,0.10208320432489389
xgboost_market,market,xgboost_08,26,0.08984976940694746,0.1017137464022557
xgboost_market,market,xgboost_08,27,0.0895504688722071,0.10136389095265494
xgboost_market,market,xgboost_08,28,0.08926630543465577,0.10099303384302345
xgboost_market,market,xgboost_08,29,0.08901050281051012,0.10061362126398607
xgboost_market,market,xgboost_08,30,0.08876619845167226,0.10030986991134165
xgboost_market,market,xgboost_08,31,0.08854123047305326,0.10000614276305513
xgboost_market,market,xgboost_08,32,0.08833596068962518,0.09973479496025031
xgboost_market,market,xgboost_08,33,0.0881387192507276,0.09944199891200572
xgboost_market,market,xgboost_08,34,0.08795262849465191,0.09917644032164716
xgboost_market,market,xgboost_08,35,0.08778549069204751,0.09895491276336524
xgboost_market,market,xgboost_08,36,0.08763192124657741,0.09876889118974631
xgboost_market,market,xgboost_08,37,0.08748649096395855,0.09861409519384728
xgboost_market,market,xgboost_08,38,0.08734429158811016,0.09843848896676594
xgboost_market,market,xgboost_08,39,0.08720377146263143,0.09825938074014753
xgboost_market,market,xgboost_08,40,0.0870710292304745,0.09806302919277317
xgboost_market,market,xgboost_08,41,0.08694775126535415,0.09793025504738526
xgboost_market,market,xgboost_08,42,0.08683323659623125,0.09776497271206785
xgboost_market,market,xgboost_08,43,0.08673217001467287,0.09765413168229554
xgboost_market,market,xgboost_08,44,0.08664066553224302,0.09750629571385692
xgboost_market,market,xgboost_08,45,0.08652587318010586,0.09741431985427532
xgboost_market,market,xgboost_08,46,0.08643379678112802,0.09729177828402788
xgboost_market,market,xgboost_08,47,0.08634626734390455,0.09719767903994084
xgboost_market,market,xgboost_08,48,0.08626487317310297,0.09709633994764295
xgboost_market,market,xgboost_08,49,0.08618795568817608,0.09697602978591736
xgboost_market,market,xgboost_08,50,0.08611433300303209,0.09687879496200247
xgboost_market,market,xgboost_08,51,0.0860408092366823,0.09681974993190023
xgboost_market,market,xgboost_08,52,0.08597408047642456,0.09673592212489222
xgboost_market,market,xgboost_08,53,0.08590394887550214,0.0966819323562231
xgboost_market,market,xgboost_08,54,0.08582398166223659,0.09663106825705159
xgboost_market,market,xgboost_08,55,0.08576439285190857,0.09655137196797986
xgboost_market,market,xgboost_08,56,0.0856984270000536,0.09648428588911544
xgboost_market,market,xgboost_08,57,0.08564015008110903,0.09642384150190218
xgboost_market,market,xgboost_08,58,0.08558181233010076,0.09637950394723326
xgboost_market,market,xgboost_08,59,0.08552480428241988,0.09629554821757244
xgboost_market,market,xgboost_08,60,0.0854660162321356,0.09626115852963645
xgboost_market,market,xgboost_08,61,0.08542530607124904,0.09621913383240606
xgboost_market,market,xgboost_08,62,0.08538201942064508,0.09619665920743432
xgboost_market,market,xgboost_08,63,0.0853291371773054,0.0961705852684292
xgboost_market,market,xgboost_08,64,0.08529145676780514,0.09613915726212517
xgboost_market,market,xgboost_08,65,0.08524828861090011,0.09612182194552839
xgboost_market,market,xgboost_08,66,0.08520330484826831,0.09608770647285655
xgboost_market,market,xgboost_08,67,0.08517088307439451,0.09605698408625407
xgboost_market,market,xgboost_08,68,0.08513436027248515,0.09604452519383853
xgboost_market,market,xgboost_08,69,0.08509476974861947,0.09602753387249857
xgboost_market,market,xgboost_08,70,0.08505381862882067,0.0959749567089383
xgboost_market,market,xgboost_08,71,0.08502532632579718,0.09594997384372699
xgboost_market,market,xgboost_08,72,0.08499588566132416,0.09592849026933194
xgboost_market,market,xgboost_08,73,0.08496932974283752,0.09590084131492177
xgboost_market,market,xgboost_08,74,0.08493580610109398,0.09589059538497412
xgboost_market,market,xgboost_08,75,0.08491134196141277,0.09589844666544771
xgboost_market,market,xgboost_08,76,0.08488818369404667,0.09587699823409443
xgboost_market,market,xgboost_08,77,0.08486639114571168,0.0958526725512861
xgboost_market,market,xgboost_08,78,0.08484014890918101,0.09583821493331461
xgboost_market,market,xgboost_08,79,0.0848182830054199,0.09582005604812749
xgboost_market,market,xgboost_08,80,0.08478888745971917,0.0958087945497121
xgboost_market,market,xgboost_08,81,0.08476557365505066,0.09578294812545314
xgboost_market,market,xgboost_08,82,0.08474331140181023,0.09577535805620252
xgboost_market,market,xgboost_08,83,0.08471863565275407,0.09574815071818364
xgboost_market,market,xgboost_08,84,0.08469640886757791,0.09573594769915504
xgboost_market,market,xgboost_08,85,0.08467934101388694,0.09572357397505442
xgboost_market,market,xgboost_08,86,0.08466296911277181,0.09569868079862655
xgboost_market,market,xgboost_08,87,0.0846442600139488,0.09568160133397961
xgboost_market,market,xgboost_08,88,0.08462988931024745,0.09566752848887723
xgboost_market,market,xgboost_08,89,0.08461447138570669,0.0956245915938421
xgboost_market,market,xgboost_08,90,0.0845957145410491,0.09560708284464803
xgboost_market,market,xgboost_08,91,0.08458099045607712,0.09559675346323332
xgboost_market,market,xgboost_08,92,0.08454789719729539,0.09558704762114946
xgboost_market,market,xgboost_08,93,0.0845191620038157,0.09558469802454597
xgboost_market,market,xgboost_08,94,0.08448690302137529,0.09554843272001398
xgboost_market,market,xgboost_08,95,0.08446844487159585,0.09555384851686244
xgboost_market,market,xgboost_08,96,0.08445021974916547,0.09552178476123634
xgboost_market,market,xgboost_08,97,0.08441944376813613,0.09550130575808057
xgboost_market,market,xgboost_08,98,0.084406425784959,0.09549516825405822
xgboost_market,market,xgboost_08,99,0.08438419009542086,0.09546194961055088
xgboost_market,market,xgboost_08,100,0.0843724047011763,0.09545111455231893
xgboost_market,market,xgboost_08,101,0.08436206752821329,0.09544062475388151
xgboost_market,market,xgboost_08,102,0.08434318152957583,0.09542201086841168
xgboost_market,market,xgboost_08,103,0.08432879443891257,0.09541952193496922
xgboost_market,market,xgboost_08,104,0.08430725037220425,0.0954153835270762
xgboost_market,market,xgboost_08,105,0.08429073741198537,0.09540291892249037
xgboost_market,market,xgboost_08,106,0.08428111230155053,0.09542464840139751
xgboost_market,market,xgboost_08,107,0.0842670723963511,0.09538467168539205
xgboost_market,market,xgboost_08,108,0.08425297981863865,0.09537200301309938
xgboost_market,market,xgboost_08,109,0.08424261297790078,0.09536249434550617
xgboost_market,market,xgboost_08,110,0.08422864705437083,0.09532510917866947
xgboost_market,market,xgboost_08,111,0.08420949244569433,0.09532613399717994
xgboost_market,market,xgboost_08,112,0.08419968436220861,0.0953186299878267
xgboost_market,market,xgboost_08,113,0.08418612898925674,0.09531775838723673
xgboost_market,market,xgboost_08,114,0.08418069172242298,0.09531370332237167
xgboost_market,market,xgboost_08,115,0.08416482017521308,0.09531142690711286
xgboost_market,market,xgboost_08,116,0.08414486229119737,0.09528763871439386
xgboost_market,market,xgboost_08,117,0.08413599808575833,0.09527492691593631
xgboost_market,market,xgboost_08,118,0.08412388219957316,0.09526898717360544
xgboost_market,market,xgboost_08,119,0.0841138882169965,0.09523673247140282
xgboost_market,market,xgboost_08,120,0.08410037556958025,0.09523188632454481
xgboost_market,market,xgboost_08,121,0.08409216121067106,0.09524042748813895
xgboost_market,market,xgboost_08,122,0.08408469572045671,0.09523496193391832
xgboost_market,market,xgboost_08,123,0.08407664429821159,0.09523392367033923
xgboost_market,market,xgboost_08,124,0.08406462072077837,0.09524489126897429
xgboost_market,market,xgboost_08,125,0.08405582114055392,0.09526706805901755
xgboost_market,market,xgboost_08,126,0.08404421236249361,0.09525287761115393
xgboost_market,market,xgboost_08,127,0.08402473809916672,0.095237623224844
xgboost_market,market,xgboost_08,128,0.08401549250625838,0.09523937236948916
xgboost_market,market,xgboost_08,129,0.08400963201619083,0.095236391818452
xgboost_market,market,xgboost_08,130,0.08399437641097843,0.0952401299301376
xgboost_market,market,xgboost_08,131,0.08398317657319916,0.09524279999660662
xgboost_market,market,xgboost_08,132,0.08397080317502431,0.09522751064940752
xgboost_market,market,xgboost_08,133,0.0839553786700231,0.0952198560107567
xgboost_market,market,xgboost_08,134,0.08394219833661169,0.09520366024185833
xgboost_market,market,xgboost_08,135,0.0839366533979614,0.09520985953823717
xgboost_market,market,xgboost_08,136,0.08392936373358874,0.09519029969003752
xgboost_market,market,xgboost_08,137,0.08392445128625169,0.09519609661131238
xgboost_market,market,xgboost_08,138,0.08391114106795226,0.09518735015195433
xgboost_market,market,xgboost_08,139,0.08390523177128838,0.09518997381890221
xgboost_market,market,xgboost_08,140,0.08389873421887278,0.0951865247361385
xgboost_market,market,xgboost_08,141,0.08389251462771488,0.095179857858787
xgboost_market,market,xgboost_08,142,0.08388651012195872,0.09517217262163268
xgboost_market,market,xgboost_08,143,0.08387749228521194,0.09518418854210556
xgboost_market,market,xgboost_08,144,0.08386860994498714,0.09515341150458174
xgboost_market,market,xgboost_08,145,0.08386163639510907,0.09514966082348889
xgboost_market,market,xgboost_08,146,0.08385535423814734,0.09516872414399671
xgboost_market,market,xgboost_08,147,0.08384862042587157,0.0951672062411431
xgboost_market,market,xgboost_08,148,0.08384337523190719,0.09516230665712942
xgboost_market,market,xgboost_08,149,0.08383825777440382,0.09515890626038472
xgboost_market,market,xgboost_08,150,0.08383486637229519,0.09515705348833291
xgboost_market,market,xgboost_08,151,0.08382483799749278,0.09516201008648796
xgboost_market,market,xgboost_08,152,0.0838198361625687,0.09517413167364927
xgboost_market,market,xgboost_08,153,0.08381052510348613,0.09516622298639701
xgboost_market,market,xgboost_08,154,0.08380329422834787,0.09514858921733306
xgboost_market,market,xgboost_08,155,0.08379907326817965,0.09514693387714236
xgboost_market,market,xgboost_08,156,0.08379384100841258,0.09512453375471715
xgboost_market,market,xgboost_08,157,0.08379095149491166,0.09514260182536007
xgboost_market,market,xgboost_08,158,0.08378489261082898,0.0951460329860876
xgboost_market,market,xgboost_08,159,0.08377836546289275,0.09513853678397302
xgboost_market,market,xgboost_08,160,0.08377059829596703,0.09514126956396668
xgboost_market,market,xgboost_08,161,0.08376855577019333,0.09514335362055887
xgboost_market,market,xgboost_08,162,0.08376130816307248,0.09514227373304109
xgboost_market,market,xgboost_08,163,0.0837485551769827,0.09513210410485139
xgboost_market,market,xgboost_08,164,0.08374229543634318,0.09513552073712227
xgboost_market,market,xgboost_08,165,0.08373589744759294,0.09513380808442598
xgboost_market,market,xgboost_08,166,0.08373462072505523,0.0951345118910008
xgboost_market,market,xgboost_08,167,0.08372986513615033,0.0951347617913368
xgboost_market,market,xgboost_08,168,0.08371808580575305,0.09512367641380533
xgboost_market,market,xgboost_08,169,0.08371468750013147,0.09511594594789596
xgboost_market,market,xgboost_08,170,0.08369960192721226,0.09510840912788168
xgboost_market,market,xgboost_08,171,0.08368710603189503,0.09510020797262123
xgboost_market,market,xgboost_08,172,0.08368343949553142,0.09510251800976578
xgboost_market,market,xgboost_08,173,0.08367581150073382,0.09509123419596391
xgboost_market,market,xgboost_08,174,0.08366828304624911,0.09507901982417706
xgboost_market,market,xgboost_08,175,0.08366477673712171,0.09507817301928279
xgboost_market,market,xgboost_08,176,0.08366039969399779,0.0950680035031677
xgboost_market,market,xgboost_08,177,0.08365023604864462,0.09507862796164775
xgboost_market,market,xgboost_08,178,0.08363960051526136,0.09507395247849193
xgboost_market,market,xgboost_08,179,0.08363744823806771,0.09509213279951792
xgboost_market,market,xgboost_08,180,0.0836299217176247,0.09509626171616958
xgboost_market,market,xgboost_08,181,0.08362322705807744,0.09508841564202612
xgboost_market,market,xgboost_08,182,0.08361431184344699,0.09508474617943254
xgboost_market,market,xgboost_08,183,0.08360902254329254,0.09506024744061771
xgboost_market,market,xgboost_08,184,0.08359635708462734,0.095055712242046
xgboost_market,market,xgboost_08,185,0.08358956850494768,0.09506218482738092
xgboost_market,market,xgboost_08,186,0.0835868444460545,0.09506792114474164
xgboost_market,market,xgboost_08,187,0.08358386742736801,0.09508504212263162
xgboost_market,market,xgboost_08,188,0.08358074777169126,0.09510059088898798
xgboost_market,market,xgboost_08,189,0.08357420006639153,0.09509971938542906
xgboost_market,market,xgboost_08,190,0.08357111623502458,0.09510161963374582
xgboost_market,market,xgboost_08,191,0.08356932636762883,0.09510046763510828
xgboost_market,market,xgboost_08,192,0.08356239505333599,0.09510553493378224
xgboost_market,market,xgboost_08,193,0.08355773884202905,0.09511234726468977
xgboost_market,market,xgboost_08,194,0.08355206985835298,0.09510477497192872
xgboost_market,market,xgboost_08,195,0.08354862547768158,0.09510937681440944
xgboost_market,market,xgboost_08,196,0.08354499612268898,0.09512037205084735
xgboost_market,market,xgboost_08,197,0.08354300901617198,0.09512499403880441
xgboost_market,market,xgboost_08,198,0.08354117417977872,0.09512326813961466
xgboost_market,market,xgboost_08,199,0.08353613529631584,0.09511660936310223
xgboost_market,market,xgboost_08,200,0.08353383114617097,0.09511980206551057
xgboost_market,market,xgboost_08,201,0.08352958065106009,0.09512237691581109
xgboost_market,market,xgboost_08,202,0.08352644629262784,0.09512774635613795
xgboost_market,market,xgboost_08,203,0.08352515077707175,0.09513205425032281
xgboost_market,market,xgboost_08,204,0.0835162170784218,0.09512456992172484
xgboost_market,market,xgboost_08,205,0.08351408683707967,0.09512178056711286
xgboost_market,market,xgboost_08,206,0.08350450144049461,0.09512167932398728
xgboost_market,market,xgboost_08,207,0.0835008145979871,0.09512561302156215
xgboost_market,market,xgboost_08,208,0.0834932381674835,0.09512221919346853
xgboost_market,market,xgboost_08,209,0.08348963742919409,0.09510132452521435
xgboost_market,market,xgboost_08,210,0.08348948912047335,0.09510321458326501
xgboost_market,market,xgboost_08,211,0.0834868227741936,0.09510146974308772
xgboost_market,market,xgboost_08,212,0.08348085234973832,0.09508831826585117
xgboost_market,market,xgboost_08,213,0.08347370384576376,0.09508482569537537
xgboost_market,market,xgboost_08,214,0.08346651013544513,0.09508052474054032
xgboost_market,market,xgboost_09,1,0.1112852702685951,0.13203132459922656
xgboost_market,market,xgboost_09,2,0.10926513346111694,0.12907395788291282
xgboost_market,market,xgboost_09,3,0.10746649836415542,0.12647385314896228
xgboost_market,market,xgboost_09,4,0.10581368953826174,0.12410149821500861
xgboost_market,market,xgboost_09,5,0.10422651057018836,0.12185946229465686
xgboost_market,market,xgboost_09,6,0.1027661629070581,0.11973090860945032
xgboost_market,market,xgboost_09,7,0.10142190813805911,0.11780417325477338
xgboost_market,market,xgboost_09,8,0.10018722260009925,0.1160544376807288
xgboost_market,market,xgboost_09,9,0.09910664023965357,0.11444450660598304
xgboost_market,market,xgboost_09,10,0.09809869342236882,0.11294420411679149
xgboost_market,market,xgboost_09,11,0.09711408833072678,0.1115825482822031
xgboost_market,market,xgboost_09,12,0.09625606533221527,0.11033351581655508
xgboost_market,market,xgboost_09,13,0.09545196185547963,0.10922671706467237
xgboost_market,market,xgboost_09,14,0.09466460418268212,0.1082097447008047
xgboost_market,market,xgboost_09,15,0.0939454718783379,0.10723412106547499
xgboost_market,market,xgboost_09,16,0.09327675414075422,0.10631257558269318
xgboost_market,market,xgboost_09,17,0.09268482346947311,0.10552303705914559
xgboost_market,market,xgboost_09,18,0.09216290257452914,0.10482842489743051
xgboost_market,market,xgboost_09,19,0.09165942290159444,0.10416683398045751
xgboost_market,market,xgboost_09,20,0.09115274021424466,0.1034927669730048
xgboost_market,market,xgboost_09,21,0.0907142289391115,0.10291650125109736
xgboost_market,market,xgboost_09,22,0.09030338734498614,0.10234757615028929
xgboost_market,market,xgboost_09,23,0.08991800957635096,0.10183731107943102
xgboost_market,market,xgboost_09,24,0.08957139594732082,0.1014189034670808
xgboost_market,market,xgboost_09,25,0.08923992865475092,0.10101312069531476
xgboost_market,market,xgboost_09,26,0.08890851447754831,0.10057692960426683
xgboost_market,market,xgboost_09,27,0.08860834862616256,0.10021782781603335
xgboost_market,market,xgboost_09,28,0.08832729613270424,0.09987948099114899
xgboost_market,market,xgboost_09,29,0.08807799667736292,0.09955964500275322
xgboost_market,market,xgboost_09,30,0.08782453372559453,0.09927846743680235
xgboost_market,market,xgboost_09,31,0.08760533294189013,0.09903596937849461
xgboost_market,market,xgboost_09,32,0.08739353375454506,0.09875166476455334
xgboost_market,market,xgboost_09,33,0.08718474728774628,0.09853164124057982
xgboost_market,market,xgboost_09,34,0.08700104684272951,0.09836393523046656
xgboost_market,market,xgboost_09,35,0.08682192475177353,0.09813369689768774
xgboost_market,market,xgboost_09,36,0.08666539621280227,0.09796768044136482
xgboost_market,market,xgboost_09,37,0.08651022891526726,0.09777328511555866
xgboost_market,market,xgboost_09,38,0.08636485648880728,0.09759242502930612
xgboost_market,market,xgboost_09,39,0.08623384204575511,0.09740169108769449
xgboost_market,market,xgboost_09,40,0.08609995390631558,0.09724601826870352
xgboost_market,market,xgboost_09,41,0.08598906197052701,0.09714014752874413
xgboost_market,market,xgboost_09,42,0.08588250678116387,0.09703586996604559
xgboost_market,market,xgboost_09,43,0.08578250472709077,0.09688373747410729
xgboost_market,market,xgboost_09,44,0.0856782906181142,0.09678707454242749
xgboost_market,market,xgboost_09,45,0.08558578686203437,0.09670826304979248
xgboost_market,market,xgboost_09,46,0.08548872303115783,0.09660840119656564
xgboost_market,market,xgboost_09,47,0.08540190281462375,0.09653570952686472
xgboost_market,market,xgboost_09,48,0.08531012016308118,0.0964377445736312
xgboost_market,market,xgboost_09,49,0.0852336382765105,0.09636903907725108
xgboost_market,market,xgboost_09,50,0.08515525124952954,0.09629253360475036
xgboost_market,market,xgboost_09,51,0.08508385967373065,0.0962110921014178
xgboost_market,market,xgboost_09,52,0.08500481839629362,0.0961468555960894
xgboost_market,market,xgboost_09,53,0.08493843496964305,0.096046286771872
xgboost_market,market,xgboost_09,54,0.08487793431940892,0.09600933086739316
xgboost_market,market,xgboost_09,55,0.08481478591690585,0.09595408358709326
xgboost_market,market,xgboost_09,56,0.084751388999884,0.09591407958016468
xgboost_market,market,xgboost_09,57,0.08469642352940641,0.09587617664034923
xgboost_market,market,xgboost_09,58,0.08464663349227246,0.0958612816211958
xgboost_market,market,xgboost_09,59,0.08459486476414652,0.09582484297934248
xgboost_market,market,xgboost_09,60,0.08454023417776925,0.09576156603011705
xgboost_market,market,xgboost_09,61,0.0844941818204408,0.09571713209766501
xgboost_market,market,xgboost_09,62,0.08444836649131686,0.09567971649792946
xgboost_market,market,xgboost_09,63,0.08440874911428058,0.09563361963279508
xgboost_market,market,xgboost_09,64,0.08438071040921956,0.09561924336482878
xgboost_market,market,xgboost_09,65,0.084335482919716,0.09560652627767753
xgboost_market,market,xgboost_09,66,0.08429134921346404,0.09557891229330803
xgboost_market,market,xgboost_09,67,0.08426324432802247,0.09555150829579018
xgboost_market,market,xgboost_09,68,0.08422670459262523,0.09550905323150218
xgboost_market,market,xgboost_09,69,0.08419839410787913,0.09549481819849774
xgboost_market,market,xgboost_09,70,0.08416156529575071,0.09545938281132028
xgboost_market,market,xgboost_09,71,0.08413558710902781,0.09545358828585988
xgboost_market,market,xgboost_09,72,0.08410481535596868,0.09545000988703238
xgboost_market,market,xgboost_09,73,0.0840778879695149,0.09543467642004035
xgboost_market,market,xgboost_09,74,0.08405614849760636,0.09541472548769098
xgboost_market,market,xgboost_09,75,0.08403456478954323,0.09542592348580281
xgboost_market,market,xgboost_09,76,0.08401111845537998,0.09543466506790892
xgboost_market,market,xgboost_09,77,0.08398882506273794,0.09544951072633909
xgboost_market,market,xgboost_09,78,0.08396728993638328,0.09544766601350578
xgboost_market,market,xgboost_09,79,0.08394581914162204,0.09544246901603443
xgboost_market,market,xgboost_09,80,0.08393100973362616,0.09544088624992948
xgboost_market,market,xgboost_09,81,0.08390893659715173,0.09543961854389561
xgboost_market,market,xgboost_09,82,0.08388867105157251,0.09539888492439517
xgboost_market,market,xgboost_09,83,0.08386941674576646,0.09541289943302604
xgboost_market,market,xgboost_09,84,0.08384646882210771,0.09539445182856392
xgboost_market,market,xgboost_09,85,0.08382515317180983,0.09536678943422501
xgboost_market,market,xgboost_09,86,0.08380972330816973,0.09537254051735475
xgboost_market,market,xgboost_09,87,0.0837946964512677,0.09536317969098344
xgboost_market,market,xgboost_09,88,0.08377392822396959,0.09536184934965151
xgboost_market,market,xgboost_09,89,0.08374648549256043,0.09537084864885986
xgboost_market,market,xgboost_09,90,0.08372523777723796,0.09535183511794251
xgboost_market,market,xgboost_09,91,0.08370891905083429,0.09535653253914185
xgboost_market,market,xgboost_09,92,0.08369370795322761,0.09534693554119991
xgboost_market,market,xgboost_09,93,0.08367997388364545,0.09534455126953516
xgboost_market,market,xgboost_09,94,0.08366052109787758,0.09535723216698799
xgboost_market,market,xgboost_09,95,0.08363584143304001,0.095363955723636
xgboost_market,market,xgboost_09,96,0.08362131036421457,0.09536941534316681
xgboost_market,market,xgboost_09,97,0.08360846324478076,0.0953666988429525
xgboost_market,market,xgboost_09,98,0.08359334894357211,0.09534497432403696
xgboost_market,market,xgboost_09,99,0.08358360062491825,0.09536259398586433
xgboost_market,market,xgboost_09,100,0.08356846929678173,0.09537940077282571
xgboost_market,market,xgboost_09,101,0.08355924898412291,0.09537479008459832
xgboost_market,market,xgboost_09,102,0.08354743209693963,0.09537220144260017
xgboost_market,market,xgboost_09,103,0.08353349649661848,0.09537158608747485
xgboost_market,market,xgboost_09,104,0.08351361374263584,0.09538786137758129
xgboost_market,market,xgboost_09,105,0.08350294742949702,0.09539201974140164
xgboost_market,market,xgboost_09,106,0.08348865333218014,0.09538376624139971
xgboost_market,market,xgboost_09,107,0.08348008817747354,0.09538839413358335
xgboost_market,market,xgboost_09,108,0.08347185230043944,0.09538764122227673
xgboost_market,market,xgboost_09,109,0.08346688749939869,0.09538916563937386
xgboost_market,market,xgboost_09,110,0.08345946130455549,0.09538736119906488
xgboost_market,market,xgboost_09,111,0.0834480241169938,0.0954041344912587
xgboost_market,market,xgboost_09,112,0.08343320510364063,0.09543512256442196
xgboost_market,market,xgboost_09,113,0.08342350270698164,0.09541744062759014
xgboost_market,market,xgboost_09,114,0.0834107924891601,0.09541117329602247
xgboost_market,market,xgboost_09,115,0.08340490609645163,0.09541504818162352
xgboost_market,market,xgboost_09,116,0.0833910901258848,0.09540859982095531
xgboost_market,market,xgboost_09,117,0.08338341623446108,0.09538584603564602
xgboost_market,market,xgboost_09,118,0.08336188840933353,0.09536448709061476
xgboost_market,market,xgboost_09,119,0.08334853107989912,0.09538023019900756
xgboost_market,market,xgboost_09,120,0.08334067249751351,0.09539602448313081
xgboost_market,market,xgboost_09,121,0.08333419058327621,0.09541011667213778
xgboost_market,market,xgboost_09,122,0.08332434189806545,0.09537718278906365
xgboost_market,market,xgboost_09,123,0.08331594728853361,0.09538234386273177
xgboost_market,market,xgboost_10,1,0.11119490908826345,0.13161115022018896
xgboost_market,market,xgboost_10,2,0.1092599347670006,0.12913652342091156
xgboost_market,market,xgboost_10,3,0.10749209628529043,0.12660090088656756
xgboost_market,market,xgboost_10,4,0.10576377863083382,0.12406797763995694
xgboost_market,market,xgboost_10,5,0.10425445572364057,0.12185324783774056
xgboost_market,market,xgboost_10,6,0.10282635752387118,0.11978914470723113
xgboost_market,market,xgboost_10,7,0.10154235379991298,0.11795946305322084
xgboost_market,market,xgboost_10,8,0.10035960219710854,0.11628839275905624
xgboost_market,market,xgboost_10,9,0.09921683756737859,0.11467557564164166
xgboost_market,market,xgboost_10,10,0.09814183105988628,0.11313393014723977
xgboost_market,market,xgboost_10,11,0.09722564851554172,0.11172841894112528
xgboost_market,market,xgboost_10,12,0.0962996509519685,0.11042644756549395
xgboost_market,market,xgboost_10,13,0.09546988579042683,0.10928175368065837
xgboost_market,market,xgboost_10,14,0.09469280176896237,0.10822726985990504
xgboost_market,market,xgboost_10,15,0.09396927994438535,0.10720158499002513
xgboost_market,market,xgboost_10,16,0.09329805586931023,0.10628349008709333
xgboost_market,market,xgboost_10,17,0.09269918949503729,0.10547605774036037
xgboost_market,market,xgboost_10,18,0.09216191671467476,0.10475333413714186
xgboost_market,market,xgboost_10,19,0.09162600053769568,0.1040144411879339
xgboost_market,market,xgboost_10,20,0.09116084595131922,0.10336660505216662
xgboost_market,market,xgboost_10,21,0.09069743190858735,0.10280305847800393
xgboost_market,market,xgboost_10,22,0.09027748287908326,0.10224187568678543
xgboost_market,market,xgboost_10,23,0.08997381062880151,0.10181366860879584
xgboost_market,market,xgboost_10,24,0.08962168855293225,0.10133071034531932
xgboost_market,market,xgboost_10,25,0.0892672578568466,0.1008811836771648
xgboost_market,market,xgboost_10,26,0.08896026682644634,0.10048711101082877
xgboost_market,market,xgboost_10,27,0.08865293927302989,0.10014244296954941
xgboost_market,market,xgboost_10,28,0.0883668183658305,0.09976366705586237
xgboost_market,market,xgboost_10,29,0.08811273413094006,0.09944020591408961
xgboost_market,market,xgboost_10,30,0.08786553918625357,0.09913075306732495
xgboost_market,market,xgboost_10,31,0.08763568149985278,0.09886185765097931
xgboost_market,market,xgboost_10,32,0.08742286442679087,0.0985737407997728
xgboost_market,market,xgboost_10,33,0.08722628041675257,0.09835278676883707
xgboost_market,market,xgboost_10,34,0.08703694862781318,0.09811924079172077
xgboost_market,market,xgboost_10,35,0.08686784447506282,0.09792314584120387
xgboost_market,market,xgboost_10,36,0.08671311399996257,0.09773031475308513
xgboost_market,market,xgboost_10,37,0.0865613446710333,0.09752221205150804
xgboost_market,market,xgboost_10,38,0.08641390854003782,0.09732107487757263
xgboost_market,market,xgboost_10,39,0.08628101204313746,0.09713213012584716
xgboost_market,market,xgboost_10,40,0.08615418264906412,0.09697711836210185
xgboost_market,market,xgboost_10,41,0.0860332311837239,0.09687067761737439
xgboost_market,market,xgboost_10,42,0.08591843617060922,0.09670222600650452
xgboost_market,market,xgboost_10,43,0.08581161403040584,0.09658855741282205
xgboost_market,market,xgboost_10,44,0.08571485336342569,0.09648572973960148
xgboost_market,market,xgboost_10,45,0.0856075987760047,0.09638291010591742
xgboost_market,market,xgboost_10,46,0.08551704583210348,0.09627490213986044
xgboost_market,market,xgboost_10,47,0.0854333581029454,0.0962085403712096
xgboost_market,market,xgboost_10,48,0.08535357849581811,0.09612077884531499
xgboost_market,market,xgboost_10,49,0.08527500807477982,0.09603742119749746
xgboost_market,market,xgboost_10,50,0.08520253465040492,0.0959678791624592
xgboost_market,market,xgboost_10,51,0.08512440656948383,0.09588264162366492
xgboost_market,market,xgboost_10,52,0.08505900626572431,0.09580487348673333
xgboost_market,market,xgboost_10,53,0.08499384130924306,0.09577341804746978
xgboost_market,market,xgboost_10,54,0.08492175341875462,0.0957629689724878
xgboost_market,market,xgboost_10,55,0.0848617947971304,0.09576950362510052
xgboost_market,market,xgboost_10,56,0.0847996371453189,0.09570514789105128
xgboost_market,market,xgboost_10,57,0.0847464966241731,0.09564837903087225
xgboost_market,market,xgboost_10,58,0.08469250548907721,0.09559905785853628
xgboost_market,market,xgboost_10,59,0.08463931448417052,0.09554871358516452
xgboost_market,market,xgboost_10,60,0.08458662557500429,0.09551223054822087
xgboost_market,market,xgboost_10,61,0.08454173829221817,0.09548127842756901
xgboost_market,market,xgboost_10,62,0.08449681070048556,0.09541147184689969
xgboost_market,market,xgboost_10,63,0.08444776934191643,0.09539426449708353
xgboost_market,market,xgboost_10,64,0.0844024556106379,0.09534641052223315
xgboost_market,market,xgboost_10,65,0.08436355049646144,0.0953412793590758
xgboost_market,market,xgboost_10,66,0.08432215041708396,0.09531455607035509
xgboost_market,market,xgboost_10,67,0.08429232079632412,0.09530762017792677
xgboost_market,market,xgboost_10,68,0.08424895738260935,0.09531282797154415
xgboost_market,market,xgboost_10,69,0.08420859179929382,0.09531706250461362
xgboost_market,market,xgboost_10,70,0.08418276589425053,0.09529658852626219
xgboost_market,market,xgboost_10,71,0.08415454167854401,0.09527116266328343
xgboost_market,market,xgboost_10,72,0.08412859279742209,0.09525565664349245
xgboost_market,market,xgboost_10,73,0.08410261107436527,0.09526665200153259
xgboost_market,market,xgboost_10,74,0.0840720398920962,0.0952631005398535
xgboost_market,market,xgboost_10,75,0.08405019701167096,0.09524365152543375
xgboost_market,market,xgboost_10,76,0.0840239452358079,0.0952348448480292
xgboost_market,market,xgboost_10,77,0.08400253350738096,0.09521614599645514
xgboost_market,market,xgboost_10,78,0.08397985010485258,0.09521189010050812
xgboost_market,market,xgboost_10,79,0.0839499629989853,0.09521680050185417
xgboost_market,market,xgboost_10,80,0.08392583933213733,0.09521645263362932
xgboost_market,market,xgboost_10,81,0.08390638685275023,0.09521144804246258
xgboost_market,market,xgboost_10,82,0.0838913419268165,0.09519423981472852
xgboost_market,market,xgboost_10,83,0.0838731550105272,0.09519739527326002
xgboost_market,market,xgboost_10,84,0.08385272291057745,0.0951747974065688
xgboost_market,market,xgboost_10,85,0.08383748587960452,0.09517774901389554
xgboost_market,market,xgboost_10,86,0.08382420063102097,0.09519711599232315
xgboost_market,market,xgboost_10,87,0.08379900908813652,0.09519448470016387
xgboost_market,market,xgboost_10,88,0.0837751407936686,0.0951957160109038
xgboost_market,market,xgboost_10,89,0.08376008892862145,0.09518702722459566
xgboost_market,market,xgboost_10,90,0.08374652441871586,0.09518271433205809
xgboost_market,market,xgboost_10,91,0.08373198545146006,0.0951889516399121
xgboost_market,market,xgboost_10,92,0.08371730444047501,0.09519715725496533
xgboost_market,market,xgboost_10,93,0.08370162006124365,0.09520186176908431
xgboost_market,market,xgboost_10,94,0.08369023204224155,0.09519246302526016
xgboost_market,market,xgboost_10,95,0.08367292510575025,0.09519124822509306
xgboost_market,market,xgboost_10,96,0.08365874298896067,0.09518220946521193
xgboost_market,market,xgboost_10,97,0.08364278680440468,0.09517868559106508
xgboost_market,market,xgboost_10,98,0.08363498888721492,0.09517041785583083
xgboost_market,market,xgboost_10,99,0.08361777191080723,0.09515605884334499
xgboost_market,market,xgboost_10,100,0.08360778130675478,0.09515898582070609
xgboost_market,market,xgboost_10,101,0.08359579752517582,0.09516041443104907
xgboost_market,market,xgboost_10,102,0.0835771060355275,0.09512046408617757
xgboost_market,market,xgboost_10,103,0.08356414381918566,0.09513121809715626
xgboost_market,market,xgboost_10,104,0.0835479335080556,0.0951280869281042
xgboost_market,market,xgboost_10,105,0.08353405382410378,0.09510839056273275
xgboost_market,market,xgboost_10,106,0.0835229533037357,0.09510645352974424
xgboost_market,market,xgboost_10,107,0.08351187601494972,0.09508888548016167
xgboost_market,market,xgboost_10,108,0.0835034844372964,0.0950826550201424
xgboost_market,market,xgboost_10,109,0.08349200851376949,0.09509028793800398
xgboost_market,market,xgboost_10,110,0.0834844532342515,0.09508542219150061
xgboost_market,market,xgboost_10,111,0.08347165094448285,0.09506509759671347
xgboost_market,market,xgboost_10,112,0.08346022195896367,0.09508630377036764
xgboost_market,market,xgboost_10,113,0.08344673378225478,0.0950804803420652
xgboost_market,market,xgboost_10,114,0.08344016986411347,0.09507962020793782
xgboost_market,market,xgboost_10,115,0.08343102565852967,0.09507155361305634
xgboost_market,market,xgboost_10,116,0.08342079409363899,0.09508029184094696
xgboost_market,market,xgboost_10,117,0.08341307160696478,0.0950869807622738
xgboost_market,market,xgboost_10,118,0.0834044347281343,0.09508147923636122
xgboost_market,market,xgboost_10,119,0.0833988119730445,0.09508558266042363
xgboost_market,market,xgboost_10,120,0.08339093252811837,0.09507589167612533
xgboost_market,market,xgboost_10,121,0.08338050500656617,0.09507423096537883
xgboost_market,market,xgboost_10,122,0.08336555494738238,0.0950682867815582
xgboost_market,market,xgboost_10,123,0.0833576692136007,0.09508807044616677
xgboost_market,market,xgboost_10,124,0.08335125472251051,0.09509204153140997
xgboost_market,market,xgboost_10,125,0.08334183531192219,0.0950956059459821
xgboost_market,market,xgboost_10,126,0.08333606864195661,0.09510212765472793
xgboost_market,market,xgboost_10,127,0.08332893375105606,0.09511111944255457
xgboost_market,market,xgboost_10,128,0.08331601007028758,0.09511083697488734
xgboost_market,market,xgboost_10,129,0.08330869075944616,0.09512090827903158
xgboost_market,market,xgboost_10,130,0.0833021765773655,0.09511769855206162
xgboost_market,market,xgboost_10,131,0.08329874473675836,0.09511733072590364
xgboost_market,market,xgboost_10,132,0.08328358621410197,0.09509919991566056
xgboost_market,market,xgboost_10,133,0.08327115172770852,0.09509426536260912
xgboost_market,market,xgboost_10,134,0.08326311722658293,0.09508976771279734
xgboost_market,market,xgboost_10,135,0.08325576827246267,0.09506909466596933
xgboost_market,market,xgboost_10,136,0.08324777121485157,0.09508409327316539
xgboost_market,market,xgboost_10,137,0.08323837347219304,0.0950878738349326
xgboost_market,market,xgboost_10,138,0.08323499625715965,0.09508229009588978
xgboost_market,market,xgboost_10,139,0.0832298030090433,0.09508252722949696
xgboost_market,market,xgboost_10,140,0.08322082792753431,0.09507874389544986
xgboost_market,market,xgboost_10,141,0.08321387474967458,0.09508901327055638
xgboost_market,market,xgboost_11,1,0.1112852702685951,0.13203132459922656
xgboost_market,market,xgboost_11,2,0.10926513346111694,0.12907395788291282
xgboost_market,market,xgboost_11,3,0.10746649836415542,0.12647385314896228
xgboost_market,market,xgboost_11,4,0.10581368953826174,0.12410149821500861
xgboost_market,market,xgboost_11,5,0.10422651057018836,0.12185946229465686
xgboost_market,market,xgboost_11,6,0.1027661629070581,0.11973090860945032
xgboost_market,market,xgboost_11,7,0.10142190813805911,0.11780417325477338
xgboost_market,market,xgboost_11,8,0.10018722260009925,0.1160544376807288
xgboost_market,market,xgboost_11,9,0.09910664023965357,0.11444450660598304
xgboost_market,market,xgboost_11,10,0.09809869342236882,0.11294420411679149
xgboost_market,market,xgboost_11,11,0.09711408833072678,0.1115825482822031
xgboost_market,market,xgboost_11,12,0.09625606533221527,0.11033351581655508
xgboost_market,market,xgboost_11,13,0.09545196185547963,0.10922671706467237
xgboost_market,market,xgboost_11,14,0.09466460418268212,0.1082097447008047
xgboost_market,market,xgboost_11,15,0.0939454718783379,0.10723412106547499
xgboost_market,market,xgboost_11,16,0.09327675414075422,0.10631257558269318
xgboost_market,market,xgboost_11,17,0.09268482346947311,0.10552303705914559
xgboost_market,market,xgboost_11,18,0.09216290257452914,0.10482842489743051
xgboost_market,market,xgboost_11,19,0.09165942290159444,0.10416683398045751
xgboost_market,market,xgboost_11,20,0.09115274021424466,0.1034927669730048
xgboost_market,market,xgboost_11,21,0.0907142289391115,0.10291650125109736
xgboost_market,market,xgboost_11,22,0.09030338734498614,0.10234757615028929
xgboost_market,market,xgboost_11,23,0.08991800957635096,0.10183731107943102
xgboost_market,market,xgboost_11,24,0.08957139594732082,0.1014189034670808
xgboost_market,market,xgboost_11,25,0.08923992865475092,0.10101312069531476
xgboost_market,market,xgboost_11,26,0.08890851447754831,0.10057692960426683
xgboost_market,market,xgboost_11,27,0.08860834862616256,0.10021782781603335
xgboost_market,market,xgboost_11,28,0.08832729613270424,0.09987948099114899
xgboost_market,market,xgboost_11,29,0.08807799667736292,0.09955964500275322
xgboost_market,market,xgboost_11,30,0.08782453372559453,0.09927846743680235
xgboost_market,market,xgboost_11,31,0.08760533294189013,0.09903596937849461
xgboost_market,market,xgboost_11,32,0.08739353375454506,0.09875166476455334
xgboost_market,market,xgboost_11,33,0.08718474728774628,0.09853164124057982
xgboost_market,market,xgboost_11,34,0.08700104684272951,0.09836393523046656
xgboost_market,market,xgboost_11,35,0.08682192475177353,0.09813369689768774
xgboost_market,market,xgboost_11,36,0.08666539621280227,0.09796768044136482
xgboost_market,market,xgboost_11,37,0.08651022891526726,0.09777328511555866
xgboost_market,market,xgboost_11,38,0.08636485648880728,0.09759242502930612
xgboost_market,market,xgboost_11,39,0.08623384204575511,0.09740169108769449
xgboost_market,market,xgboost_11,40,0.08609995390631558,0.09724601826870352
xgboost_market,market,xgboost_11,41,0.08598906197052701,0.09714014752874413
xgboost_market,market,xgboost_11,42,0.08588250678116387,0.09703586996604559
xgboost_market,market,xgboost_11,43,0.08578250472709077,0.09688373747410729
xgboost_market,market,xgboost_11,44,0.0856782906181142,0.09678707454242749
xgboost_market,market,xgboost_11,45,0.08558588688149416,0.09670848158377587
xgboost_market,market,xgboost_11,46,0.08548883423825503,0.09660862136152314
xgboost_market,market,xgboost_11,47,0.08540203618501796,0.09653592799039404
xgboost_market,market,xgboost_11,48,0.08531026257774149,0.09643795998582233
xgboost_market,market,xgboost_11,49,0.08523380789890168,0.09636925406521343
xgboost_market,market,xgboost_11,50,0.0851554355175289,0.09629275125041073
xgboost_market,market,xgboost_11,51,0.08508405661688345,0.09621131357040243
xgboost_market,market,xgboost_11,52,0.08500500699485153,0.09614707435798293
xgboost_market,market,xgboost_11,53,0.08493861654843728,0.09604650324664088
xgboost_market,market,xgboost_11,54,0.08487809572967628,0.09600955430934248
xgboost_market,market,xgboost_11,55,0.08481493446923252,0.09595430902131317
xgboost_market,market,xgboost_11,56,0.08475152213687392,0.09591430377579703
xgboost_market,market,xgboost_11,57,0.08469654776946743,0.09587639800102012
xgboost_market,market,xgboost_11,58,0.08464674967765826,0.09586149904822289
xgboost_market,market,xgboost_11,59,0.08459497448661663,0.09582506179840158
xgboost_market,market,xgboost_11,60,0.08454033420661818,0.09576177838771055
xgboost_market,market,xgboost_11,61,0.08449428150165093,0.09571734038797762
xgboost_market,market,xgboost_11,62,0.08444720650932772,0.09568728651672899
xgboost_market,market,xgboost_11,63,0.084406295171149,0.09564447787104292
xgboost_market,market,xgboost_11,64,0.08436957037295599,0.09563164544481217
xgboost_market,market,xgboost_11,65,0.08432565827472673,0.09562007794343462
xgboost_market,market,xgboost_11,66,0.08428328633725506,0.09559684708979753
xgboost_market,market,xgboost_11,67,0.08425522538045258,0.09557189275622809
xgboost_market,market,xgboost_11,68,0.08421894848474788,0.09552983014956809
xgboost_market,market,xgboost_11,69,0.08418419484384834,0.09550412467406702
xgboost_market,market,xgboost_11,70,0.08415092989300282,0.09546285795983339
xgboost_market,market,xgboost_11,71,0.08412588651168244,0.09545103122195263
xgboost_market,market,xgboost_11,72,0.0840943052839865,0.09544580825977454
xgboost_market,market,xgboost_11,73,0.0840703701967677,0.0954458896258262
xgboost_market,market,xgboost_11,74,0.08404770137484577,0.09543298642760448
xgboost_market,market,xgboost_11,75,0.08402638665067184,0.095444799367018
xgboost_market,market,xgboost_11,76,0.08400285725286599,0.0954529728215433
xgboost_market,market,xgboost_11,77,0.08398033319767331,0.09546788731297316
xgboost_market,market,xgboost_11,78,0.08395450543114347,0.09546612179465165
xgboost_market,market,xgboost_11,79,0.08393734014837115,0.09546164374360769
xgboost_market,market,xgboost_11,80,0.08392255646083083,0.09546020322590003
xgboost_market,market,xgboost_11,81,0.08390027205434457,0.09545723561358987
xgboost_market,market,xgboost_11,82,0.08387983609792746,0.09541341983048159
xgboost_market,market,xgboost_11,83,0.08386001642873916,0.09542727779957087
xgboost_market,market,xgboost_11,84,0.0838397146755808,0.0954220451826779
xgboost_market,market,xgboost_11,85,0.08381718643987517,0.09540141071622289
xgboost_market,market,xgboost_11,86,0.08380469316358528,0.09539317779307178
xgboost_market,market,xgboost_11,87,0.08379172388119613,0.09538365340469335
xgboost_market,market,xgboost_11,88,0.0837700162942528,0.09537889766344505
xgboost_market,market,xgboost_11,89,0.08374198431506348,0.09537500133435797
xgboost_market,market,xgboost_11,90,0.08372149696636616,0.09535898571965098
xgboost_market,market,xgboost_11,91,0.08370608625373535,0.09536298559265288
xgboost_market,market,xgboost_11,92,0.08368909226693767,0.0953552128514181
xgboost_market,market,xgboost_11,93,0.08367813825254605,0.09535009196615565
xgboost_market,market,xgboost_11,94,0.08365857797681599,0.09536317768091127
xgboost_market,market,xgboost_11,95,0.08363441031036874,0.09537026804664632
xgboost_market,market,xgboost_11,96,0.08362571554606842,0.09537005840316425
xgboost_market,market,xgboost_11,97,0.083608112675406,0.09536950950290035
xgboost_market,market,xgboost_11,98,0.08359307829350243,0.09534829313835327
xgboost_market,market,xgboost_11,99,0.083584076599269,0.09535517829720687
xgboost_market,market,xgboost_11,100,0.0835676136983739,0.09538089475577036
xgboost_market,market,xgboost_11,101,0.08355851795174764,0.095375435661511
xgboost_market,market,xgboost_11,102,0.08354402903135698,0.09537736755022412
xgboost_market,market,xgboost_11,103,0.08353041896641525,0.09537658152049003
xgboost_market,market,xgboost_11,104,0.08350930561345526,0.09539109196321835
xgboost_market,market,xgboost_11,105,0.08349888543134878,0.09539858685064996
xgboost_market,market,xgboost_11,106,0.08348632636240151,0.09540080219025322
xgboost_market,market,xgboost_11,107,0.08347624605231384,0.09540655377884703
xgboost_market,market,xgboost_11,108,0.08346326748927503,0.0953744949708016
xgboost_market,market,xgboost_11,109,0.08345783384797201,0.09537156277833496
xgboost_market,market,xgboost_11,110,0.08344825712842346,0.09537867055738264
xgboost_market,market,xgboost_11,111,0.08344358002586692,0.0953963679390755
xgboost_market,market,xgboost_11,112,0.08342737824380421,0.09540181749232433
xgboost_market,market,xgboost_11,113,0.08341784006687089,0.095398480809878
xgboost_market,market,xgboost_11,114,0.08340487112375457,0.095391638150123
xgboost_market,market,xgboost_11,115,0.08339911734955706,0.09539549382608337
xgboost_market,market,xgboost_11,116,0.08338528829962243,0.09538808926239936
xgboost_market,market,xgboost_11,117,0.08337525036616766,0.09539749266785091
xgboost_market,market,xgboost_11,118,0.08335693660246624,0.09539302362514959
xgboost_market,market,xgboost_11,119,0.0833447156560287,0.09539953736180427
xgboost_market,market,xgboost_11,120,0.08333592548733003,0.09541735180368681
xgboost_market,market,xgboost_11,121,0.08332879980109334,0.09544313738696997
xgboost_market,market,xgboost_11,122,0.08331419195663822,0.09545594553349958
xgboost_market,market,xgboost_11,123,0.08330633588837441,0.0954622334771451
xgboost_market,market,xgboost_11,124,0.08329135868697306,0.09542897037899996
xgboost_market,market,xgboost_11,125,0.08328245973814855,0.09541006907953586
xgboost_market,market,xgboost_11,126,0.0832732630571634,0.09541279353617094
xgboost_market,market,xgboost_11,127,0.08326703713173904,0.09540991119885969
xgboost_market,market,xgboost_11,128,0.08326393528267968,0.09538597580038441
xgboost_market,market,xgboost_12,1,0.11119490908826345,0.13161115022018896
xgboost_market,market,xgboost_12,2,0.1092599347670006,0.12913652342091156
xgboost_market,market,xgboost_12,3,0.10749209628529043,0.12660090088656756
xgboost_market,market,xgboost_12,4,0.10576377863083382,0.12406797763995694
xgboost_market,market,xgboost_12,5,0.10425445572364057,0.12185324783774056
xgboost_market,market,xgboost_12,6,0.10282635752387118,0.11978914470723113
xgboost_market,market,xgboost_12,7,0.10154235379991298,0.11795946305322084
xgboost_market,market,xgboost_12,8,0.10035960219710854,0.11628839275905624
xgboost_market,market,xgboost_12,9,0.09921683756737859,0.11467557564164166
xgboost_market,market,xgboost_12,10,0.09814183105988628,0.11313393014723977
xgboost_market,market,xgboost_12,11,0.09722564851554172,0.11172841894112528
xgboost_market,market,xgboost_12,12,0.0962996509519685,0.11042644756549395
xgboost_market,market,xgboost_12,13,0.09546988579042683,0.10928175368065837
xgboost_market,market,xgboost_12,14,0.09469280176896237,0.10822726985990504
xgboost_market,market,xgboost_12,15,0.09396927994438535,0.10720158499002513
xgboost_market,market,xgboost_12,16,0.09329805586931023,0.10628349008709333
xgboost_market,market,xgboost_12,17,0.09269918949503729,0.10547605774036037
xgboost_market,market,xgboost_12,18,0.09216191671467476,0.10475333413714186
xgboost_market,market,xgboost_12,19,0.09162600053769568,0.1040144411879339
xgboost_market,market,xgboost_12,20,0.09116084595131922,0.10336660505216662
xgboost_market,market,xgboost_12,21,0.09069743190858735,0.10280305847800393
xgboost_market,market,xgboost_12,22,0.09027748287908326,0.10224187568678543
xgboost_market,market,xgboost_12,23,0.08997381062880151,0.10181366860879584
xgboost_market,market,xgboost_12,24,0.08962168855293225,0.10133071034531932
xgboost_market,market,xgboost_12,25,0.0892672578568466,0.1008811836771648
xgboost_market,market,xgboost_12,26,0.08896026682644634,0.10048711101082877
xgboost_market,market,xgboost_12,27,0.08865293927302989,0.10014244296954941
xgboost_market,market,xgboost_12,28,0.0883668183658305,0.09976366705586237
xgboost_market,market,xgboost_12,29,0.08811273413094006,0.09944020591408961
xgboost_market,market,xgboost_12,30,0.08786553918625357,0.09913075306732495
xgboost_market,market,xgboost_12,31,0.08763568149985278,0.09886185765097931
xgboost_market,market,xgboost_12,32,0.08742286442679087,0.0985737407997728
xgboost_market,market,xgboost_12,33,0.08722628041675257,0.09835278676883707
xgboost_market,market,xgboost_12,34,0.08703694862781318,0.09811924079172077
xgboost_market,market,xgboost_12,35,0.08686762307688133,0.09792283441365439
xgboost_market,market,xgboost_12,36,0.08671290034884169,0.0977299724385716
xgboost_market,market,xgboost_12,37,0.08656114988870595,0.09752187385191337
xgboost_market,market,xgboost_12,38,0.08641372305355728,0.09732073283183762
xgboost_market,market,xgboost_12,39,0.08628084894222368,0.09713180451596858
xgboost_market,market,xgboost_12,40,0.08615403120506401,0.09697679885364603
xgboost_market,market,xgboost_12,41,0.0860330685866336,0.0968703400323097
xgboost_market,market,xgboost_12,42,0.08591826162921341,0.09670188061106709
xgboost_market,market,xgboost_12,43,0.08581143428038666,0.09658821621353877
xgboost_market,market,xgboost_12,44,0.08571467374575721,0.0964853832778254
xgboost_market,market,xgboost_12,45,0.08560740900801782,0.09638256381714243
xgboost_market,market,xgboost_12,46,0.08551764422619644,0.09627751565289752
xgboost_market,market,xgboost_12,47,0.08543394774076593,0.09621113921575944
xgboost_market,market,xgboost_12,48,0.08535330079646314,0.09612371110886252
xgboost_market,market,xgboost_12,49,0.08527473629112241,0.09604044079651204
xgboost_market,market,xgboost_12,50,0.08520206309264973,0.0959701104240555
xgboost_market,market,xgboost_12,51,0.08512388583059002,0.09588467928349394
xgboost_market,market,xgboost_12,52,0.08505851879573036,0.09580682974754019
xgboost_market,market,xgboost_12,53,0.08499394156571835,0.09577117041859068
xgboost_market,market,xgboost_12,54,0.08492158462119304,0.09576120792198231
xgboost_market,market,xgboost_12,55,0.08486165040115165,0.095767830917104
xgboost_market,market,xgboost_12,56,0.08479961330940143,0.0957034888152905
xgboost_market,market,xgboost_12,57,0.08474755159336718,0.09564222595599894
xgboost_market,market,xgboost_12,58,0.084693100391555,0.0955985775648663
xgboost_market,market,xgboost_12,59,0.084640108303536,0.09554908251740125
xgboost_market,market,xgboost_12,60,0.08458533626262787,0.09551351410729805
xgboost_market,market,xgboost_12,61,0.0845445837565259,0.09547978667608781
xgboost_market,market,xgboost_12,62,0.08450003908907161,0.09541190097511902
xgboost_market,market,xgboost_12,63,0.08445287463847201,0.09539691846291708
xgboost_market,market,xgboost_12,64,0.08440742090018458,0.09534901247390777
xgboost_market,market,xgboost_12,65,0.08436829568118014,0.09534453615538203
xgboost_market,market,xgboost_12,66,0.08432693682844694,0.09531783509792915
xgboost_market,market,xgboost_12,67,0.08429131545371098,0.09529569077868752
xgboost_market,market,xgboost_12,68,0.0842480565448751,0.09530080268581982
xgboost_market,market,xgboost_12,69,0.08420765878297319,0.09530505307331162
xgboost_market,market,xgboost_12,70,0.08418114225386947,0.09528680357591636
xgboost_market,market,xgboost_12,71,0.08415308420207178,0.09526138864560404
xgboost_market,market,xgboost_12,72,0.08412702098362897,0.09525641372211971
xgboost_market,market,xgboost_12,73,0.08410271314971487,0.09523777267121522
xgboost_market,market,xgboost_12,74,0.08407517892755217,0.09522023674354874
xgboost_market,market,xgboost_12,75,0.08405295623591907,0.09520516746214493
xgboost_market,market,xgboost_12,76,0.08403257063834521,0.09519080647305887
xgboost_market,market,xgboost_12,77,0.08400930297092955,0.09517632033008977
xgboost_market,market,xgboost_12,78,0.08398619920018706,0.0951751756896402
xgboost_market,market,xgboost_12,79,0.08395566927712332,0.09517745618233431
xgboost_market,market,xgboost_12,80,0.08392647158201134,0.09517149999010634
xgboost_market,market,xgboost_12,81,0.08390008189291677,0.09516627162164394
xgboost_market,market,xgboost_12,82,0.0838862289386323,0.09516112729736542
xgboost_market,market,xgboost_12,83,0.08386766230538763,0.09515067556857168
xgboost_market,market,xgboost_12,84,0.08384761234710761,0.09513986808232695
xgboost_market,market,xgboost_12,85,0.08383278492572269,0.09514324470220199
xgboost_market,market,xgboost_12,86,0.0838188181779951,0.09512711273748736
xgboost_market,market,xgboost_12,87,0.0838019375580969,0.09512735299714915
xgboost_market,market,xgboost_12,88,0.0837764091621019,0.0951305057722832
xgboost_market,market,xgboost_12,89,0.08375613485844464,0.09512790750565732
xgboost_market,market,xgboost_12,90,0.08374242523943735,0.09512144199167957
xgboost_market,market,xgboost_12,91,0.08372619071035428,0.09509900726715441
xgboost_market,market,xgboost_12,92,0.08370726031494503,0.09510658179162962
xgboost_market,market,xgboost_12,93,0.08369576643598896,0.09510576969702365
xgboost_market,market,xgboost_12,94,0.08368228073828289,0.09512140583595456
xgboost_market,market,xgboost_12,95,0.08366345505557748,0.0951341389890157
xgboost_market,market,xgboost_12,96,0.08365157632985723,0.09512828034633987
xgboost_market,market,xgboost_12,97,0.0836342649740018,0.09513091098096962
xgboost_market,market,xgboost_12,98,0.08361973495952822,0.09512930172889811
xgboost_market,market,xgboost_12,99,0.0836090862532469,0.09512837176425674
xgboost_market,market,xgboost_12,100,0.08359364024161645,0.09513356883807424
xgboost_market,market,xgboost_12,101,0.08358181923212084,0.09513828021118527
xgboost_market,market,xgboost_12,102,0.08356712298921819,0.09511010663633769
xgboost_market,market,xgboost_12,103,0.08355531517666526,0.09512476810250521
xgboost_market,market,xgboost_12,104,0.08354282581648782,0.09513558790830852
xgboost_market,market,xgboost_12,105,0.08353111435067752,0.09511579598628234
xgboost_market,market,xgboost_12,106,0.08351878541761655,0.09507985722621094
xgboost_market,market,xgboost_12,107,0.0835047174787131,0.09506023530672189
xgboost_market,market,xgboost_12,108,0.08349461560162887,0.09505727490943504
xgboost_market,market,xgboost_12,109,0.08348844266704536,0.09505287566628301
xgboost_market,market,xgboost_12,110,0.08347855348188542,0.09505279467932941
xgboost_market,market,xgboost_12,111,0.08347139567640648,0.09505116690122226
xgboost_market,market,xgboost_12,112,0.0834597028946765,0.09506167065746343
xgboost_market,market,xgboost_12,113,0.0834493315831449,0.09507591560004593
xgboost_market,market,xgboost_12,114,0.08343253975251702,0.09506773875908682
xgboost_market,market,xgboost_12,115,0.08342488203309815,0.09503740342508167
xgboost_market,market,xgboost_12,116,0.08341495328476602,0.09504155567331322
xgboost_market,market,xgboost_12,117,0.08340599182370391,0.09504540289904752
xgboost_market,market,xgboost_12,118,0.08340058646476654,0.09505412871461086
xgboost_market,market,xgboost_12,119,0.08338536913518084,0.09504479019898761
xgboost_market,market,xgboost_12,120,0.08337792456817526,0.09504052435372239
xgboost_market,market,xgboost_12,121,0.08336924843228251,0.09503634746411713
xgboost_market,market,xgboost_12,122,0.08336392736886049,0.0950345076851999
xgboost_market,market,xgboost_12,123,0.08335237856727884,0.09501988563144037
xgboost_market,market,xgboost_12,124,0.08334600506837535,0.09501974825502979
xgboost_market,market,xgboost_12,125,0.08333736999869903,0.09502119538915187
xgboost_market,market,xgboost_12,126,0.08333031459360836,0.09501413678228134
xgboost_market,market,xgboost_12,127,0.08332381614459043,0.09502543724405403
xgboost_market,market,xgboost_12,128,0.0833110289124084,0.09503920766142487
xgboost_market,market,xgboost_12,129,0.08329939036248021,0.0950359054923214
xgboost_market,market,xgboost_12,130,0.08328958549408153,0.0950414099573722
xgboost_market,market,xgboost_12,131,0.08328118984617743,0.09505488002753776
xgboost_market,market,xgboost_12,132,0.08327783805912198,0.09505819679467442
xgboost_market,market,xgboost_12,133,0.08327026120321827,0.09505260887514784
xgboost_market,market,xgboost_12,134,0.08326403757578504,0.09505455513987607
xgboost_market,market,xgboost_12,135,0.08325796659957817,0.09505855182878024
xgboost_market,market,xgboost_12,136,0.08325143628437327,0.09506870703494658
xgboost_market,market,xgboost_12,137,0.08324708122100681,0.09507240456283124
xgboost_market,market,xgboost_12,138,0.08324200869082163,0.09507065238126464
xgboost_market,market,xgboost_12,139,0.0832382187306801,0.09507591859258883
xgboost_market,market,xgboost_12,140,0.08322429595700251,0.09506952751847604
xgboost_market,market,xgboost_12,141,0.08321771028898711,0.09508084267280571
xgboost_market,market,xgboost_12,142,0.08321292771790127,0.0950788137006405
xgboost_market,market,xgboost_12,143,0.083206618669761,0.0950881666628583
xgboost_market,market,xgboost_12,144,0.0831967888223175,0.09509251553272917
xgboost_market,market,xgboost_12,145,0.08319199697175564,0.09509451459475972
xgboost_market,market,xgboost_12,146,0.0831836067876969,0.09510915582581626
xgboost_market,market,xgboost_12,147,0.0831790360520776,0.09511639752438668
xgboost_market,market,xgboost_12,148,0.08317146281454241,0.09514771777043828
xgboost_market,market,xgboost_12,149,0.08316465897562036,0.0951454719696041
xgboost_market,market,xgboost_12,150,0.08315530452756338,0.09514191650746268
xgboost_market,market,xgboost_12,151,0.08315089042696293,0.09514268408387173
xgboost_market,market,xgboost_12,152,0.08314189619119455,0.0951279916459947
xgboost_market,market,xgboost_12,153,0.08313315430525665,0.09512620387872917
xgboost_market,market,xgboost_12,154,0.08312758859545948,0.09513008962065053
xgboost_market,market,xgboost_12,155,0.08312305528875936,0.09512993078307772
xgboost_market,market,xgboost_12,156,0.08311849589741355,0.09513174548711557
